# FIBEN MongoDB benchmark execution log
# Created at: 2026-05-03T06:13:59.093866
# Command: run_fiben_mongo_benchmark.py --data-dir /home/hudson/Documents/framework_test/fiben/data_sf/sf10 --artifacts-dir /home/hudson/Documents/framework_test/fiben/benchmark_artifacts_dir/fiben_mongo_configurations --results-dir /home/hudson/Documents/framework_test/fiben/results/fiben_mongo_sf10 --scale-label sf10 --mongo-host 127.0.0.1 --mongo-port 27018 --mongo-username mongo --mongo-password mongo --mongo-auth-source admin --batch-size 500000 --repetitions 10 --batch-log-every 1 --force-rebuild-db --verbose
#
# data_dir: /home/hudson/Documents/framework_test/fiben/data_sf/sf10
# artifacts_dir: /home/hudson/Documents/framework_test/fiben/benchmark_artifacts_dir/fiben_mongo_configurations
# results_dir: /home/hudson/Documents/framework_test/fiben/results/fiben_mongo_sf10
# scale_label: sf10
# repetitions: 10
# row_limit: None
# batch_size: 500000

[2026-05-03 06:13:59] [INFO] Execution log file: /home/hudson/Documents/framework_test/fiben/results/fiben_mongo_sf10/execution.log
[2026-05-03 06:13:59] [INFO] Command: run_fiben_mongo_benchmark.py --data-dir /home/hudson/Documents/framework_test/fiben/data_sf/sf10 --artifacts-dir /home/hudson/Documents/framework_test/fiben/benchmark_artifacts_dir/fiben_mongo_configurations --results-dir /home/hudson/Documents/framework_test/fiben/results/fiben_mongo_sf10 --scale-label sf10 --mongo-host 127.0.0.1 --mongo-port 27018 --mongo-username mongo --mongo-password mongo --mongo-auth-source admin --batch-size 500000 --repetitions 10 --batch-log-every 1 --force-rebuild-db --verbose
[2026-05-03 06:13:59] [INFO] Selected benchmark configurations: 60
[2026-05-03 06:13:59] [INFO] Run settings: scale=sf10 row_limit=None batch_size=500000 repetitions=10 max_runs=None batch_log_every=1 log_interval_seconds=30.0
[2026-05-03 06:13:59] [INFO]   - q10_create_account_holding_and_buy_transaction__control__normalized_reference_baseline | query=Q10_CreateAccountHoldingAndBuyTransaction | group=control | pattern=normalized_reference_baseline
[2026-05-03 06:13:59] [INFO]   - q10_create_account_holding_and_buy_transaction__g2__embed_containment_children | query=Q10_CreateAccountHoldingAndBuyTransaction | group=primary | pattern=embedded_containment
[2026-05-03 06:13:59] [INFO]   - q10_create_account_holding_and_buy_transaction__g3__association_references | query=Q10_CreateAccountHoldingAndBuyTransaction | group=primary | pattern=association_references
[2026-05-03 06:13:59] [INFO]   - q10_create_account_holding_and_buy_transaction__g4__deep_nested_path | query=Q10_CreateAccountHoldingAndBuyTransaction | group=primary | pattern=deep_nested_document
[2026-05-03 06:13:59] [INFO]   - q10_create_account_holding_and_buy_transaction__g5__shared_targets_as_references | query=Q10_CreateAccountHoldingAndBuyTransaction | group=primary | pattern=shared_target_reference_strategy
[2026-05-03 06:13:59] [INFO]   - q10_create_account_holding_and_buy_transaction__g7__update_aware_references | query=Q10_CreateAccountHoldingAndBuyTransaction | group=secondary_affected | pattern=update_aware_reference_design
[2026-05-03 06:13:59] [INFO]   - q10_create_account_holding_and_buy_transaction__g9__tradeoff_benchmark_candidate | query=Q10_CreateAccountHoldingAndBuyTransaction | group=secondary_affected | pattern=benchmark_tradeoff_alternative
[2026-05-03 06:13:59] [INFO]   - q1_company_profile_ibm__control__normalized_reference_baseline | query=Q1_CompanyProfileIBM | group=control | pattern=normalized_reference_baseline
[2026-05-03 06:13:59] [INFO]   - q1_company_profile_ibm__g0__root_only | query=Q1_CompanyProfileIBM | group=primary | pattern=root_only_collection
[2026-05-03 06:13:59] [INFO]   - q2_company_with_industry_country_and_listed_securities__control__normalized_reference_baseline | query=Q2_CompanyWithIndustryCountryAndListedSecurities | group=control | pattern=normalized_reference_baseline
[2026-05-03 06:13:59] [INFO]   - q2_company_with_industry_country_and_listed_securities__g1__embed_descriptors | query=Q2_CompanyWithIndustryCountryAndListedSecurities | group=primary | pattern=embedded_descriptors
[2026-05-03 06:13:59] [INFO]   - q2_company_with_industry_country_and_listed_securities__g3__association_references | query=Q2_CompanyWithIndustryCountryAndListedSecurities | group=primary | pattern=association_references
[2026-05-03 06:13:59] [INFO]   - q2_company_with_industry_country_and_listed_securities__g5__shared_targets_as_references | query=Q2_CompanyWithIndustryCountryAndListedSecurities | group=primary | pattern=shared_target_reference_strategy
[2026-05-03 06:13:59] [INFO]   - q2_company_with_industry_country_and_listed_securities__g7__update_aware_references | query=Q2_CompanyWithIndustryCountryAndListedSecurities | group=secondary_affected | pattern=update_aware_reference_design
[2026-05-03 06:13:59] [INFO]   - q2_company_with_industry_country_and_listed_securities__g9__tradeoff_benchmark_candidate | query=Q2_CompanyWithIndustryCountryAndListedSecurities | group=secondary_affected | pattern=benchmark_tradeoff_alternative
[2026-05-03 06:13:59] [INFO]   - q3_securities_held_in_each_financial_service_account__control__normalized_reference_baseline | query=Q3_SecuritiesHeldInEachFinancialServiceAccount | group=control | pattern=normalized_reference_baseline
[2026-05-03 06:13:59] [INFO]   - q3_securities_held_in_each_financial_service_account__g2__embed_containment_children | query=Q3_SecuritiesHeldInEachFinancialServiceAccount | group=primary | pattern=embedded_containment
[2026-05-03 06:13:59] [INFO]   - q3_securities_held_in_each_financial_service_account__g3__association_references | query=Q3_SecuritiesHeldInEachFinancialServiceAccount | group=primary | pattern=association_references
[2026-05-03 06:13:59] [INFO]   - q3_securities_held_in_each_financial_service_account__g4__deep_nested_path | query=Q3_SecuritiesHeldInEachFinancialServiceAccount | group=primary | pattern=deep_nested_document
[2026-05-03 06:13:59] [INFO]   - q3_securities_held_in_each_financial_service_account__g5__shared_targets_as_references | query=Q3_SecuritiesHeldInEachFinancialServiceAccount | group=primary | pattern=shared_target_reference_strategy
[2026-05-03 06:13:59] [INFO]   - q3_securities_held_in_each_financial_service_account__g7__update_aware_references | query=Q3_SecuritiesHeldInEachFinancialServiceAccount | group=secondary_affected | pattern=update_aware_reference_design
[2026-05-03 06:13:59] [INFO]   - q3_securities_held_in_each_financial_service_account__g9__tradeoff_benchmark_candidate | query=Q3_SecuritiesHeldInEachFinancialServiceAccount | group=secondary_affected | pattern=benchmark_tradeoff_alternative
[2026-05-03 06:13:59] [INFO]   - q4_companies_reached_from_person_through_account_holding_listed_security__control__normalized_reference_baseline | query=Q4_CompaniesReachedFromPersonThroughAccountHoldingListedSecurity | group=control | pattern=normalized_reference_baseline
[2026-05-03 06:13:59] [INFO]   - q4_companies_reached_from_person_through_account_holding_listed_security__g2__embed_containment_children | query=Q4_CompaniesReachedFromPersonThroughAccountHoldingListedSecurity | group=primary | pattern=embedded_containment
[2026-05-03 06:13:59] [INFO]   - q4_companies_reached_from_person_through_account_holding_listed_security__g3__association_references | query=Q4_CompaniesReachedFromPersonThroughAccountHoldingListedSecurity | group=primary | pattern=association_references
[2026-05-03 06:13:59] [INFO]   - q4_companies_reached_from_person_through_account_holding_listed_security__g4__deep_nested_path | query=Q4_CompaniesReachedFromPersonThroughAccountHoldingListedSecurity | group=primary | pattern=deep_nested_document
[2026-05-03 06:13:59] [INFO]   - q4_companies_reached_from_person_through_account_holding_listed_security__g5__shared_targets_as_references | query=Q4_CompaniesReachedFromPersonThroughAccountHoldingListedSecurity | group=primary | pattern=shared_target_reference_strategy
[2026-05-03 06:13:59] [INFO]   - q4_companies_reached_from_person_through_account_holding_listed_security__g7__update_aware_references | query=Q4_CompaniesReachedFromPersonThroughAccountHoldingListedSecurity | group=secondary_affected | pattern=update_aware_reference_design
[2026-05-03 06:13:59] [INFO]   - q4_companies_reached_from_person_through_account_holding_listed_security__g9__tradeoff_benchmark_candidate | query=Q4_CompaniesReachedFromPersonThroughAccountHoldingListedSecurity | group=secondary_affected | pattern=benchmark_tradeoff_alternative
[2026-05-03 06:13:59] [INFO]   - q5_reports_and_metric_data_of_company__control__normalized_reference_baseline | query=Q5_ReportsAndMetricDataOfCompany | group=control | pattern=normalized_reference_baseline
[2026-05-03 06:13:59] [INFO]   - q5_reports_and_metric_data_of_company__g2__embed_containment_children | query=Q5_ReportsAndMetricDataOfCompany | group=primary | pattern=embedded_containment
[2026-05-03 06:13:59] [INFO]   - q5_reports_and_metric_data_of_company__g4__deep_nested_path | query=Q5_ReportsAndMetricDataOfCompany | group=primary | pattern=deep_nested_document
[2026-05-03 06:13:59] [INFO]   - q5_reports_and_metric_data_of_company__g9__tradeoff_benchmark_candidate | query=Q5_ReportsAndMetricDataOfCompany | group=secondary_affected | pattern=benchmark_tradeoff_alternative
[2026-05-03 06:13:59] [INFO]   - q6_tech_uslisted_securities_with_high_last_traded_value__control__normalized_reference_baseline | query=Q6_TechUSListedSecuritiesWithHighLastTradedValue | group=control | pattern=normalized_reference_baseline
[2026-05-03 06:13:59] [INFO]   - q6_tech_uslisted_securities_with_high_last_traded_value__g1__embed_descriptors | query=Q6_TechUSListedSecuritiesWithHighLastTradedValue | group=primary | pattern=embedded_descriptors
[2026-05-03 06:13:59] [INFO]   - q6_tech_uslisted_securities_with_high_last_traded_value__g3__association_references | query=Q6_TechUSListedSecuritiesWithHighLastTradedValue | group=primary | pattern=association_references
[2026-05-03 06:13:59] [INFO]   - q6_tech_uslisted_securities_with_high_last_traded_value__g5__shared_targets_as_references | query=Q6_TechUSListedSecuritiesWithHighLastTradedValue | group=primary | pattern=shared_target_reference_strategy
[2026-05-03 06:13:59] [INFO]   - q6_tech_uslisted_securities_with_high_last_traded_value__g7__update_aware_references | query=Q6_TechUSListedSecuritiesWithHighLastTradedValue | group=secondary_affected | pattern=update_aware_reference_design
[2026-05-03 06:13:59] [INFO]   - q6_tech_uslisted_securities_with_high_last_traded_value__g9__tradeoff_benchmark_candidate | query=Q6_TechUSListedSecuritiesWithHighLastTradedValue | group=secondary_affected | pattern=benchmark_tradeoff_alternative
[2026-05-03 06:13:59] [INFO]   - q7_persons_who_bought_more_ibmthan_sold__control__normalized_reference_baseline | query=Q7_PersonsWhoBoughtMoreIBMThanSold | group=control | pattern=normalized_reference_baseline
[2026-05-03 06:13:59] [INFO]   - q7_persons_who_bought_more_ibmthan_sold__g2__embed_containment_children | query=Q7_PersonsWhoBoughtMoreIBMThanSold | group=primary | pattern=embedded_containment
[2026-05-03 06:13:59] [INFO]   - q7_persons_who_bought_more_ibmthan_sold__g3__association_references | query=Q7_PersonsWhoBoughtMoreIBMThanSold | group=primary | pattern=association_references
[2026-05-03 06:13:59] [INFO]   - q7_persons_who_bought_more_ibmthan_sold__g4__deep_nested_path | query=Q7_PersonsWhoBoughtMoreIBMThanSold | group=primary | pattern=deep_nested_document
[2026-05-03 06:13:59] [INFO]   - q7_persons_who_bought_more_ibmthan_sold__g5__shared_targets_as_references | query=Q7_PersonsWhoBoughtMoreIBMThanSold | group=primary | pattern=shared_target_reference_strategy
[2026-05-03 06:13:59] [INFO]   - q7_persons_who_bought_more_ibmthan_sold__g6__materialized_query_view | query=Q7_PersonsWhoBoughtMoreIBMThanSold | group=primary | pattern=aggregation_materialized_collection
[2026-05-03 06:13:59] [INFO]   - q7_persons_who_bought_more_ibmthan_sold__g7__update_aware_references | query=Q7_PersonsWhoBoughtMoreIBMThanSold | group=secondary_affected | pattern=update_aware_reference_design
[2026-05-03 06:13:59] [INFO]   - q7_persons_who_bought_more_ibmthan_sold__g9__tradeoff_benchmark_candidate | query=Q7_PersonsWhoBoughtMoreIBMThanSold | group=secondary_affected | pattern=benchmark_tradeoff_alternative
[2026-05-03 06:13:59] [INFO]   - q8_ibmtransactions_below_average_selling_price__control__normalized_reference_baseline | query=Q8_IBMTransactionsBelowAverageSellingPrice | group=control | pattern=normalized_reference_baseline
[2026-05-03 06:13:59] [INFO]   - q8_ibmtransactions_below_average_selling_price__g3__association_references | query=Q8_IBMTransactionsBelowAverageSellingPrice | group=primary | pattern=association_references
[2026-05-03 06:13:59] [INFO]   - q8_ibmtransactions_below_average_selling_price__g5__shared_targets_as_references | query=Q8_IBMTransactionsBelowAverageSellingPrice | group=primary | pattern=shared_target_reference_strategy
[2026-05-03 06:13:59] [INFO]   - q8_ibmtransactions_below_average_selling_price__g6__materialized_query_view | query=Q8_IBMTransactionsBelowAverageSellingPrice | group=primary | pattern=aggregation_materialized_collection
[2026-05-03 06:13:59] [INFO]   - q8_ibmtransactions_below_average_selling_price__g7__update_aware_references | query=Q8_IBMTransactionsBelowAverageSellingPrice | group=secondary_affected | pattern=update_aware_reference_design
[2026-05-03 06:13:59] [INFO]   - q8_ibmtransactions_below_average_selling_price__g9__tradeoff_benchmark_candidate | query=Q8_IBMTransactionsBelowAverageSellingPrice | group=secondary_affected | pattern=benchmark_tradeoff_alternative
[2026-05-03 06:13:59] [INFO]   - q9_persons_who_bought_and_sold_same_stock__control__normalized_reference_baseline | query=Q9_PersonsWhoBoughtAndSoldSameStock | group=control | pattern=normalized_reference_baseline
[2026-05-03 06:13:59] [INFO]   - q9_persons_who_bought_and_sold_same_stock__g2__embed_containment_children | query=Q9_PersonsWhoBoughtAndSoldSameStock | group=primary | pattern=embedded_containment
[2026-05-03 06:13:59] [INFO]   - q9_persons_who_bought_and_sold_same_stock__g3__association_references | query=Q9_PersonsWhoBoughtAndSoldSameStock | group=primary | pattern=association_references
[2026-05-03 06:13:59] [INFO]   - q9_persons_who_bought_and_sold_same_stock__g4__deep_nested_path | query=Q9_PersonsWhoBoughtAndSoldSameStock | group=primary | pattern=deep_nested_document
[2026-05-03 06:13:59] [INFO]   - q9_persons_who_bought_and_sold_same_stock__g5__shared_targets_as_references | query=Q9_PersonsWhoBoughtAndSoldSameStock | group=primary | pattern=shared_target_reference_strategy
[2026-05-03 06:13:59] [INFO]   - q9_persons_who_bought_and_sold_same_stock__g7__update_aware_references | query=Q9_PersonsWhoBoughtAndSoldSameStock | group=secondary_affected | pattern=update_aware_reference_design
[2026-05-03 06:13:59] [INFO]   - q9_persons_who_bought_and_sold_same_stock__g9__tradeoff_benchmark_candidate | query=Q9_PersonsWhoBoughtAndSoldSameStock | group=secondary_affected | pattern=benchmark_tradeoff_alternative
[2026-05-03 06:13:59] [INFO] Opening DuckDB from FIBEN data directory: /home/hudson/Documents/framework_test/fiben/data_sf/sf10
[2026-05-03 06:13:59] [INFO] Creating DuckDB raw view fiben_raw_corporation from /home/hudson/Documents/framework_test/fiben/data_sf/sf10/CORPORATION.csv
[2026-05-03 06:13:59] [INFO] Creating DuckDB raw view fiben_raw_country from /home/hudson/Documents/framework_test/fiben/data_sf/sf10/COUNTRY.csv
[2026-05-03 06:13:59] [INFO] Creating DuckDB raw view fiben_raw_industrysectorclassifier from /home/hudson/Documents/framework_test/fiben/data_sf/sf10/INDUSTRYSECTORCLASSIFIER.csv
[2026-05-03 06:13:59] [INFO] Creating DuckDB raw view fiben_raw_listedsecurity from /home/hudson/Documents/framework_test/fiben/data_sf/sf10/LISTEDSECURITY.csv
[2026-05-03 06:13:59] [INFO] Creating DuckDB raw view fiben_raw_security from /home/hudson/Documents/framework_test/fiben/data_sf/sf10/SECURITY.csv
[2026-05-03 06:13:59] [INFO] Creating DuckDB raw view fiben_raw_person from /home/hudson/Documents/framework_test/fiben/data_sf/sf10/PERSON.csv
[2026-05-03 06:13:59] [INFO] Creating DuckDB raw view fiben_raw_financialserviceaccount from /home/hudson/Documents/framework_test/fiben/data_sf/sf10/FINANCIALSERVICEACCOUNT.csv
[2026-05-03 06:13:59] [INFO] Creating DuckDB raw view fiben_raw_holding from /home/hudson/Documents/framework_test/fiben/data_sf/sf10/HOLDING.csv
[2026-05-03 06:13:59] [INFO] Creating DuckDB raw view fiben_raw_securitiestransaction from /home/hudson/Documents/framework_test/fiben/data_sf/sf10/SECURITIESTRANSACTION.csv
[2026-05-03 06:13:59] [INFO] Creating DuckDB raw view fiben_raw_financialreport from /home/hudson/Documents/framework_test/fiben/data_sf/sf10/FINANCIALREPORT.csv
[2026-05-03 06:13:59] [INFO] Creating DuckDB raw view fiben_raw_elementsoffinancialreport from /home/hudson/Documents/framework_test/fiben/data_sf/sf10/ELEMENTSOFFINANCIALREPORT.csv
[2026-05-03 06:13:59] [INFO] Creating DuckDB raw view fiben_raw_elementoffinancialstatement from /home/hudson/Documents/framework_test/fiben/data_sf/sf10/ELEMENTOFFINANCIALSTATEMENT.csv
[2026-05-03 06:13:59] [INFO] Creating DuckDB raw view fiben_raw_disclosure from /home/hudson/Documents/framework_test/fiben/data_sf/sf10/DISCLOSURE.csv
[2026-05-03 06:13:59] [INFO] Creating DuckDB raw view fiben_raw_monetaryamount from /home/hudson/Documents/framework_test/fiben/data_sf/sf10/MONETARYAMOUNT.csv
[2026-05-03 06:13:59] [INFO] Building FIBEN query parameter pool
[2026-05-03 06:14:00] [INFO] Q4 parameter pool selected 20 persons with complete account-holding-security-corporation paths.
[2026-05-03 06:14:01] [INFO] FIBEN query parameter pool ready
[2026-05-03 06:14:01] [INFO] Removing Mongo database: fiben_exec_sf10
[2026-05-03 06:14:01] [INFO] === INITIALIZING NORMALIZED FIBEN DB fiben_exec_sf10 ===
[2026-05-03 06:14:01] [INFO] [materialize:corporations] start entity=Corporation
[2026-05-03 06:14:02] [INFO] [materialize:corporations] batch=1 batch_docs=23240 total_inserted=23240
[2026-05-03 06:14:02] [INFO] [materialize:corporations] completed total_inserted=23240
[2026-05-03 06:14:02] [INFO] [materialize:industries] start entity=Industry
[2026-05-03 06:14:02] [INFO] [materialize:industries] batch=1 batch_docs=452 total_inserted=452
[2026-05-03 06:14:02] [INFO] [materialize:industries] completed total_inserted=452
[2026-05-03 06:14:02] [INFO] [materialize:countries] start entity=Country
[2026-05-03 06:14:02] [INFO] [materialize:countries] batch=1 batch_docs=249 total_inserted=249
[2026-05-03 06:14:02] [INFO] [materialize:countries] completed total_inserted=249
[2026-05-03 06:14:02] [INFO] [materialize:securities] start entity=Security
[2026-05-03 06:14:02] [INFO] [materialize:securities] batch=1 batch_docs=27450 total_inserted=27450
[2026-05-03 06:14:03] [INFO] [materialize:securities] completed total_inserted=27450
[2026-05-03 06:14:03] [INFO] [materialize:listed_securities] start entity=ListedSecurity
[2026-05-03 06:14:03] [INFO] [materialize:listed_securities] batch=1 batch_docs=27450 total_inserted=27450
[2026-05-03 06:14:04] [INFO] [materialize:listed_securities] completed total_inserted=27450
[2026-05-03 06:14:04] [INFO] [materialize:persons] start entity=Person
[2026-05-03 06:14:05] [INFO] [materialize:persons] batch=1 batch_docs=50100 total_inserted=50100
[2026-05-03 06:14:05] [INFO] [materialize:persons] completed total_inserted=50100
[2026-05-03 06:14:05] [INFO] [materialize:financial_service_accounts] start entity=FinancialServiceAccount
[2026-05-03 06:14:08] [INFO] [materialize:financial_service_accounts] batch=1 batch_docs=97270 total_inserted=97270
[2026-05-03 06:14:08] [INFO] [materialize:financial_service_accounts] completed total_inserted=97270
[2026-05-03 06:14:08] [INFO] [materialize:holdings] start entity=Holding
[2026-05-03 06:14:21] [INFO] [materialize:holdings] batch=1 batch_docs=500000 total_inserted=500000
[2026-05-03 06:14:22] [INFO] [materialize:holdings] batch=2 batch_docs=34473 total_inserted=534473
[2026-05-03 06:14:28] [INFO] [materialize:holdings] completed total_inserted=534473
[2026-05-03 06:14:28] [INFO] [materialize:transactions] start entity=Transaction
[2026-05-03 06:14:43] [INFO] [materialize:transactions] batch=1 batch_docs=500000 total_inserted=500000
[2026-05-03 06:14:49] [INFO] [materialize:transactions] completed total_inserted=500000
[2026-05-03 06:14:49] [INFO] [materialize:reports] start entity=FinancialReport
[2026-05-03 06:14:50] [INFO] [materialize:reports] batch=1 batch_docs=48301 total_inserted=48301
[2026-05-03 06:14:51] [INFO] [materialize:reports] completed total_inserted=48301
[2026-05-03 06:14:51] [INFO] [materialize:report_elements] start entity=ReportElement
[2026-05-03 06:15:00] [INFO] [materialize:report_elements] batch=1 batch_docs=500000 total_inserted=500000
[2026-05-03 06:15:10] [INFO] [materialize:report_elements] batch=2 batch_docs=500000 total_inserted=1000000
[2026-05-03 06:15:19] [INFO] [materialize:report_elements] batch=3 batch_docs=500000 total_inserted=1500000
[2026-05-03 06:15:29] [INFO] [materialize:report_elements] batch=4 batch_docs=500000 total_inserted=2000000
[2026-05-03 06:15:38] [INFO] [materialize:report_elements] batch=5 batch_docs=500000 total_inserted=2500000
[2026-05-03 06:15:47] [INFO] [materialize:report_elements] batch=6 batch_docs=500000 total_inserted=3000000
[2026-05-03 06:15:56] [INFO] [materialize:report_elements] batch=7 batch_docs=500000 total_inserted=3500000
[2026-05-03 06:16:06] [INFO] [materialize:report_elements] batch=8 batch_docs=500000 total_inserted=4000000
[2026-05-03 06:16:15] [INFO] [materialize:report_elements] batch=9 batch_docs=500000 total_inserted=4500000
[2026-05-03 06:16:24] [INFO] [materialize:report_elements] batch=10 batch_docs=500000 total_inserted=5000000
[2026-05-03 06:16:33] [INFO] [materialize:report_elements] batch=11 batch_docs=500000 total_inserted=5500000
[2026-05-03 06:16:42] [INFO] [materialize:report_elements] batch=12 batch_docs=500000 total_inserted=6000000
[2026-05-03 06:16:51] [INFO] [materialize:report_elements] batch=13 batch_docs=500000 total_inserted=6500000
[2026-05-03 06:17:00] [INFO] [materialize:report_elements] batch=14 batch_docs=500000 total_inserted=7000000
[2026-05-03 06:17:09] [INFO] [materialize:report_elements] batch=15 batch_docs=500000 total_inserted=7500000
[2026-05-03 06:17:18] [INFO] [materialize:report_elements] batch=16 batch_docs=500000 total_inserted=8000000
[2026-05-03 06:17:21] [INFO] [materialize:report_elements] batch=17 batch_docs=120084 total_inserted=8120084
[2026-05-03 06:18:19] [INFO] [materialize:report_elements] completed total_inserted=8120084
[2026-05-03 06:18:19] [INFO] [materialize:statement_elements] start entity=StatementElement
[2026-05-03 06:18:34] [INFO] [materialize:statement_elements] batch=1 batch_docs=431426 total_inserted=431426
[2026-05-03 06:18:36] [INFO] [materialize:statement_elements] completed total_inserted=431426
[2026-05-03 06:18:36] [INFO] [materialize:disclosures] start entity=Disclosure
[2026-05-03 06:18:43] [INFO] [materialize:disclosures] batch=1 batch_docs=208158 total_inserted=208158
[2026-05-03 06:18:44] [INFO] [materialize:disclosures] completed total_inserted=208158
[2026-05-03 06:18:44] [INFO] === NORMALIZED FIBEN DB READY fiben_exec_sf10 ===
[2026-05-03 06:18:44] [INFO] [candidate-load] start candidate=q10_create_account_holding_and_buy_transaction__control__normalized_reference_baseline collection=persons_normalized_baseline root=Person
[2026-05-03 06:18:53] [INFO] [materialize:persons_normalized_baseline] batch=1 batch_docs=50100 total_inserted=50100
[2026-05-03 06:18:54] [INFO] [candidate-load] completed candidate=q10_create_account_holding_and_buy_transaction__control__normalized_reference_baseline collection=persons_normalized_baseline total_inserted=50100
[2026-05-03 06:18:54] [INFO] [candidate-load] start candidate=q10_create_account_holding_and_buy_transaction__g2__embed_containment_children collection=persons_with_containment root=Person
[2026-05-03 06:18:58] [INFO] [materialize:persons_with_containment] batch=1 batch_docs=50100 total_inserted=50100
[2026-05-03 06:18:59] [INFO] [candidate-load] completed candidate=q10_create_account_holding_and_buy_transaction__g2__embed_containment_children collection=persons_with_containment total_inserted=50100
[2026-05-03 06:18:59] [INFO] [candidate-load] start candidate=q10_create_account_holding_and_buy_transaction__g3__association_references collection=persons_with_references root=Person
[2026-05-03 06:19:07] [INFO] [materialize:persons_with_references] batch=1 batch_docs=50100 total_inserted=50100
[2026-05-03 06:19:07] [INFO] [candidate-load] completed candidate=q10_create_account_holding_and_buy_transaction__g3__association_references collection=persons_with_references total_inserted=50100
[2026-05-03 06:19:07] [INFO] [candidate-load] start candidate=q10_create_account_holding_and_buy_transaction__g4__deep_nested_path collection=persons_deep_nested root=Person
[2026-05-03 06:19:30] [INFO] [materialize:persons_deep_nested] batch=1 batch_docs=50100 total_inserted=50100
[2026-05-03 06:19:30] [INFO] [candidate-load] completed candidate=q10_create_account_holding_and_buy_transaction__g4__deep_nested_path collection=persons_deep_nested total_inserted=50100
[2026-05-03 06:19:30] [INFO] [candidate-load] start candidate=q10_create_account_holding_and_buy_transaction__g5__shared_targets_as_references collection=persons_shared_refs root=Person
[2026-05-03 06:19:40] [INFO] [materialize:persons_shared_refs] batch=1 batch_docs=50100 total_inserted=50100
[2026-05-03 06:19:40] [INFO] [candidate-load] completed candidate=q10_create_account_holding_and_buy_transaction__g5__shared_targets_as_references collection=persons_shared_refs total_inserted=50100
[2026-05-03 06:19:40] [INFO] [candidate-load] start candidate=q10_create_account_holding_and_buy_transaction__g7__update_aware_references collection=persons_update_aware root=Person
[2026-05-03 06:19:50] [INFO] [materialize:persons_update_aware] batch=1 batch_docs=50100 total_inserted=50100
[2026-05-03 06:19:50] [INFO] [candidate-load] completed candidate=q10_create_account_holding_and_buy_transaction__g7__update_aware_references collection=persons_update_aware total_inserted=50100
[2026-05-03 06:19:50] [INFO] [candidate-load] start candidate=q10_create_account_holding_and_buy_transaction__g9__tradeoff_benchmark_candidate collection=persons_tradeoff root=Person
[2026-05-03 06:20:00] [INFO] [materialize:persons_tradeoff] batch=1 batch_docs=50100 total_inserted=50100
[2026-05-03 06:20:01] [INFO] [candidate-load] completed candidate=q10_create_account_holding_and_buy_transaction__g9__tradeoff_benchmark_candidate collection=persons_tradeoff total_inserted=50100
[2026-05-03 06:20:01] [INFO] [candidate-load] start candidate=q1_company_profile_ibm__control__normalized_reference_baseline collection=corporations_normalized_baseline root=Corporation
[2026-05-03 06:20:02] [INFO] [materialize:corporations_normalized_baseline] batch=1 batch_docs=23240 total_inserted=23240
[2026-05-03 06:20:03] [INFO] [candidate-load] completed candidate=q1_company_profile_ibm__control__normalized_reference_baseline collection=corporations_normalized_baseline total_inserted=23240
[2026-05-03 06:20:03] [INFO] [candidate-load] start candidate=q1_company_profile_ibm__g0__root_only collection=corporations root=Corporation
[2026-05-03 06:20:04] [INFO] [materialize:corporations] batch=1 batch_docs=23240 total_inserted=23240
[2026-05-03 06:20:04] [INFO] [candidate-load] completed candidate=q1_company_profile_ibm__g0__root_only collection=corporations total_inserted=23240
[2026-05-03 06:20:04] [INFO] [candidate-load] start candidate=q2_company_with_industry_country_and_listed_securities__control__normalized_reference_baseline collection=corporations_normalized_baseline root=Corporation
[2026-05-03 06:22:02] [INFO] [materialize:corporations_normalized_baseline] batch=1 batch_docs=23240 total_inserted=23240
[2026-05-03 06:22:03] [INFO] [candidate-load] completed candidate=q2_company_with_industry_country_and_listed_securities__control__normalized_reference_baseline collection=corporations_normalized_baseline total_inserted=23240
[2026-05-03 06:22:03] [INFO] [candidate-load] start candidate=q2_company_with_industry_country_and_listed_securities__g1__embed_descriptors collection=corporations_with_descriptors root=Corporation
[2026-05-03 06:22:13] [INFO] [materialize:corporations_with_descriptors] batch=1 batch_docs=23240 total_inserted=23240
[2026-05-03 06:22:13] [INFO] [candidate-load] completed candidate=q2_company_with_industry_country_and_listed_securities__g1__embed_descriptors collection=corporations_with_descriptors total_inserted=23240
[2026-05-03 06:22:13] [INFO] [candidate-load] start candidate=q2_company_with_industry_country_and_listed_securities__g3__association_references collection=corporations_with_references root=Corporation
[2026-05-03 06:23:49] [INFO] [materialize:corporations_with_references] batch=1 batch_docs=23240 total_inserted=23240
[2026-05-03 06:23:50] [INFO] [candidate-load] completed candidate=q2_company_with_industry_country_and_listed_securities__g3__association_references collection=corporations_with_references total_inserted=23240
[2026-05-03 06:23:50] [INFO] [candidate-load] start candidate=q2_company_with_industry_country_and_listed_securities__g5__shared_targets_as_references collection=corporations_shared_refs root=Corporation
[2026-05-03 06:25:37] [INFO] [materialize:corporations_shared_refs] batch=1 batch_docs=23240 total_inserted=23240
[2026-05-03 06:25:38] [INFO] [candidate-load] completed candidate=q2_company_with_industry_country_and_listed_securities__g5__shared_targets_as_references collection=corporations_shared_refs total_inserted=23240
[2026-05-03 06:25:38] [INFO] [candidate-load] start candidate=q2_company_with_industry_country_and_listed_securities__g7__update_aware_references collection=corporations_update_aware root=Corporation
[2026-05-03 06:27:32] [INFO] [materialize:corporations_update_aware] batch=1 batch_docs=23240 total_inserted=23240
[2026-05-03 06:27:32] [INFO] [candidate-load] completed candidate=q2_company_with_industry_country_and_listed_securities__g7__update_aware_references collection=corporations_update_aware total_inserted=23240
[2026-05-03 06:27:32] [INFO] [candidate-load] start candidate=q2_company_with_industry_country_and_listed_securities__g9__tradeoff_benchmark_candidate collection=corporations_tradeoff root=Corporation
[2026-05-03 06:29:18] [INFO] [materialize:corporations_tradeoff] batch=1 batch_docs=23240 total_inserted=23240
[2026-05-03 06:29:18] [INFO] [candidate-load] completed candidate=q2_company_with_industry_country_and_listed_securities__g9__tradeoff_benchmark_candidate collection=corporations_tradeoff total_inserted=23240
[2026-05-03 06:29:18] [INFO] [candidate-load] start candidate=q3_securities_held_in_each_financial_service_account__control__normalized_reference_baseline collection=financial_service_accounts_normalized_baseline root=FinancialServiceAccount
[2026-05-03 06:29:45] [INFO] [materialize:financial_service_accounts_normalized_baseline] batch=1 batch_docs=97270 total_inserted=97270
[2026-05-03 06:29:46] [INFO] [candidate-load] completed candidate=q3_securities_held_in_each_financial_service_account__control__normalized_reference_baseline collection=financial_service_accounts_normalized_baseline total_inserted=97270
[2026-05-03 06:29:46] [INFO] [candidate-load] start candidate=q3_securities_held_in_each_financial_service_account__g2__embed_containment_children collection=financial_service_accounts_with_containment root=FinancialServiceAccount
[2026-05-03 06:31:30] [INFO] [materialize:financial_service_accounts_with_containment] batch=1 batch_docs=97270 total_inserted=97270
[2026-05-03 06:31:31] [INFO] [candidate-load] completed candidate=q3_securities_held_in_each_financial_service_account__g2__embed_containment_children collection=financial_service_accounts_with_containment total_inserted=97270
[2026-05-03 06:31:31] [INFO] [candidate-load] start candidate=q3_securities_held_in_each_financial_service_account__g3__association_references collection=financial_service_accounts_with_references root=FinancialServiceAccount
[2026-05-03 06:31:39] [INFO] [materialize:financial_service_accounts_with_references] batch=1 batch_docs=97270 total_inserted=97270
[2026-05-03 06:31:40] [INFO] [candidate-load] completed candidate=q3_securities_held_in_each_financial_service_account__g3__association_references collection=financial_service_accounts_with_references total_inserted=97270
[2026-05-03 06:31:40] [INFO] [candidate-load] start candidate=q3_securities_held_in_each_financial_service_account__g4__deep_nested_path collection=financial_service_accounts_deep_nested root=FinancialServiceAccount
[2026-05-03 06:33:09] [INFO] [materialize:financial_service_accounts_deep_nested] batch=1 batch_docs=97270 total_inserted=97270
[2026-05-03 06:33:10] [INFO] [candidate-load] completed candidate=q3_securities_held_in_each_financial_service_account__g4__deep_nested_path collection=financial_service_accounts_deep_nested total_inserted=97270
[2026-05-03 06:33:10] [INFO] [candidate-load] start candidate=q3_securities_held_in_each_financial_service_account__g5__shared_targets_as_references collection=financial_service_accounts_shared_refs root=FinancialServiceAccount
[2026-05-03 06:33:26] [INFO] [materialize:financial_service_accounts_shared_refs] batch=1 batch_docs=97270 total_inserted=97270
[2026-05-03 06:33:27] [INFO] [candidate-load] completed candidate=q3_securities_held_in_each_financial_service_account__g5__shared_targets_as_references collection=financial_service_accounts_shared_refs total_inserted=97270
[2026-05-03 06:33:27] [INFO] [candidate-load] start candidate=q3_securities_held_in_each_financial_service_account__g7__update_aware_references collection=financial_service_accounts_update_aware root=FinancialServiceAccount
[2026-05-03 06:33:48] [INFO] [materialize:financial_service_accounts_update_aware] batch=1 batch_docs=97270 total_inserted=97270
[2026-05-03 06:33:49] [INFO] [candidate-load] completed candidate=q3_securities_held_in_each_financial_service_account__g7__update_aware_references collection=financial_service_accounts_update_aware total_inserted=97270
[2026-05-03 06:33:49] [INFO] [candidate-load] start candidate=q3_securities_held_in_each_financial_service_account__g9__tradeoff_benchmark_candidate collection=financial_service_accounts_tradeoff root=FinancialServiceAccount
[2026-05-03 06:34:17] [INFO] [materialize:financial_service_accounts_tradeoff] batch=1 batch_docs=97270 total_inserted=97270
[2026-05-03 06:34:18] [INFO] [candidate-load] completed candidate=q3_securities_held_in_each_financial_service_account__g9__tradeoff_benchmark_candidate collection=financial_service_accounts_tradeoff total_inserted=97270
[2026-05-03 06:34:18] [INFO] [candidate-load] start candidate=q4_companies_reached_from_person_through_account_holding_listed_security__control__normalized_reference_baseline collection=persons_normalized_baseline root=Person
[2026-05-03 06:34:27] [INFO] [materialize:persons_normalized_baseline] batch=1 batch_docs=50100 total_inserted=50100
[2026-05-03 06:34:28] [INFO] [candidate-load] completed candidate=q4_companies_reached_from_person_through_account_holding_listed_security__control__normalized_reference_baseline collection=persons_normalized_baseline total_inserted=50100
[2026-05-03 06:34:28] [INFO] [candidate-load] start candidate=q4_companies_reached_from_person_through_account_holding_listed_security__g2__embed_containment_children collection=persons_with_containment root=Person
[2026-05-03 06:34:32] [INFO] [materialize:persons_with_containment] batch=1 batch_docs=50100 total_inserted=50100
[2026-05-03 06:34:32] [INFO] [candidate-load] completed candidate=q4_companies_reached_from_person_through_account_holding_listed_security__g2__embed_containment_children collection=persons_with_containment total_inserted=50100
[2026-05-03 06:34:32] [INFO] [candidate-load] start candidate=q4_companies_reached_from_person_through_account_holding_listed_security__g3__association_references collection=persons_with_references root=Person
[2026-05-03 06:34:40] [INFO] [materialize:persons_with_references] batch=1 batch_docs=50100 total_inserted=50100
[2026-05-03 06:34:41] [INFO] [candidate-load] completed candidate=q4_companies_reached_from_person_through_account_holding_listed_security__g3__association_references collection=persons_with_references total_inserted=50100
[2026-05-03 06:34:41] [INFO] [candidate-load] start candidate=q4_companies_reached_from_person_through_account_holding_listed_security__g4__deep_nested_path collection=persons_deep_nested root=Person
[2026-05-03 06:35:04] [INFO] [materialize:persons_deep_nested] batch=1 batch_docs=50100 total_inserted=50100
[2026-05-03 06:35:05] [INFO] [candidate-load] completed candidate=q4_companies_reached_from_person_through_account_holding_listed_security__g4__deep_nested_path collection=persons_deep_nested total_inserted=50100
[2026-05-03 06:35:05] [INFO] [candidate-load] start candidate=q4_companies_reached_from_person_through_account_holding_listed_security__g5__shared_targets_as_references collection=persons_shared_refs root=Person
[2026-05-03 06:35:14] [INFO] [materialize:persons_shared_refs] batch=1 batch_docs=50100 total_inserted=50100
[2026-05-03 06:35:14] [INFO] [candidate-load] completed candidate=q4_companies_reached_from_person_through_account_holding_listed_security__g5__shared_targets_as_references collection=persons_shared_refs total_inserted=50100
[2026-05-03 06:35:14] [INFO] [candidate-load] start candidate=q4_companies_reached_from_person_through_account_holding_listed_security__g7__update_aware_references collection=persons_update_aware root=Person
[2026-05-03 06:35:23] [INFO] [materialize:persons_update_aware] batch=1 batch_docs=50100 total_inserted=50100
[2026-05-03 06:35:24] [INFO] [candidate-load] completed candidate=q4_companies_reached_from_person_through_account_holding_listed_security__g7__update_aware_references collection=persons_update_aware total_inserted=50100
[2026-05-03 06:35:24] [INFO] [candidate-load] start candidate=q4_companies_reached_from_person_through_account_holding_listed_security__g9__tradeoff_benchmark_candidate collection=persons_tradeoff root=Person
[2026-05-03 06:35:33] [INFO] [materialize:persons_tradeoff] batch=1 batch_docs=50100 total_inserted=50100
[2026-05-03 06:35:34] [INFO] [candidate-load] completed candidate=q4_companies_reached_from_person_through_account_holding_listed_security__g9__tradeoff_benchmark_candidate collection=persons_tradeoff total_inserted=50100
[2026-05-03 06:35:34] [INFO] [candidate-load] start candidate=q5_reports_and_metric_data_of_company__control__normalized_reference_baseline collection=corporations_normalized_baseline root=Corporation
[2026-05-03 06:35:50] [INFO] [materialize:corporations_normalized_baseline] batch=1 batch_docs=23240 total_inserted=23240
[2026-05-03 06:35:51] [INFO] [candidate-load] completed candidate=q5_reports_and_metric_data_of_company__control__normalized_reference_baseline collection=corporations_normalized_baseline total_inserted=23240
[2026-05-03 06:35:51] [INFO] [candidate-load] start candidate=q5_reports_and_metric_data_of_company__g2__embed_containment_children collection=corporations_with_containment root=Corporation
[2026-05-03 06:37:20] [INFO] [materialize:corporations_with_containment] batch=1 batch_docs=23240 total_inserted=23240
[2026-05-03 06:37:20] [INFO] [candidate-load] completed candidate=q5_reports_and_metric_data_of_company__g2__embed_containment_children collection=corporations_with_containment total_inserted=23240
[2026-05-03 06:37:20] [INFO] [candidate-load] start candidate=q5_reports_and_metric_data_of_company__g4__deep_nested_path collection=corporations_deep_nested root=Corporation
[2026-05-03 06:38:50] [INFO] [materialize:corporations_deep_nested] batch=1 batch_docs=23240 total_inserted=23240
[2026-05-03 06:38:50] [INFO] [candidate-load] completed candidate=q5_reports_and_metric_data_of_company__g4__deep_nested_path collection=corporations_deep_nested total_inserted=23240
[2026-05-03 06:38:50] [INFO] [candidate-load] start candidate=q5_reports_and_metric_data_of_company__g9__tradeoff_benchmark_candidate collection=corporations_tradeoff root=Corporation
[2026-05-03 06:39:08] [INFO] [materialize:corporations_tradeoff] batch=1 batch_docs=23240 total_inserted=23240
[2026-05-03 06:39:08] [INFO] [candidate-load] completed candidate=q5_reports_and_metric_data_of_company__g9__tradeoff_benchmark_candidate collection=corporations_tradeoff total_inserted=23240
[2026-05-03 06:39:08] [INFO] [candidate-load] start candidate=q6_tech_uslisted_securities_with_high_last_traded_value__control__normalized_reference_baseline collection=listed_securitys_normalized_baseline root=ListedSecurity
[2026-05-03 06:39:11] [INFO] [materialize:listed_securitys_normalized_baseline] batch=1 batch_docs=27450 total_inserted=27450
[2026-05-03 06:39:11] [INFO] [candidate-load] completed candidate=q6_tech_uslisted_securities_with_high_last_traded_value__control__normalized_reference_baseline collection=listed_securitys_normalized_baseline total_inserted=27450
[2026-05-03 06:39:11] [INFO] [candidate-load] start candidate=q6_tech_uslisted_securities_with_high_last_traded_value__g1__embed_descriptors collection=listed_securitys_with_descriptors root=ListedSecurity
[2026-05-03 06:39:14] [INFO] [materialize:listed_securitys_with_descriptors] batch=1 batch_docs=27450 total_inserted=27450
[2026-05-03 06:39:14] [INFO] [candidate-load] completed candidate=q6_tech_uslisted_securities_with_high_last_traded_value__g1__embed_descriptors collection=listed_securitys_with_descriptors total_inserted=27450
[2026-05-03 06:39:14] [INFO] [candidate-load] start candidate=q6_tech_uslisted_securities_with_high_last_traded_value__g3__association_references collection=listed_securitys_with_references root=ListedSecurity
[2026-05-03 06:39:16] [INFO] [materialize:listed_securitys_with_references] batch=1 batch_docs=27450 total_inserted=27450
[2026-05-03 06:39:17] [INFO] [candidate-load] completed candidate=q6_tech_uslisted_securities_with_high_last_traded_value__g3__association_references collection=listed_securitys_with_references total_inserted=27450
[2026-05-03 06:39:17] [INFO] [candidate-load] start candidate=q6_tech_uslisted_securities_with_high_last_traded_value__g5__shared_targets_as_references collection=listed_securitys_shared_refs root=ListedSecurity
[2026-05-03 06:39:20] [INFO] [materialize:listed_securitys_shared_refs] batch=1 batch_docs=27450 total_inserted=27450
[2026-05-03 06:39:20] [INFO] [candidate-load] completed candidate=q6_tech_uslisted_securities_with_high_last_traded_value__g5__shared_targets_as_references collection=listed_securitys_shared_refs total_inserted=27450
[2026-05-03 06:39:20] [INFO] [candidate-load] start candidate=q6_tech_uslisted_securities_with_high_last_traded_value__g7__update_aware_references collection=listed_securitys_update_aware root=ListedSecurity
[2026-05-03 06:39:23] [INFO] [materialize:listed_securitys_update_aware] batch=1 batch_docs=27450 total_inserted=27450
[2026-05-03 06:39:24] [INFO] [candidate-load] completed candidate=q6_tech_uslisted_securities_with_high_last_traded_value__g7__update_aware_references collection=listed_securitys_update_aware total_inserted=27450
[2026-05-03 06:39:24] [INFO] [candidate-load] start candidate=q6_tech_uslisted_securities_with_high_last_traded_value__g9__tradeoff_benchmark_candidate collection=listed_securitys_tradeoff root=ListedSecurity
[2026-05-03 06:39:27] [INFO] [materialize:listed_securitys_tradeoff] batch=1 batch_docs=27450 total_inserted=27450
[2026-05-03 06:39:27] [INFO] [candidate-load] completed candidate=q6_tech_uslisted_securities_with_high_last_traded_value__g9__tradeoff_benchmark_candidate collection=listed_securitys_tradeoff total_inserted=27450
[2026-05-03 06:39:27] [INFO] [candidate-load] start candidate=q7_persons_who_bought_more_ibmthan_sold__control__normalized_reference_baseline collection=persons_normalized_baseline root=Person
[2026-05-03 06:39:37] [INFO] [materialize:persons_normalized_baseline] batch=1 batch_docs=50100 total_inserted=50100
[2026-05-03 06:39:38] [INFO] [candidate-load] completed candidate=q7_persons_who_bought_more_ibmthan_sold__control__normalized_reference_baseline collection=persons_normalized_baseline total_inserted=50100
[2026-05-03 06:39:38] [INFO] [candidate-load] start candidate=q7_persons_who_bought_more_ibmthan_sold__g2__embed_containment_children collection=persons_with_containment root=Person
[2026-05-03 06:39:42] [INFO] [materialize:persons_with_containment] batch=1 batch_docs=50100 total_inserted=50100
[2026-05-03 06:39:42] [INFO] [candidate-load] completed candidate=q7_persons_who_bought_more_ibmthan_sold__g2__embed_containment_children collection=persons_with_containment total_inserted=50100
[2026-05-03 06:39:43] [INFO] [candidate-load] start candidate=q7_persons_who_bought_more_ibmthan_sold__g3__association_references collection=persons_with_references root=Person
[2026-05-03 06:39:51] [INFO] [materialize:persons_with_references] batch=1 batch_docs=50100 total_inserted=50100
[2026-05-03 06:39:52] [INFO] [candidate-load] completed candidate=q7_persons_who_bought_more_ibmthan_sold__g3__association_references collection=persons_with_references total_inserted=50100
[2026-05-03 06:39:52] [INFO] [candidate-load] start candidate=q7_persons_who_bought_more_ibmthan_sold__g4__deep_nested_path collection=persons_deep_nested root=Person
[2026-05-03 06:40:16] [INFO] [materialize:persons_deep_nested] batch=1 batch_docs=50100 total_inserted=50100
[2026-05-03 06:40:17] [INFO] [candidate-load] completed candidate=q7_persons_who_bought_more_ibmthan_sold__g4__deep_nested_path collection=persons_deep_nested total_inserted=50100
[2026-05-03 06:40:17] [INFO] [candidate-load] start candidate=q7_persons_who_bought_more_ibmthan_sold__g5__shared_targets_as_references collection=persons_shared_refs root=Person
[2026-05-03 06:40:27] [INFO] [materialize:persons_shared_refs] batch=1 batch_docs=50100 total_inserted=50100
[2026-05-03 06:40:27] [INFO] [candidate-load] completed candidate=q7_persons_who_bought_more_ibmthan_sold__g5__shared_targets_as_references collection=persons_shared_refs total_inserted=50100
[2026-05-03 06:40:27] [INFO] [candidate-load] start candidate=q7_persons_who_bought_more_ibmthan_sold__g6__materialized_query_view collection=persons_q7_persons_who_bought_more_ibmthan_sold_materialized root=Person
[2026-05-03 06:40:51] [INFO] [materialize:persons_q7_persons_who_bought_more_ibmthan_sold_materialized] batch=1 batch_docs=50100 total_inserted=50100
[2026-05-03 06:40:51] [INFO] [candidate-load] completed candidate=q7_persons_who_bought_more_ibmthan_sold__g6__materialized_query_view collection=persons_q7_persons_who_bought_more_ibmthan_sold_materialized total_inserted=50100
[2026-05-03 06:40:51] [INFO] [candidate-load] start candidate=q7_persons_who_bought_more_ibmthan_sold__g7__update_aware_references collection=persons_update_aware root=Person
[2026-05-03 06:41:01] [INFO] [materialize:persons_update_aware] batch=1 batch_docs=50100 total_inserted=50100
[2026-05-03 06:41:02] [INFO] [candidate-load] completed candidate=q7_persons_who_bought_more_ibmthan_sold__g7__update_aware_references collection=persons_update_aware total_inserted=50100
[2026-05-03 06:41:02] [INFO] [candidate-load] start candidate=q7_persons_who_bought_more_ibmthan_sold__g9__tradeoff_benchmark_candidate collection=persons_tradeoff root=Person
[2026-05-03 06:41:12] [INFO] [materialize:persons_tradeoff] batch=1 batch_docs=50100 total_inserted=50100
[2026-05-03 06:41:13] [INFO] [candidate-load] completed candidate=q7_persons_who_bought_more_ibmthan_sold__g9__tradeoff_benchmark_candidate collection=persons_tradeoff total_inserted=50100
[2026-05-03 06:41:13] [INFO] [candidate-load] start candidate=q8_ibmtransactions_below_average_selling_price__control__normalized_reference_baseline collection=transactions_normalized_baseline root=Transaction
[2026-05-03 06:44:48] [INFO] [materialize:transactions_normalized_baseline] batch=1 batch_docs=500000 total_inserted=500000
[2026-05-03 06:44:52] [INFO] [candidate-load] completed candidate=q8_ibmtransactions_below_average_selling_price__control__normalized_reference_baseline collection=transactions_normalized_baseline total_inserted=500000
[2026-05-03 06:44:52] [INFO] [candidate-load] start candidate=q8_ibmtransactions_below_average_selling_price__g3__association_references collection=transactions_with_references root=Transaction
[2026-05-03 06:48:56] [INFO] [materialize:transactions_with_references] batch=1 batch_docs=500000 total_inserted=500000
[2026-05-03 06:48:59] [INFO] [candidate-load] completed candidate=q8_ibmtransactions_below_average_selling_price__g3__association_references collection=transactions_with_references total_inserted=500000
[2026-05-03 06:48:59] [INFO] [candidate-load] start candidate=q8_ibmtransactions_below_average_selling_price__g5__shared_targets_as_references collection=transactions_shared_refs root=Transaction
[2026-05-03 06:53:22] [INFO] [materialize:transactions_shared_refs] batch=1 batch_docs=500000 total_inserted=500000
[2026-05-03 06:53:25] [INFO] [candidate-load] completed candidate=q8_ibmtransactions_below_average_selling_price__g5__shared_targets_as_references collection=transactions_shared_refs total_inserted=500000
[2026-05-03 06:53:26] [INFO] [candidate-load] start candidate=q8_ibmtransactions_below_average_selling_price__g6__materialized_query_view collection=transactions_q8_ibmtransactions_below_average_selling_price_materialized root=Transaction
[2026-05-03 07:11:10] [INFO] [materialize:transactions_q8_ibmtransactions_below_average_selling_price_materialized] batch=1 batch_docs=500000 total_inserted=500000
[2026-05-03 07:11:14] [INFO] [candidate-load] completed candidate=q8_ibmtransactions_below_average_selling_price__g6__materialized_query_view collection=transactions_q8_ibmtransactions_below_average_selling_price_materialized total_inserted=500000
[2026-05-03 07:11:14] [INFO] [candidate-load] start candidate=q8_ibmtransactions_below_average_selling_price__g7__update_aware_references collection=transactions_update_aware root=Transaction
[2026-05-03 07:15:58] [INFO] [materialize:transactions_update_aware] batch=1 batch_docs=500000 total_inserted=500000
[2026-05-03 07:16:04] [INFO] [candidate-load] completed candidate=q8_ibmtransactions_below_average_selling_price__g7__update_aware_references collection=transactions_update_aware total_inserted=500000
[2026-05-03 07:16:04] [INFO] [candidate-load] start candidate=q8_ibmtransactions_below_average_selling_price__g9__tradeoff_benchmark_candidate collection=transactions_tradeoff root=Transaction
[2026-05-03 07:19:34] [INFO] [materialize:transactions_tradeoff] batch=1 batch_docs=500000 total_inserted=500000
[2026-05-03 07:19:38] [INFO] [candidate-load] completed candidate=q8_ibmtransactions_below_average_selling_price__g9__tradeoff_benchmark_candidate collection=transactions_tradeoff total_inserted=500000
[2026-05-03 07:19:38] [INFO] [candidate-load] start candidate=q9_persons_who_bought_and_sold_same_stock__control__normalized_reference_baseline collection=persons_normalized_baseline root=Person
[2026-05-03 07:19:48] [INFO] [materialize:persons_normalized_baseline] batch=1 batch_docs=50100 total_inserted=50100
[2026-05-03 07:19:49] [INFO] [candidate-load] completed candidate=q9_persons_who_bought_and_sold_same_stock__control__normalized_reference_baseline collection=persons_normalized_baseline total_inserted=50100
[2026-05-03 07:19:49] [INFO] [candidate-load] start candidate=q9_persons_who_bought_and_sold_same_stock__g2__embed_containment_children collection=persons_with_containment root=Person
[2026-05-03 07:19:53] [INFO] [materialize:persons_with_containment] batch=1 batch_docs=50100 total_inserted=50100
[2026-05-03 07:19:53] [INFO] [candidate-load] completed candidate=q9_persons_who_bought_and_sold_same_stock__g2__embed_containment_children collection=persons_with_containment total_inserted=50100
[2026-05-03 07:19:53] [INFO] [candidate-load] start candidate=q9_persons_who_bought_and_sold_same_stock__g3__association_references collection=persons_with_references root=Person
[2026-05-03 07:20:02] [INFO] [materialize:persons_with_references] batch=1 batch_docs=50100 total_inserted=50100
[2026-05-03 07:20:02] [INFO] [candidate-load] completed candidate=q9_persons_who_bought_and_sold_same_stock__g3__association_references collection=persons_with_references total_inserted=50100
[2026-05-03 07:20:02] [INFO] [candidate-load] start candidate=q9_persons_who_bought_and_sold_same_stock__g4__deep_nested_path collection=persons_deep_nested root=Person
[2026-05-03 07:20:25] [INFO] [materialize:persons_deep_nested] batch=1 batch_docs=50100 total_inserted=50100
[2026-05-03 07:20:26] [INFO] [candidate-load] completed candidate=q9_persons_who_bought_and_sold_same_stock__g4__deep_nested_path collection=persons_deep_nested total_inserted=50100
[2026-05-03 07:20:26] [INFO] [candidate-load] start candidate=q9_persons_who_bought_and_sold_same_stock__g5__shared_targets_as_references collection=persons_shared_refs root=Person
[2026-05-03 07:20:35] [INFO] [materialize:persons_shared_refs] batch=1 batch_docs=50100 total_inserted=50100
[2026-05-03 07:20:35] [INFO] [candidate-load] completed candidate=q9_persons_who_bought_and_sold_same_stock__g5__shared_targets_as_references collection=persons_shared_refs total_inserted=50100
[2026-05-03 07:20:35] [INFO] [candidate-load] start candidate=q9_persons_who_bought_and_sold_same_stock__g7__update_aware_references collection=persons_update_aware root=Person
[2026-05-03 07:20:44] [INFO] [materialize:persons_update_aware] batch=1 batch_docs=50100 total_inserted=50100
[2026-05-03 07:20:45] [INFO] [candidate-load] completed candidate=q9_persons_who_bought_and_sold_same_stock__g7__update_aware_references collection=persons_update_aware total_inserted=50100
[2026-05-03 07:20:45] [INFO] [candidate-load] start candidate=q9_persons_who_bought_and_sold_same_stock__g9__tradeoff_benchmark_candidate collection=persons_tradeoff root=Person
[2026-05-03 07:20:54] [INFO] [materialize:persons_tradeoff] batch=1 batch_docs=50100 total_inserted=50100
[2026-05-03 07:20:54] [INFO] [candidate-load] completed candidate=q9_persons_who_bought_and_sold_same_stock__g9__tradeoff_benchmark_candidate collection=persons_tradeoff total_inserted=50100
[2026-05-03 07:20:54] [INFO] === BENCHMARK START candidate=q10_create_account_holding_and_buy_transaction__control__normalized_reference_baseline rows=20 ===
[2026-05-03 07:20:54] [INFO] [benchmark-progress] candidate=q10_create_account_holding_and_buy_transaction__control__normalized_reference_baseline row=1/20 query=Q10_CreateAccountHoldingAndBuyTransaction group=control phase=cold rep=1
[2026-05-03 07:20:54] [INFO] [benchmark-progress] candidate=q10_create_account_holding_and_buy_transaction__control__normalized_reference_baseline row=2/20 query=Q10_CreateAccountHoldingAndBuyTransaction group=control phase=cold rep=2
[2026-05-03 07:20:54] [INFO] [benchmark-progress] candidate=q10_create_account_holding_and_buy_transaction__control__normalized_reference_baseline row=3/20 query=Q10_CreateAccountHoldingAndBuyTransaction group=control phase=cold rep=3
[2026-05-03 07:20:54] [INFO] [benchmark-progress] candidate=q10_create_account_holding_and_buy_transaction__control__normalized_reference_baseline row=4/20 query=Q10_CreateAccountHoldingAndBuyTransaction group=control phase=cold rep=4
[2026-05-03 07:20:54] [INFO] [benchmark-progress] candidate=q10_create_account_holding_and_buy_transaction__control__normalized_reference_baseline row=5/20 query=Q10_CreateAccountHoldingAndBuyTransaction group=control phase=cold rep=5
[2026-05-03 07:20:54] [INFO] [benchmark-progress] candidate=q10_create_account_holding_and_buy_transaction__control__normalized_reference_baseline row=6/20 query=Q10_CreateAccountHoldingAndBuyTransaction group=control phase=cold rep=6
[2026-05-03 07:20:54] [INFO] [benchmark-progress] candidate=q10_create_account_holding_and_buy_transaction__control__normalized_reference_baseline row=7/20 query=Q10_CreateAccountHoldingAndBuyTransaction group=control phase=cold rep=7
[2026-05-03 07:20:54] [INFO] [benchmark-progress] candidate=q10_create_account_holding_and_buy_transaction__control__normalized_reference_baseline row=8/20 query=Q10_CreateAccountHoldingAndBuyTransaction group=control phase=cold rep=8
[2026-05-03 07:20:54] [INFO] [benchmark-progress] candidate=q10_create_account_holding_and_buy_transaction__control__normalized_reference_baseline row=9/20 query=Q10_CreateAccountHoldingAndBuyTransaction group=control phase=cold rep=9
[2026-05-03 07:20:54] [INFO] [benchmark-progress] candidate=q10_create_account_holding_and_buy_transaction__control__normalized_reference_baseline row=10/20 query=Q10_CreateAccountHoldingAndBuyTransaction group=control phase=cold rep=10
[2026-05-03 07:20:54] [INFO] [benchmark-progress] candidate=q10_create_account_holding_and_buy_transaction__control__normalized_reference_baseline row=11/20 query=Q10_CreateAccountHoldingAndBuyTransaction group=control phase=hot rep=1
[2026-05-03 07:20:54] [INFO] [benchmark-progress] candidate=q10_create_account_holding_and_buy_transaction__control__normalized_reference_baseline row=12/20 query=Q10_CreateAccountHoldingAndBuyTransaction group=control phase=hot rep=2
[2026-05-03 07:20:54] [INFO] [benchmark-progress] candidate=q10_create_account_holding_and_buy_transaction__control__normalized_reference_baseline row=13/20 query=Q10_CreateAccountHoldingAndBuyTransaction group=control phase=hot rep=3
[2026-05-03 07:20:54] [INFO] [benchmark-progress] candidate=q10_create_account_holding_and_buy_transaction__control__normalized_reference_baseline row=14/20 query=Q10_CreateAccountHoldingAndBuyTransaction group=control phase=hot rep=4
[2026-05-03 07:20:54] [INFO] [benchmark-progress] candidate=q10_create_account_holding_and_buy_transaction__control__normalized_reference_baseline row=15/20 query=Q10_CreateAccountHoldingAndBuyTransaction group=control phase=hot rep=5
[2026-05-03 07:20:54] [INFO] [benchmark-progress] candidate=q10_create_account_holding_and_buy_transaction__control__normalized_reference_baseline row=16/20 query=Q10_CreateAccountHoldingAndBuyTransaction group=control phase=hot rep=6
[2026-05-03 07:20:54] [INFO] [benchmark-progress] candidate=q10_create_account_holding_and_buy_transaction__control__normalized_reference_baseline row=17/20 query=Q10_CreateAccountHoldingAndBuyTransaction group=control phase=hot rep=7
[2026-05-03 07:20:54] [INFO] [benchmark-progress] candidate=q10_create_account_holding_and_buy_transaction__control__normalized_reference_baseline row=18/20 query=Q10_CreateAccountHoldingAndBuyTransaction group=control phase=hot rep=8
[2026-05-03 07:20:54] [INFO] [benchmark-progress] candidate=q10_create_account_holding_and_buy_transaction__control__normalized_reference_baseline row=19/20 query=Q10_CreateAccountHoldingAndBuyTransaction group=control phase=hot rep=9
[2026-05-03 07:20:54] [INFO] [benchmark-progress] candidate=q10_create_account_holding_and_buy_transaction__control__normalized_reference_baseline row=20/20 query=Q10_CreateAccountHoldingAndBuyTransaction group=control phase=hot rep=10
[2026-05-03 07:20:54] [INFO] === BENCHMARK COMPLETED candidate=q10_create_account_holding_and_buy_transaction__control__normalized_reference_baseline rows=20 ===
[2026-05-03 07:20:54] [INFO] === BENCHMARK START candidate=q10_create_account_holding_and_buy_transaction__g2__embed_containment_children rows=20 ===
[2026-05-03 07:20:54] [INFO] [benchmark-progress] candidate=q10_create_account_holding_and_buy_transaction__g2__embed_containment_children row=1/20 query=Q10_CreateAccountHoldingAndBuyTransaction group=primary phase=cold rep=1
[2026-05-03 07:20:54] [INFO] [benchmark-progress] candidate=q10_create_account_holding_and_buy_transaction__g2__embed_containment_children row=2/20 query=Q10_CreateAccountHoldingAndBuyTransaction group=primary phase=cold rep=2
[2026-05-03 07:20:54] [INFO] [benchmark-progress] candidate=q10_create_account_holding_and_buy_transaction__g2__embed_containment_children row=3/20 query=Q10_CreateAccountHoldingAndBuyTransaction group=primary phase=cold rep=3
[2026-05-03 07:20:54] [INFO] [benchmark-progress] candidate=q10_create_account_holding_and_buy_transaction__g2__embed_containment_children row=4/20 query=Q10_CreateAccountHoldingAndBuyTransaction group=primary phase=cold rep=4
[2026-05-03 07:20:54] [INFO] [benchmark-progress] candidate=q10_create_account_holding_and_buy_transaction__g2__embed_containment_children row=5/20 query=Q10_CreateAccountHoldingAndBuyTransaction group=primary phase=cold rep=5
[2026-05-03 07:20:54] [INFO] [benchmark-progress] candidate=q10_create_account_holding_and_buy_transaction__g2__embed_containment_children row=6/20 query=Q10_CreateAccountHoldingAndBuyTransaction group=primary phase=cold rep=6
[2026-05-03 07:20:54] [INFO] [benchmark-progress] candidate=q10_create_account_holding_and_buy_transaction__g2__embed_containment_children row=7/20 query=Q10_CreateAccountHoldingAndBuyTransaction group=primary phase=cold rep=7
[2026-05-03 07:20:54] [INFO] [benchmark-progress] candidate=q10_create_account_holding_and_buy_transaction__g2__embed_containment_children row=8/20 query=Q10_CreateAccountHoldingAndBuyTransaction group=primary phase=cold rep=8
[2026-05-03 07:20:54] [INFO] [benchmark-progress] candidate=q10_create_account_holding_and_buy_transaction__g2__embed_containment_children row=9/20 query=Q10_CreateAccountHoldingAndBuyTransaction group=primary phase=cold rep=9
[2026-05-03 07:20:54] [INFO] [benchmark-progress] candidate=q10_create_account_holding_and_buy_transaction__g2__embed_containment_children row=10/20 query=Q10_CreateAccountHoldingAndBuyTransaction group=primary phase=cold rep=10
[2026-05-03 07:20:54] [INFO] [benchmark-progress] candidate=q10_create_account_holding_and_buy_transaction__g2__embed_containment_children row=11/20 query=Q10_CreateAccountHoldingAndBuyTransaction group=primary phase=hot rep=1
[2026-05-03 07:20:54] [INFO] [benchmark-progress] candidate=q10_create_account_holding_and_buy_transaction__g2__embed_containment_children row=12/20 query=Q10_CreateAccountHoldingAndBuyTransaction group=primary phase=hot rep=2
[2026-05-03 07:20:54] [INFO] [benchmark-progress] candidate=q10_create_account_holding_and_buy_transaction__g2__embed_containment_children row=13/20 query=Q10_CreateAccountHoldingAndBuyTransaction group=primary phase=hot rep=3
[2026-05-03 07:20:54] [INFO] [benchmark-progress] candidate=q10_create_account_holding_and_buy_transaction__g2__embed_containment_children row=14/20 query=Q10_CreateAccountHoldingAndBuyTransaction group=primary phase=hot rep=4
[2026-05-03 07:20:54] [INFO] [benchmark-progress] candidate=q10_create_account_holding_and_buy_transaction__g2__embed_containment_children row=15/20 query=Q10_CreateAccountHoldingAndBuyTransaction group=primary phase=hot rep=5
[2026-05-03 07:20:54] [INFO] [benchmark-progress] candidate=q10_create_account_holding_and_buy_transaction__g2__embed_containment_children row=16/20 query=Q10_CreateAccountHoldingAndBuyTransaction group=primary phase=hot rep=6
[2026-05-03 07:20:54] [INFO] [benchmark-progress] candidate=q10_create_account_holding_and_buy_transaction__g2__embed_containment_children row=17/20 query=Q10_CreateAccountHoldingAndBuyTransaction group=primary phase=hot rep=7
[2026-05-03 07:20:54] [INFO] [benchmark-progress] candidate=q10_create_account_holding_and_buy_transaction__g2__embed_containment_children row=18/20 query=Q10_CreateAccountHoldingAndBuyTransaction group=primary phase=hot rep=8
[2026-05-03 07:20:54] [INFO] [benchmark-progress] candidate=q10_create_account_holding_and_buy_transaction__g2__embed_containment_children row=19/20 query=Q10_CreateAccountHoldingAndBuyTransaction group=primary phase=hot rep=9
[2026-05-03 07:20:54] [INFO] [benchmark-progress] candidate=q10_create_account_holding_and_buy_transaction__g2__embed_containment_children row=20/20 query=Q10_CreateAccountHoldingAndBuyTransaction group=primary phase=hot rep=10
[2026-05-03 07:20:54] [INFO] === BENCHMARK COMPLETED candidate=q10_create_account_holding_and_buy_transaction__g2__embed_containment_children rows=20 ===
[2026-05-03 07:20:54] [INFO] === BENCHMARK START candidate=q10_create_account_holding_and_buy_transaction__g3__association_references rows=20 ===
[2026-05-03 07:20:54] [INFO] [benchmark-progress] candidate=q10_create_account_holding_and_buy_transaction__g3__association_references row=1/20 query=Q10_CreateAccountHoldingAndBuyTransaction group=primary phase=cold rep=1
[2026-05-03 07:20:54] [INFO] [benchmark-progress] candidate=q10_create_account_holding_and_buy_transaction__g3__association_references row=2/20 query=Q10_CreateAccountHoldingAndBuyTransaction group=primary phase=cold rep=2
[2026-05-03 07:20:54] [INFO] [benchmark-progress] candidate=q10_create_account_holding_and_buy_transaction__g3__association_references row=3/20 query=Q10_CreateAccountHoldingAndBuyTransaction group=primary phase=cold rep=3
[2026-05-03 07:20:54] [INFO] [benchmark-progress] candidate=q10_create_account_holding_and_buy_transaction__g3__association_references row=4/20 query=Q10_CreateAccountHoldingAndBuyTransaction group=primary phase=cold rep=4
[2026-05-03 07:20:54] [INFO] [benchmark-progress] candidate=q10_create_account_holding_and_buy_transaction__g3__association_references row=5/20 query=Q10_CreateAccountHoldingAndBuyTransaction group=primary phase=cold rep=5
[2026-05-03 07:20:54] [INFO] [benchmark-progress] candidate=q10_create_account_holding_and_buy_transaction__g3__association_references row=6/20 query=Q10_CreateAccountHoldingAndBuyTransaction group=primary phase=cold rep=6
[2026-05-03 07:20:54] [INFO] [benchmark-progress] candidate=q10_create_account_holding_and_buy_transaction__g3__association_references row=7/20 query=Q10_CreateAccountHoldingAndBuyTransaction group=primary phase=cold rep=7
[2026-05-03 07:20:54] [INFO] [benchmark-progress] candidate=q10_create_account_holding_and_buy_transaction__g3__association_references row=8/20 query=Q10_CreateAccountHoldingAndBuyTransaction group=primary phase=cold rep=8
[2026-05-03 07:20:54] [INFO] [benchmark-progress] candidate=q10_create_account_holding_and_buy_transaction__g3__association_references row=9/20 query=Q10_CreateAccountHoldingAndBuyTransaction group=primary phase=cold rep=9
[2026-05-03 07:20:54] [INFO] [benchmark-progress] candidate=q10_create_account_holding_and_buy_transaction__g3__association_references row=10/20 query=Q10_CreateAccountHoldingAndBuyTransaction group=primary phase=cold rep=10
[2026-05-03 07:20:54] [INFO] [benchmark-progress] candidate=q10_create_account_holding_and_buy_transaction__g3__association_references row=11/20 query=Q10_CreateAccountHoldingAndBuyTransaction group=primary phase=hot rep=1
[2026-05-03 07:20:54] [INFO] [benchmark-progress] candidate=q10_create_account_holding_and_buy_transaction__g3__association_references row=12/20 query=Q10_CreateAccountHoldingAndBuyTransaction group=primary phase=hot rep=2
[2026-05-03 07:20:54] [INFO] [benchmark-progress] candidate=q10_create_account_holding_and_buy_transaction__g3__association_references row=13/20 query=Q10_CreateAccountHoldingAndBuyTransaction group=primary phase=hot rep=3
[2026-05-03 07:20:54] [INFO] [benchmark-progress] candidate=q10_create_account_holding_and_buy_transaction__g3__association_references row=14/20 query=Q10_CreateAccountHoldingAndBuyTransaction group=primary phase=hot rep=4
[2026-05-03 07:20:54] [INFO] [benchmark-progress] candidate=q10_create_account_holding_and_buy_transaction__g3__association_references row=15/20 query=Q10_CreateAccountHoldingAndBuyTransaction group=primary phase=hot rep=5
[2026-05-03 07:20:54] [INFO] [benchmark-progress] candidate=q10_create_account_holding_and_buy_transaction__g3__association_references row=16/20 query=Q10_CreateAccountHoldingAndBuyTransaction group=primary phase=hot rep=6
[2026-05-03 07:20:54] [INFO] [benchmark-progress] candidate=q10_create_account_holding_and_buy_transaction__g3__association_references row=17/20 query=Q10_CreateAccountHoldingAndBuyTransaction group=primary phase=hot rep=7
[2026-05-03 07:20:54] [INFO] [benchmark-progress] candidate=q10_create_account_holding_and_buy_transaction__g3__association_references row=18/20 query=Q10_CreateAccountHoldingAndBuyTransaction group=primary phase=hot rep=8
[2026-05-03 07:20:54] [INFO] [benchmark-progress] candidate=q10_create_account_holding_and_buy_transaction__g3__association_references row=19/20 query=Q10_CreateAccountHoldingAndBuyTransaction group=primary phase=hot rep=9
[2026-05-03 07:20:54] [INFO] [benchmark-progress] candidate=q10_create_account_holding_and_buy_transaction__g3__association_references row=20/20 query=Q10_CreateAccountHoldingAndBuyTransaction group=primary phase=hot rep=10
[2026-05-03 07:20:54] [INFO] === BENCHMARK COMPLETED candidate=q10_create_account_holding_and_buy_transaction__g3__association_references rows=20 ===
[2026-05-03 07:20:54] [INFO] === BENCHMARK START candidate=q10_create_account_holding_and_buy_transaction__g4__deep_nested_path rows=20 ===
[2026-05-03 07:20:54] [INFO] [benchmark-progress] candidate=q10_create_account_holding_and_buy_transaction__g4__deep_nested_path row=1/20 query=Q10_CreateAccountHoldingAndBuyTransaction group=primary phase=cold rep=1
[2026-05-03 07:20:54] [INFO] [benchmark-progress] candidate=q10_create_account_holding_and_buy_transaction__g4__deep_nested_path row=2/20 query=Q10_CreateAccountHoldingAndBuyTransaction group=primary phase=cold rep=2
[2026-05-03 07:20:54] [INFO] [benchmark-progress] candidate=q10_create_account_holding_and_buy_transaction__g4__deep_nested_path row=3/20 query=Q10_CreateAccountHoldingAndBuyTransaction group=primary phase=cold rep=3
[2026-05-03 07:20:54] [INFO] [benchmark-progress] candidate=q10_create_account_holding_and_buy_transaction__g4__deep_nested_path row=4/20 query=Q10_CreateAccountHoldingAndBuyTransaction group=primary phase=cold rep=4
[2026-05-03 07:20:54] [INFO] [benchmark-progress] candidate=q10_create_account_holding_and_buy_transaction__g4__deep_nested_path row=5/20 query=Q10_CreateAccountHoldingAndBuyTransaction group=primary phase=cold rep=5
[2026-05-03 07:20:54] [INFO] [benchmark-progress] candidate=q10_create_account_holding_and_buy_transaction__g4__deep_nested_path row=6/20 query=Q10_CreateAccountHoldingAndBuyTransaction group=primary phase=cold rep=6
[2026-05-03 07:20:54] [INFO] [benchmark-progress] candidate=q10_create_account_holding_and_buy_transaction__g4__deep_nested_path row=7/20 query=Q10_CreateAccountHoldingAndBuyTransaction group=primary phase=cold rep=7
[2026-05-03 07:20:54] [INFO] [benchmark-progress] candidate=q10_create_account_holding_and_buy_transaction__g4__deep_nested_path row=8/20 query=Q10_CreateAccountHoldingAndBuyTransaction group=primary phase=cold rep=8
[2026-05-03 07:20:54] [INFO] [benchmark-progress] candidate=q10_create_account_holding_and_buy_transaction__g4__deep_nested_path row=9/20 query=Q10_CreateAccountHoldingAndBuyTransaction group=primary phase=cold rep=9
[2026-05-03 07:20:54] [INFO] [benchmark-progress] candidate=q10_create_account_holding_and_buy_transaction__g4__deep_nested_path row=10/20 query=Q10_CreateAccountHoldingAndBuyTransaction group=primary phase=cold rep=10
[2026-05-03 07:20:54] [INFO] [benchmark-progress] candidate=q10_create_account_holding_and_buy_transaction__g4__deep_nested_path row=11/20 query=Q10_CreateAccountHoldingAndBuyTransaction group=primary phase=hot rep=1
[2026-05-03 07:20:54] [INFO] [benchmark-progress] candidate=q10_create_account_holding_and_buy_transaction__g4__deep_nested_path row=12/20 query=Q10_CreateAccountHoldingAndBuyTransaction group=primary phase=hot rep=2
[2026-05-03 07:20:54] [INFO] [benchmark-progress] candidate=q10_create_account_holding_and_buy_transaction__g4__deep_nested_path row=13/20 query=Q10_CreateAccountHoldingAndBuyTransaction group=primary phase=hot rep=3
[2026-05-03 07:20:54] [INFO] [benchmark-progress] candidate=q10_create_account_holding_and_buy_transaction__g4__deep_nested_path row=14/20 query=Q10_CreateAccountHoldingAndBuyTransaction group=primary phase=hot rep=4
[2026-05-03 07:20:54] [INFO] [benchmark-progress] candidate=q10_create_account_holding_and_buy_transaction__g4__deep_nested_path row=15/20 query=Q10_CreateAccountHoldingAndBuyTransaction group=primary phase=hot rep=5
[2026-05-03 07:20:54] [INFO] [benchmark-progress] candidate=q10_create_account_holding_and_buy_transaction__g4__deep_nested_path row=16/20 query=Q10_CreateAccountHoldingAndBuyTransaction group=primary phase=hot rep=6
[2026-05-03 07:20:54] [INFO] [benchmark-progress] candidate=q10_create_account_holding_and_buy_transaction__g4__deep_nested_path row=17/20 query=Q10_CreateAccountHoldingAndBuyTransaction group=primary phase=hot rep=7
[2026-05-03 07:20:54] [INFO] [benchmark-progress] candidate=q10_create_account_holding_and_buy_transaction__g4__deep_nested_path row=18/20 query=Q10_CreateAccountHoldingAndBuyTransaction group=primary phase=hot rep=8
[2026-05-03 07:20:54] [INFO] [benchmark-progress] candidate=q10_create_account_holding_and_buy_transaction__g4__deep_nested_path row=19/20 query=Q10_CreateAccountHoldingAndBuyTransaction group=primary phase=hot rep=9
[2026-05-03 07:20:54] [INFO] [benchmark-progress] candidate=q10_create_account_holding_and_buy_transaction__g4__deep_nested_path row=20/20 query=Q10_CreateAccountHoldingAndBuyTransaction group=primary phase=hot rep=10
[2026-05-03 07:20:54] [INFO] === BENCHMARK COMPLETED candidate=q10_create_account_holding_and_buy_transaction__g4__deep_nested_path rows=20 ===
[2026-05-03 07:20:54] [INFO] === BENCHMARK START candidate=q10_create_account_holding_and_buy_transaction__g5__shared_targets_as_references rows=20 ===
[2026-05-03 07:20:54] [INFO] [benchmark-progress] candidate=q10_create_account_holding_and_buy_transaction__g5__shared_targets_as_references row=1/20 query=Q10_CreateAccountHoldingAndBuyTransaction group=primary phase=cold rep=1
[2026-05-03 07:20:54] [INFO] [benchmark-progress] candidate=q10_create_account_holding_and_buy_transaction__g5__shared_targets_as_references row=2/20 query=Q10_CreateAccountHoldingAndBuyTransaction group=primary phase=cold rep=2
[2026-05-03 07:20:54] [INFO] [benchmark-progress] candidate=q10_create_account_holding_and_buy_transaction__g5__shared_targets_as_references row=3/20 query=Q10_CreateAccountHoldingAndBuyTransaction group=primary phase=cold rep=3
[2026-05-03 07:20:54] [INFO] [benchmark-progress] candidate=q10_create_account_holding_and_buy_transaction__g5__shared_targets_as_references row=4/20 query=Q10_CreateAccountHoldingAndBuyTransaction group=primary phase=cold rep=4
[2026-05-03 07:20:54] [INFO] [benchmark-progress] candidate=q10_create_account_holding_and_buy_transaction__g5__shared_targets_as_references row=5/20 query=Q10_CreateAccountHoldingAndBuyTransaction group=primary phase=cold rep=5
[2026-05-03 07:20:54] [INFO] [benchmark-progress] candidate=q10_create_account_holding_and_buy_transaction__g5__shared_targets_as_references row=6/20 query=Q10_CreateAccountHoldingAndBuyTransaction group=primary phase=cold rep=6
[2026-05-03 07:20:54] [INFO] [benchmark-progress] candidate=q10_create_account_holding_and_buy_transaction__g5__shared_targets_as_references row=7/20 query=Q10_CreateAccountHoldingAndBuyTransaction group=primary phase=cold rep=7
[2026-05-03 07:20:54] [INFO] [benchmark-progress] candidate=q10_create_account_holding_and_buy_transaction__g5__shared_targets_as_references row=8/20 query=Q10_CreateAccountHoldingAndBuyTransaction group=primary phase=cold rep=8
[2026-05-03 07:20:54] [INFO] [benchmark-progress] candidate=q10_create_account_holding_and_buy_transaction__g5__shared_targets_as_references row=9/20 query=Q10_CreateAccountHoldingAndBuyTransaction group=primary phase=cold rep=9
[2026-05-03 07:20:54] [INFO] [benchmark-progress] candidate=q10_create_account_holding_and_buy_transaction__g5__shared_targets_as_references row=10/20 query=Q10_CreateAccountHoldingAndBuyTransaction group=primary phase=cold rep=10
[2026-05-03 07:20:54] [INFO] [benchmark-progress] candidate=q10_create_account_holding_and_buy_transaction__g5__shared_targets_as_references row=11/20 query=Q10_CreateAccountHoldingAndBuyTransaction group=primary phase=hot rep=1
[2026-05-03 07:20:54] [INFO] [benchmark-progress] candidate=q10_create_account_holding_and_buy_transaction__g5__shared_targets_as_references row=12/20 query=Q10_CreateAccountHoldingAndBuyTransaction group=primary phase=hot rep=2
[2026-05-03 07:20:54] [INFO] [benchmark-progress] candidate=q10_create_account_holding_and_buy_transaction__g5__shared_targets_as_references row=13/20 query=Q10_CreateAccountHoldingAndBuyTransaction group=primary phase=hot rep=3
[2026-05-03 07:20:54] [INFO] [benchmark-progress] candidate=q10_create_account_holding_and_buy_transaction__g5__shared_targets_as_references row=14/20 query=Q10_CreateAccountHoldingAndBuyTransaction group=primary phase=hot rep=4
[2026-05-03 07:20:55] [INFO] [benchmark-progress] candidate=q10_create_account_holding_and_buy_transaction__g5__shared_targets_as_references row=15/20 query=Q10_CreateAccountHoldingAndBuyTransaction group=primary phase=hot rep=5
[2026-05-03 07:20:55] [INFO] [benchmark-progress] candidate=q10_create_account_holding_and_buy_transaction__g5__shared_targets_as_references row=16/20 query=Q10_CreateAccountHoldingAndBuyTransaction group=primary phase=hot rep=6
[2026-05-03 07:20:55] [INFO] [benchmark-progress] candidate=q10_create_account_holding_and_buy_transaction__g5__shared_targets_as_references row=17/20 query=Q10_CreateAccountHoldingAndBuyTransaction group=primary phase=hot rep=7
[2026-05-03 07:20:55] [INFO] [benchmark-progress] candidate=q10_create_account_holding_and_buy_transaction__g5__shared_targets_as_references row=18/20 query=Q10_CreateAccountHoldingAndBuyTransaction group=primary phase=hot rep=8
[2026-05-03 07:20:55] [INFO] [benchmark-progress] candidate=q10_create_account_holding_and_buy_transaction__g5__shared_targets_as_references row=19/20 query=Q10_CreateAccountHoldingAndBuyTransaction group=primary phase=hot rep=9
[2026-05-03 07:20:55] [INFO] [benchmark-progress] candidate=q10_create_account_holding_and_buy_transaction__g5__shared_targets_as_references row=20/20 query=Q10_CreateAccountHoldingAndBuyTransaction group=primary phase=hot rep=10
[2026-05-03 07:20:55] [INFO] === BENCHMARK COMPLETED candidate=q10_create_account_holding_and_buy_transaction__g5__shared_targets_as_references rows=20 ===
[2026-05-03 07:20:55] [INFO] === BENCHMARK START candidate=q10_create_account_holding_and_buy_transaction__g7__update_aware_references rows=20 ===
[2026-05-03 07:20:55] [INFO] [benchmark-progress] candidate=q10_create_account_holding_and_buy_transaction__g7__update_aware_references row=1/20 query=Q10_CreateAccountHoldingAndBuyTransaction group=secondary_affected phase=cold rep=1
[2026-05-03 07:20:55] [INFO] [benchmark-progress] candidate=q10_create_account_holding_and_buy_transaction__g7__update_aware_references row=2/20 query=Q10_CreateAccountHoldingAndBuyTransaction group=secondary_affected phase=cold rep=2
[2026-05-03 07:20:55] [INFO] [benchmark-progress] candidate=q10_create_account_holding_and_buy_transaction__g7__update_aware_references row=3/20 query=Q10_CreateAccountHoldingAndBuyTransaction group=secondary_affected phase=cold rep=3
[2026-05-03 07:20:55] [INFO] [benchmark-progress] candidate=q10_create_account_holding_and_buy_transaction__g7__update_aware_references row=4/20 query=Q10_CreateAccountHoldingAndBuyTransaction group=secondary_affected phase=cold rep=4
[2026-05-03 07:20:55] [INFO] [benchmark-progress] candidate=q10_create_account_holding_and_buy_transaction__g7__update_aware_references row=5/20 query=Q10_CreateAccountHoldingAndBuyTransaction group=secondary_affected phase=cold rep=5
[2026-05-03 07:20:55] [INFO] [benchmark-progress] candidate=q10_create_account_holding_and_buy_transaction__g7__update_aware_references row=6/20 query=Q10_CreateAccountHoldingAndBuyTransaction group=secondary_affected phase=cold rep=6
[2026-05-03 07:20:55] [INFO] [benchmark-progress] candidate=q10_create_account_holding_and_buy_transaction__g7__update_aware_references row=7/20 query=Q10_CreateAccountHoldingAndBuyTransaction group=secondary_affected phase=cold rep=7
[2026-05-03 07:20:55] [INFO] [benchmark-progress] candidate=q10_create_account_holding_and_buy_transaction__g7__update_aware_references row=8/20 query=Q10_CreateAccountHoldingAndBuyTransaction group=secondary_affected phase=cold rep=8
[2026-05-03 07:20:55] [INFO] [benchmark-progress] candidate=q10_create_account_holding_and_buy_transaction__g7__update_aware_references row=9/20 query=Q10_CreateAccountHoldingAndBuyTransaction group=secondary_affected phase=cold rep=9
[2026-05-03 07:20:55] [INFO] [benchmark-progress] candidate=q10_create_account_holding_and_buy_transaction__g7__update_aware_references row=10/20 query=Q10_CreateAccountHoldingAndBuyTransaction group=secondary_affected phase=cold rep=10
[2026-05-03 07:20:55] [INFO] [benchmark-progress] candidate=q10_create_account_holding_and_buy_transaction__g7__update_aware_references row=11/20 query=Q10_CreateAccountHoldingAndBuyTransaction group=secondary_affected phase=hot rep=1
[2026-05-03 07:20:55] [INFO] [benchmark-progress] candidate=q10_create_account_holding_and_buy_transaction__g7__update_aware_references row=12/20 query=Q10_CreateAccountHoldingAndBuyTransaction group=secondary_affected phase=hot rep=2
[2026-05-03 07:20:55] [INFO] [benchmark-progress] candidate=q10_create_account_holding_and_buy_transaction__g7__update_aware_references row=13/20 query=Q10_CreateAccountHoldingAndBuyTransaction group=secondary_affected phase=hot rep=3
[2026-05-03 07:20:55] [INFO] [benchmark-progress] candidate=q10_create_account_holding_and_buy_transaction__g7__update_aware_references row=14/20 query=Q10_CreateAccountHoldingAndBuyTransaction group=secondary_affected phase=hot rep=4
[2026-05-03 07:20:55] [INFO] [benchmark-progress] candidate=q10_create_account_holding_and_buy_transaction__g7__update_aware_references row=15/20 query=Q10_CreateAccountHoldingAndBuyTransaction group=secondary_affected phase=hot rep=5
[2026-05-03 07:20:55] [INFO] [benchmark-progress] candidate=q10_create_account_holding_and_buy_transaction__g7__update_aware_references row=16/20 query=Q10_CreateAccountHoldingAndBuyTransaction group=secondary_affected phase=hot rep=6
[2026-05-03 07:20:55] [INFO] [benchmark-progress] candidate=q10_create_account_holding_and_buy_transaction__g7__update_aware_references row=17/20 query=Q10_CreateAccountHoldingAndBuyTransaction group=secondary_affected phase=hot rep=7
[2026-05-03 07:20:55] [INFO] [benchmark-progress] candidate=q10_create_account_holding_and_buy_transaction__g7__update_aware_references row=18/20 query=Q10_CreateAccountHoldingAndBuyTransaction group=secondary_affected phase=hot rep=8
[2026-05-03 07:20:55] [INFO] [benchmark-progress] candidate=q10_create_account_holding_and_buy_transaction__g7__update_aware_references row=19/20 query=Q10_CreateAccountHoldingAndBuyTransaction group=secondary_affected phase=hot rep=9
[2026-05-03 07:20:55] [INFO] [benchmark-progress] candidate=q10_create_account_holding_and_buy_transaction__g7__update_aware_references row=20/20 query=Q10_CreateAccountHoldingAndBuyTransaction group=secondary_affected phase=hot rep=10
[2026-05-03 07:20:55] [INFO] === BENCHMARK COMPLETED candidate=q10_create_account_holding_and_buy_transaction__g7__update_aware_references rows=20 ===
[2026-05-03 07:20:55] [INFO] === BENCHMARK START candidate=q10_create_account_holding_and_buy_transaction__g9__tradeoff_benchmark_candidate rows=20 ===
[2026-05-03 07:20:55] [INFO] [benchmark-progress] candidate=q10_create_account_holding_and_buy_transaction__g9__tradeoff_benchmark_candidate row=1/20 query=Q10_CreateAccountHoldingAndBuyTransaction group=secondary_affected phase=cold rep=1
[2026-05-03 07:20:55] [INFO] [benchmark-progress] candidate=q10_create_account_holding_and_buy_transaction__g9__tradeoff_benchmark_candidate row=2/20 query=Q10_CreateAccountHoldingAndBuyTransaction group=secondary_affected phase=cold rep=2
[2026-05-03 07:20:55] [INFO] [benchmark-progress] candidate=q10_create_account_holding_and_buy_transaction__g9__tradeoff_benchmark_candidate row=3/20 query=Q10_CreateAccountHoldingAndBuyTransaction group=secondary_affected phase=cold rep=3
[2026-05-03 07:20:55] [INFO] [benchmark-progress] candidate=q10_create_account_holding_and_buy_transaction__g9__tradeoff_benchmark_candidate row=4/20 query=Q10_CreateAccountHoldingAndBuyTransaction group=secondary_affected phase=cold rep=4
[2026-05-03 07:20:55] [INFO] [benchmark-progress] candidate=q10_create_account_holding_and_buy_transaction__g9__tradeoff_benchmark_candidate row=5/20 query=Q10_CreateAccountHoldingAndBuyTransaction group=secondary_affected phase=cold rep=5
[2026-05-03 07:20:55] [INFO] [benchmark-progress] candidate=q10_create_account_holding_and_buy_transaction__g9__tradeoff_benchmark_candidate row=6/20 query=Q10_CreateAccountHoldingAndBuyTransaction group=secondary_affected phase=cold rep=6
[2026-05-03 07:20:55] [INFO] [benchmark-progress] candidate=q10_create_account_holding_and_buy_transaction__g9__tradeoff_benchmark_candidate row=7/20 query=Q10_CreateAccountHoldingAndBuyTransaction group=secondary_affected phase=cold rep=7
[2026-05-03 07:20:55] [INFO] [benchmark-progress] candidate=q10_create_account_holding_and_buy_transaction__g9__tradeoff_benchmark_candidate row=8/20 query=Q10_CreateAccountHoldingAndBuyTransaction group=secondary_affected phase=cold rep=8
[2026-05-03 07:20:55] [INFO] [benchmark-progress] candidate=q10_create_account_holding_and_buy_transaction__g9__tradeoff_benchmark_candidate row=9/20 query=Q10_CreateAccountHoldingAndBuyTransaction group=secondary_affected phase=cold rep=9
[2026-05-03 07:20:55] [INFO] [benchmark-progress] candidate=q10_create_account_holding_and_buy_transaction__g9__tradeoff_benchmark_candidate row=10/20 query=Q10_CreateAccountHoldingAndBuyTransaction group=secondary_affected phase=cold rep=10
[2026-05-03 07:20:55] [INFO] [benchmark-progress] candidate=q10_create_account_holding_and_buy_transaction__g9__tradeoff_benchmark_candidate row=11/20 query=Q10_CreateAccountHoldingAndBuyTransaction group=secondary_affected phase=hot rep=1
[2026-05-03 07:20:55] [INFO] [benchmark-progress] candidate=q10_create_account_holding_and_buy_transaction__g9__tradeoff_benchmark_candidate row=12/20 query=Q10_CreateAccountHoldingAndBuyTransaction group=secondary_affected phase=hot rep=2
[2026-05-03 07:20:55] [INFO] [benchmark-progress] candidate=q10_create_account_holding_and_buy_transaction__g9__tradeoff_benchmark_candidate row=13/20 query=Q10_CreateAccountHoldingAndBuyTransaction group=secondary_affected phase=hot rep=3
[2026-05-03 07:20:55] [INFO] [benchmark-progress] candidate=q10_create_account_holding_and_buy_transaction__g9__tradeoff_benchmark_candidate row=14/20 query=Q10_CreateAccountHoldingAndBuyTransaction group=secondary_affected phase=hot rep=4
[2026-05-03 07:20:55] [INFO] [benchmark-progress] candidate=q10_create_account_holding_and_buy_transaction__g9__tradeoff_benchmark_candidate row=15/20 query=Q10_CreateAccountHoldingAndBuyTransaction group=secondary_affected phase=hot rep=5
[2026-05-03 07:20:55] [INFO] [benchmark-progress] candidate=q10_create_account_holding_and_buy_transaction__g9__tradeoff_benchmark_candidate row=16/20 query=Q10_CreateAccountHoldingAndBuyTransaction group=secondary_affected phase=hot rep=6
[2026-05-03 07:20:55] [INFO] [benchmark-progress] candidate=q10_create_account_holding_and_buy_transaction__g9__tradeoff_benchmark_candidate row=17/20 query=Q10_CreateAccountHoldingAndBuyTransaction group=secondary_affected phase=hot rep=7
[2026-05-03 07:20:55] [INFO] [benchmark-progress] candidate=q10_create_account_holding_and_buy_transaction__g9__tradeoff_benchmark_candidate row=18/20 query=Q10_CreateAccountHoldingAndBuyTransaction group=secondary_affected phase=hot rep=8
[2026-05-03 07:20:55] [INFO] [benchmark-progress] candidate=q10_create_account_holding_and_buy_transaction__g9__tradeoff_benchmark_candidate row=19/20 query=Q10_CreateAccountHoldingAndBuyTransaction group=secondary_affected phase=hot rep=9
[2026-05-03 07:20:55] [INFO] [benchmark-progress] candidate=q10_create_account_holding_and_buy_transaction__g9__tradeoff_benchmark_candidate row=20/20 query=Q10_CreateAccountHoldingAndBuyTransaction group=secondary_affected phase=hot rep=10
[2026-05-03 07:20:55] [INFO] === BENCHMARK COMPLETED candidate=q10_create_account_holding_and_buy_transaction__g9__tradeoff_benchmark_candidate rows=20 ===
[2026-05-03 07:20:55] [INFO] === BENCHMARK START candidate=q1_company_profile_ibm__control__normalized_reference_baseline rows=20 ===
[2026-05-03 07:20:55] [INFO] [benchmark-progress] candidate=q1_company_profile_ibm__control__normalized_reference_baseline row=1/20 query=Q1_CompanyProfileIBM group=control phase=cold rep=1
[2026-05-03 07:20:55] [INFO] [benchmark-progress] candidate=q1_company_profile_ibm__control__normalized_reference_baseline row=2/20 query=Q1_CompanyProfileIBM group=control phase=cold rep=2
[2026-05-03 07:20:55] [INFO] [benchmark-progress] candidate=q1_company_profile_ibm__control__normalized_reference_baseline row=3/20 query=Q1_CompanyProfileIBM group=control phase=cold rep=3
[2026-05-03 07:20:55] [INFO] [benchmark-progress] candidate=q1_company_profile_ibm__control__normalized_reference_baseline row=4/20 query=Q1_CompanyProfileIBM group=control phase=cold rep=4
[2026-05-03 07:20:55] [INFO] [benchmark-progress] candidate=q1_company_profile_ibm__control__normalized_reference_baseline row=5/20 query=Q1_CompanyProfileIBM group=control phase=cold rep=5
[2026-05-03 07:20:55] [INFO] [benchmark-progress] candidate=q1_company_profile_ibm__control__normalized_reference_baseline row=6/20 query=Q1_CompanyProfileIBM group=control phase=cold rep=6
[2026-05-03 07:20:55] [INFO] [benchmark-progress] candidate=q1_company_profile_ibm__control__normalized_reference_baseline row=7/20 query=Q1_CompanyProfileIBM group=control phase=cold rep=7
[2026-05-03 07:20:55] [INFO] [benchmark-progress] candidate=q1_company_profile_ibm__control__normalized_reference_baseline row=8/20 query=Q1_CompanyProfileIBM group=control phase=cold rep=8
[2026-05-03 07:20:55] [INFO] [benchmark-progress] candidate=q1_company_profile_ibm__control__normalized_reference_baseline row=9/20 query=Q1_CompanyProfileIBM group=control phase=cold rep=9
[2026-05-03 07:20:55] [INFO] [benchmark-progress] candidate=q1_company_profile_ibm__control__normalized_reference_baseline row=10/20 query=Q1_CompanyProfileIBM group=control phase=cold rep=10
[2026-05-03 07:20:55] [INFO] [benchmark-progress] candidate=q1_company_profile_ibm__control__normalized_reference_baseline row=11/20 query=Q1_CompanyProfileIBM group=control phase=hot rep=1
[2026-05-03 07:20:55] [INFO] [benchmark-progress] candidate=q1_company_profile_ibm__control__normalized_reference_baseline row=12/20 query=Q1_CompanyProfileIBM group=control phase=hot rep=2
[2026-05-03 07:20:55] [INFO] [benchmark-progress] candidate=q1_company_profile_ibm__control__normalized_reference_baseline row=13/20 query=Q1_CompanyProfileIBM group=control phase=hot rep=3
[2026-05-03 07:20:55] [INFO] [benchmark-progress] candidate=q1_company_profile_ibm__control__normalized_reference_baseline row=14/20 query=Q1_CompanyProfileIBM group=control phase=hot rep=4
[2026-05-03 07:20:55] [INFO] [benchmark-progress] candidate=q1_company_profile_ibm__control__normalized_reference_baseline row=15/20 query=Q1_CompanyProfileIBM group=control phase=hot rep=5
[2026-05-03 07:20:55] [INFO] [benchmark-progress] candidate=q1_company_profile_ibm__control__normalized_reference_baseline row=16/20 query=Q1_CompanyProfileIBM group=control phase=hot rep=6
[2026-05-03 07:20:55] [INFO] [benchmark-progress] candidate=q1_company_profile_ibm__control__normalized_reference_baseline row=17/20 query=Q1_CompanyProfileIBM group=control phase=hot rep=7
[2026-05-03 07:20:55] [INFO] [benchmark-progress] candidate=q1_company_profile_ibm__control__normalized_reference_baseline row=18/20 query=Q1_CompanyProfileIBM group=control phase=hot rep=8
[2026-05-03 07:20:55] [INFO] [benchmark-progress] candidate=q1_company_profile_ibm__control__normalized_reference_baseline row=19/20 query=Q1_CompanyProfileIBM group=control phase=hot rep=9
[2026-05-03 07:20:55] [INFO] [benchmark-progress] candidate=q1_company_profile_ibm__control__normalized_reference_baseline row=20/20 query=Q1_CompanyProfileIBM group=control phase=hot rep=10
[2026-05-03 07:20:55] [INFO] === BENCHMARK COMPLETED candidate=q1_company_profile_ibm__control__normalized_reference_baseline rows=20 ===
[2026-05-03 07:20:55] [INFO] === BENCHMARK START candidate=q1_company_profile_ibm__g0__root_only rows=20 ===
[2026-05-03 07:20:55] [INFO] [benchmark-progress] candidate=q1_company_profile_ibm__g0__root_only row=1/20 query=Q1_CompanyProfileIBM group=primary phase=cold rep=1
[2026-05-03 07:20:55] [INFO] [benchmark-progress] candidate=q1_company_profile_ibm__g0__root_only row=2/20 query=Q1_CompanyProfileIBM group=primary phase=cold rep=2
[2026-05-03 07:20:55] [INFO] [benchmark-progress] candidate=q1_company_profile_ibm__g0__root_only row=3/20 query=Q1_CompanyProfileIBM group=primary phase=cold rep=3
[2026-05-03 07:20:55] [INFO] [benchmark-progress] candidate=q1_company_profile_ibm__g0__root_only row=4/20 query=Q1_CompanyProfileIBM group=primary phase=cold rep=4
[2026-05-03 07:20:55] [INFO] [benchmark-progress] candidate=q1_company_profile_ibm__g0__root_only row=5/20 query=Q1_CompanyProfileIBM group=primary phase=cold rep=5
[2026-05-03 07:20:55] [INFO] [benchmark-progress] candidate=q1_company_profile_ibm__g0__root_only row=6/20 query=Q1_CompanyProfileIBM group=primary phase=cold rep=6
[2026-05-03 07:20:55] [INFO] [benchmark-progress] candidate=q1_company_profile_ibm__g0__root_only row=7/20 query=Q1_CompanyProfileIBM group=primary phase=cold rep=7
[2026-05-03 07:20:55] [INFO] [benchmark-progress] candidate=q1_company_profile_ibm__g0__root_only row=8/20 query=Q1_CompanyProfileIBM group=primary phase=cold rep=8
[2026-05-03 07:20:55] [INFO] [benchmark-progress] candidate=q1_company_profile_ibm__g0__root_only row=9/20 query=Q1_CompanyProfileIBM group=primary phase=cold rep=9
[2026-05-03 07:20:55] [INFO] [benchmark-progress] candidate=q1_company_profile_ibm__g0__root_only row=10/20 query=Q1_CompanyProfileIBM group=primary phase=cold rep=10
[2026-05-03 07:20:55] [INFO] [benchmark-progress] candidate=q1_company_profile_ibm__g0__root_only row=11/20 query=Q1_CompanyProfileIBM group=primary phase=hot rep=1
[2026-05-03 07:20:55] [INFO] [benchmark-progress] candidate=q1_company_profile_ibm__g0__root_only row=12/20 query=Q1_CompanyProfileIBM group=primary phase=hot rep=2
[2026-05-03 07:20:55] [INFO] [benchmark-progress] candidate=q1_company_profile_ibm__g0__root_only row=13/20 query=Q1_CompanyProfileIBM group=primary phase=hot rep=3
[2026-05-03 07:20:55] [INFO] [benchmark-progress] candidate=q1_company_profile_ibm__g0__root_only row=14/20 query=Q1_CompanyProfileIBM group=primary phase=hot rep=4
[2026-05-03 07:20:55] [INFO] [benchmark-progress] candidate=q1_company_profile_ibm__g0__root_only row=15/20 query=Q1_CompanyProfileIBM group=primary phase=hot rep=5
[2026-05-03 07:20:55] [INFO] [benchmark-progress] candidate=q1_company_profile_ibm__g0__root_only row=16/20 query=Q1_CompanyProfileIBM group=primary phase=hot rep=6
[2026-05-03 07:20:55] [INFO] [benchmark-progress] candidate=q1_company_profile_ibm__g0__root_only row=17/20 query=Q1_CompanyProfileIBM group=primary phase=hot rep=7
[2026-05-03 07:20:55] [INFO] [benchmark-progress] candidate=q1_company_profile_ibm__g0__root_only row=18/20 query=Q1_CompanyProfileIBM group=primary phase=hot rep=8
[2026-05-03 07:20:55] [INFO] [benchmark-progress] candidate=q1_company_profile_ibm__g0__root_only row=19/20 query=Q1_CompanyProfileIBM group=primary phase=hot rep=9
[2026-05-03 07:20:55] [INFO] [benchmark-progress] candidate=q1_company_profile_ibm__g0__root_only row=20/20 query=Q1_CompanyProfileIBM group=primary phase=hot rep=10
[2026-05-03 07:20:55] [INFO] === BENCHMARK COMPLETED candidate=q1_company_profile_ibm__g0__root_only rows=20 ===
[2026-05-03 07:20:55] [INFO] === BENCHMARK START candidate=q2_company_with_industry_country_and_listed_securities__control__normalized_reference_baseline rows=20 ===
[2026-05-03 07:20:55] [INFO] [benchmark-progress] candidate=q2_company_with_industry_country_and_listed_securities__control__normalized_reference_baseline row=1/20 query=Q2_CompanyWithIndustryCountryAndListedSecurities group=control phase=cold rep=1
[2026-05-03 07:20:55] [INFO] [benchmark-progress] candidate=q2_company_with_industry_country_and_listed_securities__control__normalized_reference_baseline row=2/20 query=Q2_CompanyWithIndustryCountryAndListedSecurities group=control phase=cold rep=2
[2026-05-03 07:20:55] [INFO] [benchmark-progress] candidate=q2_company_with_industry_country_and_listed_securities__control__normalized_reference_baseline row=3/20 query=Q2_CompanyWithIndustryCountryAndListedSecurities group=control phase=cold rep=3
[2026-05-03 07:20:55] [INFO] [benchmark-progress] candidate=q2_company_with_industry_country_and_listed_securities__control__normalized_reference_baseline row=4/20 query=Q2_CompanyWithIndustryCountryAndListedSecurities group=control phase=cold rep=4
[2026-05-03 07:20:55] [INFO] [benchmark-progress] candidate=q2_company_with_industry_country_and_listed_securities__control__normalized_reference_baseline row=5/20 query=Q2_CompanyWithIndustryCountryAndListedSecurities group=control phase=cold rep=5
[2026-05-03 07:20:55] [INFO] [benchmark-progress] candidate=q2_company_with_industry_country_and_listed_securities__control__normalized_reference_baseline row=6/20 query=Q2_CompanyWithIndustryCountryAndListedSecurities group=control phase=cold rep=6
[2026-05-03 07:20:55] [INFO] [benchmark-progress] candidate=q2_company_with_industry_country_and_listed_securities__control__normalized_reference_baseline row=7/20 query=Q2_CompanyWithIndustryCountryAndListedSecurities group=control phase=cold rep=7
[2026-05-03 07:20:55] [INFO] [benchmark-progress] candidate=q2_company_with_industry_country_and_listed_securities__control__normalized_reference_baseline row=8/20 query=Q2_CompanyWithIndustryCountryAndListedSecurities group=control phase=cold rep=8
[2026-05-03 07:20:55] [INFO] [benchmark-progress] candidate=q2_company_with_industry_country_and_listed_securities__control__normalized_reference_baseline row=9/20 query=Q2_CompanyWithIndustryCountryAndListedSecurities group=control phase=cold rep=9
[2026-05-03 07:20:55] [INFO] [benchmark-progress] candidate=q2_company_with_industry_country_and_listed_securities__control__normalized_reference_baseline row=10/20 query=Q2_CompanyWithIndustryCountryAndListedSecurities group=control phase=cold rep=10
[2026-05-03 07:20:55] [INFO] [benchmark-progress] candidate=q2_company_with_industry_country_and_listed_securities__control__normalized_reference_baseline row=11/20 query=Q2_CompanyWithIndustryCountryAndListedSecurities group=control phase=hot rep=1
[2026-05-03 07:20:55] [INFO] [benchmark-progress] candidate=q2_company_with_industry_country_and_listed_securities__control__normalized_reference_baseline row=12/20 query=Q2_CompanyWithIndustryCountryAndListedSecurities group=control phase=hot rep=2
[2026-05-03 07:20:55] [INFO] [benchmark-progress] candidate=q2_company_with_industry_country_and_listed_securities__control__normalized_reference_baseline row=13/20 query=Q2_CompanyWithIndustryCountryAndListedSecurities group=control phase=hot rep=3
[2026-05-03 07:20:55] [INFO] [benchmark-progress] candidate=q2_company_with_industry_country_and_listed_securities__control__normalized_reference_baseline row=14/20 query=Q2_CompanyWithIndustryCountryAndListedSecurities group=control phase=hot rep=4
[2026-05-03 07:20:55] [INFO] [benchmark-progress] candidate=q2_company_with_industry_country_and_listed_securities__control__normalized_reference_baseline row=15/20 query=Q2_CompanyWithIndustryCountryAndListedSecurities group=control phase=hot rep=5
[2026-05-03 07:20:55] [INFO] [benchmark-progress] candidate=q2_company_with_industry_country_and_listed_securities__control__normalized_reference_baseline row=16/20 query=Q2_CompanyWithIndustryCountryAndListedSecurities group=control phase=hot rep=6
[2026-05-03 07:20:55] [INFO] [benchmark-progress] candidate=q2_company_with_industry_country_and_listed_securities__control__normalized_reference_baseline row=17/20 query=Q2_CompanyWithIndustryCountryAndListedSecurities group=control phase=hot rep=7
[2026-05-03 07:20:55] [INFO] [benchmark-progress] candidate=q2_company_with_industry_country_and_listed_securities__control__normalized_reference_baseline row=18/20 query=Q2_CompanyWithIndustryCountryAndListedSecurities group=control phase=hot rep=8
[2026-05-03 07:20:55] [INFO] [benchmark-progress] candidate=q2_company_with_industry_country_and_listed_securities__control__normalized_reference_baseline row=19/20 query=Q2_CompanyWithIndustryCountryAndListedSecurities group=control phase=hot rep=9
[2026-05-03 07:20:55] [INFO] [benchmark-progress] candidate=q2_company_with_industry_country_and_listed_securities__control__normalized_reference_baseline row=20/20 query=Q2_CompanyWithIndustryCountryAndListedSecurities group=control phase=hot rep=10
[2026-05-03 07:20:55] [INFO] === BENCHMARK COMPLETED candidate=q2_company_with_industry_country_and_listed_securities__control__normalized_reference_baseline rows=20 ===
[2026-05-03 07:20:55] [INFO] === BENCHMARK START candidate=q2_company_with_industry_country_and_listed_securities__g1__embed_descriptors rows=20 ===
[2026-05-03 07:20:55] [INFO] [benchmark-progress] candidate=q2_company_with_industry_country_and_listed_securities__g1__embed_descriptors row=1/20 query=Q2_CompanyWithIndustryCountryAndListedSecurities group=primary phase=cold rep=1
[2026-05-03 07:20:55] [INFO] [benchmark-progress] candidate=q2_company_with_industry_country_and_listed_securities__g1__embed_descriptors row=2/20 query=Q2_CompanyWithIndustryCountryAndListedSecurities group=primary phase=cold rep=2
[2026-05-03 07:20:55] [INFO] [benchmark-progress] candidate=q2_company_with_industry_country_and_listed_securities__g1__embed_descriptors row=3/20 query=Q2_CompanyWithIndustryCountryAndListedSecurities group=primary phase=cold rep=3
[2026-05-03 07:20:55] [INFO] [benchmark-progress] candidate=q2_company_with_industry_country_and_listed_securities__g1__embed_descriptors row=4/20 query=Q2_CompanyWithIndustryCountryAndListedSecurities group=primary phase=cold rep=4
[2026-05-03 07:20:55] [INFO] [benchmark-progress] candidate=q2_company_with_industry_country_and_listed_securities__g1__embed_descriptors row=5/20 query=Q2_CompanyWithIndustryCountryAndListedSecurities group=primary phase=cold rep=5
[2026-05-03 07:20:55] [INFO] [benchmark-progress] candidate=q2_company_with_industry_country_and_listed_securities__g1__embed_descriptors row=6/20 query=Q2_CompanyWithIndustryCountryAndListedSecurities group=primary phase=cold rep=6
[2026-05-03 07:20:55] [INFO] [benchmark-progress] candidate=q2_company_with_industry_country_and_listed_securities__g1__embed_descriptors row=7/20 query=Q2_CompanyWithIndustryCountryAndListedSecurities group=primary phase=cold rep=7
[2026-05-03 07:20:55] [INFO] [benchmark-progress] candidate=q2_company_with_industry_country_and_listed_securities__g1__embed_descriptors row=8/20 query=Q2_CompanyWithIndustryCountryAndListedSecurities group=primary phase=cold rep=8
[2026-05-03 07:20:55] [INFO] [benchmark-progress] candidate=q2_company_with_industry_country_and_listed_securities__g1__embed_descriptors row=9/20 query=Q2_CompanyWithIndustryCountryAndListedSecurities group=primary phase=cold rep=9
[2026-05-03 07:20:55] [INFO] [benchmark-progress] candidate=q2_company_with_industry_country_and_listed_securities__g1__embed_descriptors row=10/20 query=Q2_CompanyWithIndustryCountryAndListedSecurities group=primary phase=cold rep=10
[2026-05-03 07:20:55] [INFO] [benchmark-progress] candidate=q2_company_with_industry_country_and_listed_securities__g1__embed_descriptors row=11/20 query=Q2_CompanyWithIndustryCountryAndListedSecurities group=primary phase=hot rep=1
[2026-05-03 07:20:55] [INFO] [benchmark-progress] candidate=q2_company_with_industry_country_and_listed_securities__g1__embed_descriptors row=12/20 query=Q2_CompanyWithIndustryCountryAndListedSecurities group=primary phase=hot rep=2
[2026-05-03 07:20:55] [INFO] [benchmark-progress] candidate=q2_company_with_industry_country_and_listed_securities__g1__embed_descriptors row=13/20 query=Q2_CompanyWithIndustryCountryAndListedSecurities group=primary phase=hot rep=3
[2026-05-03 07:20:55] [INFO] [benchmark-progress] candidate=q2_company_with_industry_country_and_listed_securities__g1__embed_descriptors row=14/20 query=Q2_CompanyWithIndustryCountryAndListedSecurities group=primary phase=hot rep=4
[2026-05-03 07:20:55] [INFO] [benchmark-progress] candidate=q2_company_with_industry_country_and_listed_securities__g1__embed_descriptors row=15/20 query=Q2_CompanyWithIndustryCountryAndListedSecurities group=primary phase=hot rep=5
[2026-05-03 07:20:55] [INFO] [benchmark-progress] candidate=q2_company_with_industry_country_and_listed_securities__g1__embed_descriptors row=16/20 query=Q2_CompanyWithIndustryCountryAndListedSecurities group=primary phase=hot rep=6
[2026-05-03 07:20:55] [INFO] [benchmark-progress] candidate=q2_company_with_industry_country_and_listed_securities__g1__embed_descriptors row=17/20 query=Q2_CompanyWithIndustryCountryAndListedSecurities group=primary phase=hot rep=7
[2026-05-03 07:20:55] [INFO] [benchmark-progress] candidate=q2_company_with_industry_country_and_listed_securities__g1__embed_descriptors row=18/20 query=Q2_CompanyWithIndustryCountryAndListedSecurities group=primary phase=hot rep=8
[2026-05-03 07:20:55] [INFO] [benchmark-progress] candidate=q2_company_with_industry_country_and_listed_securities__g1__embed_descriptors row=19/20 query=Q2_CompanyWithIndustryCountryAndListedSecurities group=primary phase=hot rep=9
[2026-05-03 07:20:55] [INFO] [benchmark-progress] candidate=q2_company_with_industry_country_and_listed_securities__g1__embed_descriptors row=20/20 query=Q2_CompanyWithIndustryCountryAndListedSecurities group=primary phase=hot rep=10
[2026-05-03 07:20:55] [INFO] === BENCHMARK COMPLETED candidate=q2_company_with_industry_country_and_listed_securities__g1__embed_descriptors rows=20 ===
[2026-05-03 07:20:55] [INFO] === BENCHMARK START candidate=q2_company_with_industry_country_and_listed_securities__g3__association_references rows=20 ===
[2026-05-03 07:20:55] [INFO] [benchmark-progress] candidate=q2_company_with_industry_country_and_listed_securities__g3__association_references row=1/20 query=Q2_CompanyWithIndustryCountryAndListedSecurities group=primary phase=cold rep=1
[2026-05-03 07:20:55] [INFO] [benchmark-progress] candidate=q2_company_with_industry_country_and_listed_securities__g3__association_references row=2/20 query=Q2_CompanyWithIndustryCountryAndListedSecurities group=primary phase=cold rep=2
[2026-05-03 07:20:55] [INFO] [benchmark-progress] candidate=q2_company_with_industry_country_and_listed_securities__g3__association_references row=3/20 query=Q2_CompanyWithIndustryCountryAndListedSecurities group=primary phase=cold rep=3
[2026-05-03 07:20:55] [INFO] [benchmark-progress] candidate=q2_company_with_industry_country_and_listed_securities__g3__association_references row=4/20 query=Q2_CompanyWithIndustryCountryAndListedSecurities group=primary phase=cold rep=4
[2026-05-03 07:20:55] [INFO] [benchmark-progress] candidate=q2_company_with_industry_country_and_listed_securities__g3__association_references row=5/20 query=Q2_CompanyWithIndustryCountryAndListedSecurities group=primary phase=cold rep=5
[2026-05-03 07:20:55] [INFO] [benchmark-progress] candidate=q2_company_with_industry_country_and_listed_securities__g3__association_references row=6/20 query=Q2_CompanyWithIndustryCountryAndListedSecurities group=primary phase=cold rep=6
[2026-05-03 07:20:55] [INFO] [benchmark-progress] candidate=q2_company_with_industry_country_and_listed_securities__g3__association_references row=7/20 query=Q2_CompanyWithIndustryCountryAndListedSecurities group=primary phase=cold rep=7
[2026-05-03 07:20:55] [INFO] [benchmark-progress] candidate=q2_company_with_industry_country_and_listed_securities__g3__association_references row=8/20 query=Q2_CompanyWithIndustryCountryAndListedSecurities group=primary phase=cold rep=8
[2026-05-03 07:20:55] [INFO] [benchmark-progress] candidate=q2_company_with_industry_country_and_listed_securities__g3__association_references row=9/20 query=Q2_CompanyWithIndustryCountryAndListedSecurities group=primary phase=cold rep=9
[2026-05-03 07:20:55] [INFO] [benchmark-progress] candidate=q2_company_with_industry_country_and_listed_securities__g3__association_references row=10/20 query=Q2_CompanyWithIndustryCountryAndListedSecurities group=primary phase=cold rep=10
[2026-05-03 07:20:55] [INFO] [benchmark-progress] candidate=q2_company_with_industry_country_and_listed_securities__g3__association_references row=11/20 query=Q2_CompanyWithIndustryCountryAndListedSecurities group=primary phase=hot rep=1
[2026-05-03 07:20:55] [INFO] [benchmark-progress] candidate=q2_company_with_industry_country_and_listed_securities__g3__association_references row=12/20 query=Q2_CompanyWithIndustryCountryAndListedSecurities group=primary phase=hot rep=2
[2026-05-03 07:20:55] [INFO] [benchmark-progress] candidate=q2_company_with_industry_country_and_listed_securities__g3__association_references row=13/20 query=Q2_CompanyWithIndustryCountryAndListedSecurities group=primary phase=hot rep=3
[2026-05-03 07:20:55] [INFO] [benchmark-progress] candidate=q2_company_with_industry_country_and_listed_securities__g3__association_references row=14/20 query=Q2_CompanyWithIndustryCountryAndListedSecurities group=primary phase=hot rep=4
[2026-05-03 07:20:55] [INFO] [benchmark-progress] candidate=q2_company_with_industry_country_and_listed_securities__g3__association_references row=15/20 query=Q2_CompanyWithIndustryCountryAndListedSecurities group=primary phase=hot rep=5
[2026-05-03 07:20:55] [INFO] [benchmark-progress] candidate=q2_company_with_industry_country_and_listed_securities__g3__association_references row=16/20 query=Q2_CompanyWithIndustryCountryAndListedSecurities group=primary phase=hot rep=6
[2026-05-03 07:20:55] [INFO] [benchmark-progress] candidate=q2_company_with_industry_country_and_listed_securities__g3__association_references row=17/20 query=Q2_CompanyWithIndustryCountryAndListedSecurities group=primary phase=hot rep=7
[2026-05-03 07:20:55] [INFO] [benchmark-progress] candidate=q2_company_with_industry_country_and_listed_securities__g3__association_references row=18/20 query=Q2_CompanyWithIndustryCountryAndListedSecurities group=primary phase=hot rep=8
[2026-05-03 07:20:55] [INFO] [benchmark-progress] candidate=q2_company_with_industry_country_and_listed_securities__g3__association_references row=19/20 query=Q2_CompanyWithIndustryCountryAndListedSecurities group=primary phase=hot rep=9
[2026-05-03 07:20:55] [INFO] [benchmark-progress] candidate=q2_company_with_industry_country_and_listed_securities__g3__association_references row=20/20 query=Q2_CompanyWithIndustryCountryAndListedSecurities group=primary phase=hot rep=10
[2026-05-03 07:20:55] [INFO] === BENCHMARK COMPLETED candidate=q2_company_with_industry_country_and_listed_securities__g3__association_references rows=20 ===
[2026-05-03 07:20:55] [INFO] === BENCHMARK START candidate=q2_company_with_industry_country_and_listed_securities__g5__shared_targets_as_references rows=20 ===
[2026-05-03 07:20:55] [INFO] [benchmark-progress] candidate=q2_company_with_industry_country_and_listed_securities__g5__shared_targets_as_references row=1/20 query=Q2_CompanyWithIndustryCountryAndListedSecurities group=primary phase=cold rep=1
[2026-05-03 07:20:55] [INFO] [benchmark-progress] candidate=q2_company_with_industry_country_and_listed_securities__g5__shared_targets_as_references row=2/20 query=Q2_CompanyWithIndustryCountryAndListedSecurities group=primary phase=cold rep=2
[2026-05-03 07:20:55] [INFO] [benchmark-progress] candidate=q2_company_with_industry_country_and_listed_securities__g5__shared_targets_as_references row=3/20 query=Q2_CompanyWithIndustryCountryAndListedSecurities group=primary phase=cold rep=3
[2026-05-03 07:20:55] [INFO] [benchmark-progress] candidate=q2_company_with_industry_country_and_listed_securities__g5__shared_targets_as_references row=4/20 query=Q2_CompanyWithIndustryCountryAndListedSecurities group=primary phase=cold rep=4
[2026-05-03 07:20:55] [INFO] [benchmark-progress] candidate=q2_company_with_industry_country_and_listed_securities__g5__shared_targets_as_references row=5/20 query=Q2_CompanyWithIndustryCountryAndListedSecurities group=primary phase=cold rep=5
[2026-05-03 07:20:55] [INFO] [benchmark-progress] candidate=q2_company_with_industry_country_and_listed_securities__g5__shared_targets_as_references row=6/20 query=Q2_CompanyWithIndustryCountryAndListedSecurities group=primary phase=cold rep=6
[2026-05-03 07:20:55] [INFO] [benchmark-progress] candidate=q2_company_with_industry_country_and_listed_securities__g5__shared_targets_as_references row=7/20 query=Q2_CompanyWithIndustryCountryAndListedSecurities group=primary phase=cold rep=7
[2026-05-03 07:20:55] [INFO] [benchmark-progress] candidate=q2_company_with_industry_country_and_listed_securities__g5__shared_targets_as_references row=8/20 query=Q2_CompanyWithIndustryCountryAndListedSecurities group=primary phase=cold rep=8
[2026-05-03 07:20:55] [INFO] [benchmark-progress] candidate=q2_company_with_industry_country_and_listed_securities__g5__shared_targets_as_references row=9/20 query=Q2_CompanyWithIndustryCountryAndListedSecurities group=primary phase=cold rep=9
[2026-05-03 07:20:55] [INFO] [benchmark-progress] candidate=q2_company_with_industry_country_and_listed_securities__g5__shared_targets_as_references row=10/20 query=Q2_CompanyWithIndustryCountryAndListedSecurities group=primary phase=cold rep=10
[2026-05-03 07:20:55] [INFO] [benchmark-progress] candidate=q2_company_with_industry_country_and_listed_securities__g5__shared_targets_as_references row=11/20 query=Q2_CompanyWithIndustryCountryAndListedSecurities group=primary phase=hot rep=1
[2026-05-03 07:20:55] [INFO] [benchmark-progress] candidate=q2_company_with_industry_country_and_listed_securities__g5__shared_targets_as_references row=12/20 query=Q2_CompanyWithIndustryCountryAndListedSecurities group=primary phase=hot rep=2
[2026-05-03 07:20:55] [INFO] [benchmark-progress] candidate=q2_company_with_industry_country_and_listed_securities__g5__shared_targets_as_references row=13/20 query=Q2_CompanyWithIndustryCountryAndListedSecurities group=primary phase=hot rep=3
[2026-05-03 07:20:55] [INFO] [benchmark-progress] candidate=q2_company_with_industry_country_and_listed_securities__g5__shared_targets_as_references row=14/20 query=Q2_CompanyWithIndustryCountryAndListedSecurities group=primary phase=hot rep=4
[2026-05-03 07:20:55] [INFO] [benchmark-progress] candidate=q2_company_with_industry_country_and_listed_securities__g5__shared_targets_as_references row=15/20 query=Q2_CompanyWithIndustryCountryAndListedSecurities group=primary phase=hot rep=5
[2026-05-03 07:20:55] [INFO] [benchmark-progress] candidate=q2_company_with_industry_country_and_listed_securities__g5__shared_targets_as_references row=16/20 query=Q2_CompanyWithIndustryCountryAndListedSecurities group=primary phase=hot rep=6
[2026-05-03 07:20:55] [INFO] [benchmark-progress] candidate=q2_company_with_industry_country_and_listed_securities__g5__shared_targets_as_references row=17/20 query=Q2_CompanyWithIndustryCountryAndListedSecurities group=primary phase=hot rep=7
[2026-05-03 07:20:55] [INFO] [benchmark-progress] candidate=q2_company_with_industry_country_and_listed_securities__g5__shared_targets_as_references row=18/20 query=Q2_CompanyWithIndustryCountryAndListedSecurities group=primary phase=hot rep=8
[2026-05-03 07:20:55] [INFO] [benchmark-progress] candidate=q2_company_with_industry_country_and_listed_securities__g5__shared_targets_as_references row=19/20 query=Q2_CompanyWithIndustryCountryAndListedSecurities group=primary phase=hot rep=9
[2026-05-03 07:20:55] [INFO] [benchmark-progress] candidate=q2_company_with_industry_country_and_listed_securities__g5__shared_targets_as_references row=20/20 query=Q2_CompanyWithIndustryCountryAndListedSecurities group=primary phase=hot rep=10
[2026-05-03 07:20:55] [INFO] === BENCHMARK COMPLETED candidate=q2_company_with_industry_country_and_listed_securities__g5__shared_targets_as_references rows=20 ===
[2026-05-03 07:20:55] [INFO] === BENCHMARK START candidate=q2_company_with_industry_country_and_listed_securities__g7__update_aware_references rows=20 ===
[2026-05-03 07:20:55] [INFO] [benchmark-progress] candidate=q2_company_with_industry_country_and_listed_securities__g7__update_aware_references row=1/20 query=Q2_CompanyWithIndustryCountryAndListedSecurities group=secondary_affected phase=cold rep=1
[2026-05-03 07:20:55] [INFO] [benchmark-progress] candidate=q2_company_with_industry_country_and_listed_securities__g7__update_aware_references row=2/20 query=Q2_CompanyWithIndustryCountryAndListedSecurities group=secondary_affected phase=cold rep=2
[2026-05-03 07:20:55] [INFO] [benchmark-progress] candidate=q2_company_with_industry_country_and_listed_securities__g7__update_aware_references row=3/20 query=Q2_CompanyWithIndustryCountryAndListedSecurities group=secondary_affected phase=cold rep=3
[2026-05-03 07:20:55] [INFO] [benchmark-progress] candidate=q2_company_with_industry_country_and_listed_securities__g7__update_aware_references row=4/20 query=Q2_CompanyWithIndustryCountryAndListedSecurities group=secondary_affected phase=cold rep=4
[2026-05-03 07:20:55] [INFO] [benchmark-progress] candidate=q2_company_with_industry_country_and_listed_securities__g7__update_aware_references row=5/20 query=Q2_CompanyWithIndustryCountryAndListedSecurities group=secondary_affected phase=cold rep=5
[2026-05-03 07:20:55] [INFO] [benchmark-progress] candidate=q2_company_with_industry_country_and_listed_securities__g7__update_aware_references row=6/20 query=Q2_CompanyWithIndustryCountryAndListedSecurities group=secondary_affected phase=cold rep=6
[2026-05-03 07:20:55] [INFO] [benchmark-progress] candidate=q2_company_with_industry_country_and_listed_securities__g7__update_aware_references row=7/20 query=Q2_CompanyWithIndustryCountryAndListedSecurities group=secondary_affected phase=cold rep=7
[2026-05-03 07:20:55] [INFO] [benchmark-progress] candidate=q2_company_with_industry_country_and_listed_securities__g7__update_aware_references row=8/20 query=Q2_CompanyWithIndustryCountryAndListedSecurities group=secondary_affected phase=cold rep=8
[2026-05-03 07:20:55] [INFO] [benchmark-progress] candidate=q2_company_with_industry_country_and_listed_securities__g7__update_aware_references row=9/20 query=Q2_CompanyWithIndustryCountryAndListedSecurities group=secondary_affected phase=cold rep=9
[2026-05-03 07:20:55] [INFO] [benchmark-progress] candidate=q2_company_with_industry_country_and_listed_securities__g7__update_aware_references row=10/20 query=Q2_CompanyWithIndustryCountryAndListedSecurities group=secondary_affected phase=cold rep=10
[2026-05-03 07:20:55] [INFO] [benchmark-progress] candidate=q2_company_with_industry_country_and_listed_securities__g7__update_aware_references row=11/20 query=Q2_CompanyWithIndustryCountryAndListedSecurities group=secondary_affected phase=hot rep=1
[2026-05-03 07:20:55] [INFO] [benchmark-progress] candidate=q2_company_with_industry_country_and_listed_securities__g7__update_aware_references row=12/20 query=Q2_CompanyWithIndustryCountryAndListedSecurities group=secondary_affected phase=hot rep=2
[2026-05-03 07:20:55] [INFO] [benchmark-progress] candidate=q2_company_with_industry_country_and_listed_securities__g7__update_aware_references row=13/20 query=Q2_CompanyWithIndustryCountryAndListedSecurities group=secondary_affected phase=hot rep=3
[2026-05-03 07:20:55] [INFO] [benchmark-progress] candidate=q2_company_with_industry_country_and_listed_securities__g7__update_aware_references row=14/20 query=Q2_CompanyWithIndustryCountryAndListedSecurities group=secondary_affected phase=hot rep=4
[2026-05-03 07:20:55] [INFO] [benchmark-progress] candidate=q2_company_with_industry_country_and_listed_securities__g7__update_aware_references row=15/20 query=Q2_CompanyWithIndustryCountryAndListedSecurities group=secondary_affected phase=hot rep=5
[2026-05-03 07:20:55] [INFO] [benchmark-progress] candidate=q2_company_with_industry_country_and_listed_securities__g7__update_aware_references row=16/20 query=Q2_CompanyWithIndustryCountryAndListedSecurities group=secondary_affected phase=hot rep=6
[2026-05-03 07:20:55] [INFO] [benchmark-progress] candidate=q2_company_with_industry_country_and_listed_securities__g7__update_aware_references row=17/20 query=Q2_CompanyWithIndustryCountryAndListedSecurities group=secondary_affected phase=hot rep=7
[2026-05-03 07:20:55] [INFO] [benchmark-progress] candidate=q2_company_with_industry_country_and_listed_securities__g7__update_aware_references row=18/20 query=Q2_CompanyWithIndustryCountryAndListedSecurities group=secondary_affected phase=hot rep=8
[2026-05-03 07:20:55] [INFO] [benchmark-progress] candidate=q2_company_with_industry_country_and_listed_securities__g7__update_aware_references row=19/20 query=Q2_CompanyWithIndustryCountryAndListedSecurities group=secondary_affected phase=hot rep=9
[2026-05-03 07:20:55] [INFO] [benchmark-progress] candidate=q2_company_with_industry_country_and_listed_securities__g7__update_aware_references row=20/20 query=Q2_CompanyWithIndustryCountryAndListedSecurities group=secondary_affected phase=hot rep=10
[2026-05-03 07:20:55] [INFO] === BENCHMARK COMPLETED candidate=q2_company_with_industry_country_and_listed_securities__g7__update_aware_references rows=20 ===
[2026-05-03 07:20:55] [INFO] === BENCHMARK START candidate=q2_company_with_industry_country_and_listed_securities__g9__tradeoff_benchmark_candidate rows=20 ===
[2026-05-03 07:20:55] [INFO] [benchmark-progress] candidate=q2_company_with_industry_country_and_listed_securities__g9__tradeoff_benchmark_candidate row=1/20 query=Q2_CompanyWithIndustryCountryAndListedSecurities group=secondary_affected phase=cold rep=1
[2026-05-03 07:20:55] [INFO] [benchmark-progress] candidate=q2_company_with_industry_country_and_listed_securities__g9__tradeoff_benchmark_candidate row=2/20 query=Q2_CompanyWithIndustryCountryAndListedSecurities group=secondary_affected phase=cold rep=2
[2026-05-03 07:20:55] [INFO] [benchmark-progress] candidate=q2_company_with_industry_country_and_listed_securities__g9__tradeoff_benchmark_candidate row=3/20 query=Q2_CompanyWithIndustryCountryAndListedSecurities group=secondary_affected phase=cold rep=3
[2026-05-03 07:20:55] [INFO] [benchmark-progress] candidate=q2_company_with_industry_country_and_listed_securities__g9__tradeoff_benchmark_candidate row=4/20 query=Q2_CompanyWithIndustryCountryAndListedSecurities group=secondary_affected phase=cold rep=4
[2026-05-03 07:20:55] [INFO] [benchmark-progress] candidate=q2_company_with_industry_country_and_listed_securities__g9__tradeoff_benchmark_candidate row=5/20 query=Q2_CompanyWithIndustryCountryAndListedSecurities group=secondary_affected phase=cold rep=5
[2026-05-03 07:20:55] [INFO] [benchmark-progress] candidate=q2_company_with_industry_country_and_listed_securities__g9__tradeoff_benchmark_candidate row=6/20 query=Q2_CompanyWithIndustryCountryAndListedSecurities group=secondary_affected phase=cold rep=6
[2026-05-03 07:20:55] [INFO] [benchmark-progress] candidate=q2_company_with_industry_country_and_listed_securities__g9__tradeoff_benchmark_candidate row=7/20 query=Q2_CompanyWithIndustryCountryAndListedSecurities group=secondary_affected phase=cold rep=7
[2026-05-03 07:20:55] [INFO] [benchmark-progress] candidate=q2_company_with_industry_country_and_listed_securities__g9__tradeoff_benchmark_candidate row=8/20 query=Q2_CompanyWithIndustryCountryAndListedSecurities group=secondary_affected phase=cold rep=8
[2026-05-03 07:20:55] [INFO] [benchmark-progress] candidate=q2_company_with_industry_country_and_listed_securities__g9__tradeoff_benchmark_candidate row=9/20 query=Q2_CompanyWithIndustryCountryAndListedSecurities group=secondary_affected phase=cold rep=9
[2026-05-03 07:20:55] [INFO] [benchmark-progress] candidate=q2_company_with_industry_country_and_listed_securities__g9__tradeoff_benchmark_candidate row=10/20 query=Q2_CompanyWithIndustryCountryAndListedSecurities group=secondary_affected phase=cold rep=10
[2026-05-03 07:20:55] [INFO] [benchmark-progress] candidate=q2_company_with_industry_country_and_listed_securities__g9__tradeoff_benchmark_candidate row=11/20 query=Q2_CompanyWithIndustryCountryAndListedSecurities group=secondary_affected phase=hot rep=1
[2026-05-03 07:20:55] [INFO] [benchmark-progress] candidate=q2_company_with_industry_country_and_listed_securities__g9__tradeoff_benchmark_candidate row=12/20 query=Q2_CompanyWithIndustryCountryAndListedSecurities group=secondary_affected phase=hot rep=2
[2026-05-03 07:20:55] [INFO] [benchmark-progress] candidate=q2_company_with_industry_country_and_listed_securities__g9__tradeoff_benchmark_candidate row=13/20 query=Q2_CompanyWithIndustryCountryAndListedSecurities group=secondary_affected phase=hot rep=3
[2026-05-03 07:20:55] [INFO] [benchmark-progress] candidate=q2_company_with_industry_country_and_listed_securities__g9__tradeoff_benchmark_candidate row=14/20 query=Q2_CompanyWithIndustryCountryAndListedSecurities group=secondary_affected phase=hot rep=4
[2026-05-03 07:20:55] [INFO] [benchmark-progress] candidate=q2_company_with_industry_country_and_listed_securities__g9__tradeoff_benchmark_candidate row=15/20 query=Q2_CompanyWithIndustryCountryAndListedSecurities group=secondary_affected phase=hot rep=5
[2026-05-03 07:20:55] [INFO] [benchmark-progress] candidate=q2_company_with_industry_country_and_listed_securities__g9__tradeoff_benchmark_candidate row=16/20 query=Q2_CompanyWithIndustryCountryAndListedSecurities group=secondary_affected phase=hot rep=6
[2026-05-03 07:20:55] [INFO] [benchmark-progress] candidate=q2_company_with_industry_country_and_listed_securities__g9__tradeoff_benchmark_candidate row=17/20 query=Q2_CompanyWithIndustryCountryAndListedSecurities group=secondary_affected phase=hot rep=7
[2026-05-03 07:20:55] [INFO] [benchmark-progress] candidate=q2_company_with_industry_country_and_listed_securities__g9__tradeoff_benchmark_candidate row=18/20 query=Q2_CompanyWithIndustryCountryAndListedSecurities group=secondary_affected phase=hot rep=8
[2026-05-03 07:20:55] [INFO] [benchmark-progress] candidate=q2_company_with_industry_country_and_listed_securities__g9__tradeoff_benchmark_candidate row=19/20 query=Q2_CompanyWithIndustryCountryAndListedSecurities group=secondary_affected phase=hot rep=9
[2026-05-03 07:20:55] [INFO] [benchmark-progress] candidate=q2_company_with_industry_country_and_listed_securities__g9__tradeoff_benchmark_candidate row=20/20 query=Q2_CompanyWithIndustryCountryAndListedSecurities group=secondary_affected phase=hot rep=10
[2026-05-03 07:20:55] [INFO] === BENCHMARK COMPLETED candidate=q2_company_with_industry_country_and_listed_securities__g9__tradeoff_benchmark_candidate rows=20 ===
[2026-05-03 07:20:55] [INFO] === BENCHMARK START candidate=q3_securities_held_in_each_financial_service_account__control__normalized_reference_baseline rows=20 ===
[2026-05-03 07:20:55] [INFO] [benchmark-progress] candidate=q3_securities_held_in_each_financial_service_account__control__normalized_reference_baseline row=1/20 query=Q3_SecuritiesHeldInEachFinancialServiceAccount group=control phase=cold rep=1
[2026-05-03 07:20:55] [INFO] [benchmark-progress] candidate=q3_securities_held_in_each_financial_service_account__control__normalized_reference_baseline row=2/20 query=Q3_SecuritiesHeldInEachFinancialServiceAccount group=control phase=cold rep=2
[2026-05-03 07:20:55] [INFO] [benchmark-progress] candidate=q3_securities_held_in_each_financial_service_account__control__normalized_reference_baseline row=3/20 query=Q3_SecuritiesHeldInEachFinancialServiceAccount group=control phase=cold rep=3
[2026-05-03 07:20:55] [INFO] [benchmark-progress] candidate=q3_securities_held_in_each_financial_service_account__control__normalized_reference_baseline row=4/20 query=Q3_SecuritiesHeldInEachFinancialServiceAccount group=control phase=cold rep=4
[2026-05-03 07:20:55] [INFO] [benchmark-progress] candidate=q3_securities_held_in_each_financial_service_account__control__normalized_reference_baseline row=5/20 query=Q3_SecuritiesHeldInEachFinancialServiceAccount group=control phase=cold rep=5
[2026-05-03 07:20:55] [INFO] [benchmark-progress] candidate=q3_securities_held_in_each_financial_service_account__control__normalized_reference_baseline row=6/20 query=Q3_SecuritiesHeldInEachFinancialServiceAccount group=control phase=cold rep=6
[2026-05-03 07:20:55] [INFO] [benchmark-progress] candidate=q3_securities_held_in_each_financial_service_account__control__normalized_reference_baseline row=7/20 query=Q3_SecuritiesHeldInEachFinancialServiceAccount group=control phase=cold rep=7
[2026-05-03 07:20:55] [INFO] [benchmark-progress] candidate=q3_securities_held_in_each_financial_service_account__control__normalized_reference_baseline row=8/20 query=Q3_SecuritiesHeldInEachFinancialServiceAccount group=control phase=cold rep=8
[2026-05-03 07:20:55] [INFO] [benchmark-progress] candidate=q3_securities_held_in_each_financial_service_account__control__normalized_reference_baseline row=9/20 query=Q3_SecuritiesHeldInEachFinancialServiceAccount group=control phase=cold rep=9
[2026-05-03 07:20:55] [INFO] [benchmark-progress] candidate=q3_securities_held_in_each_financial_service_account__control__normalized_reference_baseline row=10/20 query=Q3_SecuritiesHeldInEachFinancialServiceAccount group=control phase=cold rep=10
[2026-05-03 07:20:55] [INFO] [benchmark-progress] candidate=q3_securities_held_in_each_financial_service_account__control__normalized_reference_baseline row=11/20 query=Q3_SecuritiesHeldInEachFinancialServiceAccount group=control phase=hot rep=1
[2026-05-03 07:20:55] [INFO] [benchmark-progress] candidate=q3_securities_held_in_each_financial_service_account__control__normalized_reference_baseline row=12/20 query=Q3_SecuritiesHeldInEachFinancialServiceAccount group=control phase=hot rep=2
[2026-05-03 07:20:55] [INFO] [benchmark-progress] candidate=q3_securities_held_in_each_financial_service_account__control__normalized_reference_baseline row=13/20 query=Q3_SecuritiesHeldInEachFinancialServiceAccount group=control phase=hot rep=3
[2026-05-03 07:20:55] [INFO] [benchmark-progress] candidate=q3_securities_held_in_each_financial_service_account__control__normalized_reference_baseline row=14/20 query=Q3_SecuritiesHeldInEachFinancialServiceAccount group=control phase=hot rep=4
[2026-05-03 07:20:55] [INFO] [benchmark-progress] candidate=q3_securities_held_in_each_financial_service_account__control__normalized_reference_baseline row=15/20 query=Q3_SecuritiesHeldInEachFinancialServiceAccount group=control phase=hot rep=5
[2026-05-03 07:20:55] [INFO] [benchmark-progress] candidate=q3_securities_held_in_each_financial_service_account__control__normalized_reference_baseline row=16/20 query=Q3_SecuritiesHeldInEachFinancialServiceAccount group=control phase=hot rep=6
[2026-05-03 07:20:55] [INFO] [benchmark-progress] candidate=q3_securities_held_in_each_financial_service_account__control__normalized_reference_baseline row=17/20 query=Q3_SecuritiesHeldInEachFinancialServiceAccount group=control phase=hot rep=7
[2026-05-03 07:20:55] [INFO] [benchmark-progress] candidate=q3_securities_held_in_each_financial_service_account__control__normalized_reference_baseline row=18/20 query=Q3_SecuritiesHeldInEachFinancialServiceAccount group=control phase=hot rep=8
[2026-05-03 07:20:55] [INFO] [benchmark-progress] candidate=q3_securities_held_in_each_financial_service_account__control__normalized_reference_baseline row=19/20 query=Q3_SecuritiesHeldInEachFinancialServiceAccount group=control phase=hot rep=9
[2026-05-03 07:20:55] [INFO] [benchmark-progress] candidate=q3_securities_held_in_each_financial_service_account__control__normalized_reference_baseline row=20/20 query=Q3_SecuritiesHeldInEachFinancialServiceAccount group=control phase=hot rep=10
[2026-05-03 07:20:55] [INFO] === BENCHMARK COMPLETED candidate=q3_securities_held_in_each_financial_service_account__control__normalized_reference_baseline rows=20 ===
[2026-05-03 07:20:55] [INFO] === BENCHMARK START candidate=q3_securities_held_in_each_financial_service_account__g2__embed_containment_children rows=20 ===
[2026-05-03 07:20:55] [INFO] [benchmark-progress] candidate=q3_securities_held_in_each_financial_service_account__g2__embed_containment_children row=1/20 query=Q3_SecuritiesHeldInEachFinancialServiceAccount group=primary phase=cold rep=1
[2026-05-03 07:20:55] [INFO] [benchmark-progress] candidate=q3_securities_held_in_each_financial_service_account__g2__embed_containment_children row=2/20 query=Q3_SecuritiesHeldInEachFinancialServiceAccount group=primary phase=cold rep=2
[2026-05-03 07:20:55] [INFO] [benchmark-progress] candidate=q3_securities_held_in_each_financial_service_account__g2__embed_containment_children row=3/20 query=Q3_SecuritiesHeldInEachFinancialServiceAccount group=primary phase=cold rep=3
[2026-05-03 07:20:55] [INFO] [benchmark-progress] candidate=q3_securities_held_in_each_financial_service_account__g2__embed_containment_children row=4/20 query=Q3_SecuritiesHeldInEachFinancialServiceAccount group=primary phase=cold rep=4
[2026-05-03 07:20:55] [INFO] [benchmark-progress] candidate=q3_securities_held_in_each_financial_service_account__g2__embed_containment_children row=5/20 query=Q3_SecuritiesHeldInEachFinancialServiceAccount group=primary phase=cold rep=5
[2026-05-03 07:20:55] [INFO] [benchmark-progress] candidate=q3_securities_held_in_each_financial_service_account__g2__embed_containment_children row=6/20 query=Q3_SecuritiesHeldInEachFinancialServiceAccount group=primary phase=cold rep=6
[2026-05-03 07:20:55] [INFO] [benchmark-progress] candidate=q3_securities_held_in_each_financial_service_account__g2__embed_containment_children row=7/20 query=Q3_SecuritiesHeldInEachFinancialServiceAccount group=primary phase=cold rep=7
[2026-05-03 07:20:55] [INFO] [benchmark-progress] candidate=q3_securities_held_in_each_financial_service_account__g2__embed_containment_children row=8/20 query=Q3_SecuritiesHeldInEachFinancialServiceAccount group=primary phase=cold rep=8
[2026-05-03 07:20:55] [INFO] [benchmark-progress] candidate=q3_securities_held_in_each_financial_service_account__g2__embed_containment_children row=9/20 query=Q3_SecuritiesHeldInEachFinancialServiceAccount group=primary phase=cold rep=9
[2026-05-03 07:20:55] [INFO] [benchmark-progress] candidate=q3_securities_held_in_each_financial_service_account__g2__embed_containment_children row=10/20 query=Q3_SecuritiesHeldInEachFinancialServiceAccount group=primary phase=cold rep=10
[2026-05-03 07:20:55] [INFO] [benchmark-progress] candidate=q3_securities_held_in_each_financial_service_account__g2__embed_containment_children row=11/20 query=Q3_SecuritiesHeldInEachFinancialServiceAccount group=primary phase=hot rep=1
[2026-05-03 07:20:55] [INFO] [benchmark-progress] candidate=q3_securities_held_in_each_financial_service_account__g2__embed_containment_children row=12/20 query=Q3_SecuritiesHeldInEachFinancialServiceAccount group=primary phase=hot rep=2
[2026-05-03 07:20:55] [INFO] [benchmark-progress] candidate=q3_securities_held_in_each_financial_service_account__g2__embed_containment_children row=13/20 query=Q3_SecuritiesHeldInEachFinancialServiceAccount group=primary phase=hot rep=3
[2026-05-03 07:20:55] [INFO] [benchmark-progress] candidate=q3_securities_held_in_each_financial_service_account__g2__embed_containment_children row=14/20 query=Q3_SecuritiesHeldInEachFinancialServiceAccount group=primary phase=hot rep=4
[2026-05-03 07:20:55] [INFO] [benchmark-progress] candidate=q3_securities_held_in_each_financial_service_account__g2__embed_containment_children row=15/20 query=Q3_SecuritiesHeldInEachFinancialServiceAccount group=primary phase=hot rep=5
[2026-05-03 07:20:55] [INFO] [benchmark-progress] candidate=q3_securities_held_in_each_financial_service_account__g2__embed_containment_children row=16/20 query=Q3_SecuritiesHeldInEachFinancialServiceAccount group=primary phase=hot rep=6
[2026-05-03 07:20:55] [INFO] [benchmark-progress] candidate=q3_securities_held_in_each_financial_service_account__g2__embed_containment_children row=17/20 query=Q3_SecuritiesHeldInEachFinancialServiceAccount group=primary phase=hot rep=7
[2026-05-03 07:20:55] [INFO] [benchmark-progress] candidate=q3_securities_held_in_each_financial_service_account__g2__embed_containment_children row=18/20 query=Q3_SecuritiesHeldInEachFinancialServiceAccount group=primary phase=hot rep=8
[2026-05-03 07:20:55] [INFO] [benchmark-progress] candidate=q3_securities_held_in_each_financial_service_account__g2__embed_containment_children row=19/20 query=Q3_SecuritiesHeldInEachFinancialServiceAccount group=primary phase=hot rep=9
[2026-05-03 07:20:55] [INFO] [benchmark-progress] candidate=q3_securities_held_in_each_financial_service_account__g2__embed_containment_children row=20/20 query=Q3_SecuritiesHeldInEachFinancialServiceAccount group=primary phase=hot rep=10
[2026-05-03 07:20:55] [INFO] === BENCHMARK COMPLETED candidate=q3_securities_held_in_each_financial_service_account__g2__embed_containment_children rows=20 ===
[2026-05-03 07:20:55] [INFO] === BENCHMARK START candidate=q3_securities_held_in_each_financial_service_account__g3__association_references rows=20 ===
[2026-05-03 07:20:55] [INFO] [benchmark-progress] candidate=q3_securities_held_in_each_financial_service_account__g3__association_references row=1/20 query=Q3_SecuritiesHeldInEachFinancialServiceAccount group=primary phase=cold rep=1
[2026-05-03 07:20:55] [INFO] [benchmark-progress] candidate=q3_securities_held_in_each_financial_service_account__g3__association_references row=2/20 query=Q3_SecuritiesHeldInEachFinancialServiceAccount group=primary phase=cold rep=2
[2026-05-03 07:20:55] [INFO] [benchmark-progress] candidate=q3_securities_held_in_each_financial_service_account__g3__association_references row=3/20 query=Q3_SecuritiesHeldInEachFinancialServiceAccount group=primary phase=cold rep=3
[2026-05-03 07:20:55] [INFO] [benchmark-progress] candidate=q3_securities_held_in_each_financial_service_account__g3__association_references row=4/20 query=Q3_SecuritiesHeldInEachFinancialServiceAccount group=primary phase=cold rep=4
[2026-05-03 07:20:55] [INFO] [benchmark-progress] candidate=q3_securities_held_in_each_financial_service_account__g3__association_references row=5/20 query=Q3_SecuritiesHeldInEachFinancialServiceAccount group=primary phase=cold rep=5
[2026-05-03 07:20:55] [INFO] [benchmark-progress] candidate=q3_securities_held_in_each_financial_service_account__g3__association_references row=6/20 query=Q3_SecuritiesHeldInEachFinancialServiceAccount group=primary phase=cold rep=6
[2026-05-03 07:20:55] [INFO] [benchmark-progress] candidate=q3_securities_held_in_each_financial_service_account__g3__association_references row=7/20 query=Q3_SecuritiesHeldInEachFinancialServiceAccount group=primary phase=cold rep=7
[2026-05-03 07:20:55] [INFO] [benchmark-progress] candidate=q3_securities_held_in_each_financial_service_account__g3__association_references row=8/20 query=Q3_SecuritiesHeldInEachFinancialServiceAccount group=primary phase=cold rep=8
[2026-05-03 07:20:55] [INFO] [benchmark-progress] candidate=q3_securities_held_in_each_financial_service_account__g3__association_references row=9/20 query=Q3_SecuritiesHeldInEachFinancialServiceAccount group=primary phase=cold rep=9
[2026-05-03 07:20:55] [INFO] [benchmark-progress] candidate=q3_securities_held_in_each_financial_service_account__g3__association_references row=10/20 query=Q3_SecuritiesHeldInEachFinancialServiceAccount group=primary phase=cold rep=10
[2026-05-03 07:20:55] [INFO] [benchmark-progress] candidate=q3_securities_held_in_each_financial_service_account__g3__association_references row=11/20 query=Q3_SecuritiesHeldInEachFinancialServiceAccount group=primary phase=hot rep=1
[2026-05-03 07:20:55] [INFO] [benchmark-progress] candidate=q3_securities_held_in_each_financial_service_account__g3__association_references row=12/20 query=Q3_SecuritiesHeldInEachFinancialServiceAccount group=primary phase=hot rep=2
[2026-05-03 07:20:55] [INFO] [benchmark-progress] candidate=q3_securities_held_in_each_financial_service_account__g3__association_references row=13/20 query=Q3_SecuritiesHeldInEachFinancialServiceAccount group=primary phase=hot rep=3
[2026-05-03 07:20:55] [INFO] [benchmark-progress] candidate=q3_securities_held_in_each_financial_service_account__g3__association_references row=14/20 query=Q3_SecuritiesHeldInEachFinancialServiceAccount group=primary phase=hot rep=4
[2026-05-03 07:20:55] [INFO] [benchmark-progress] candidate=q3_securities_held_in_each_financial_service_account__g3__association_references row=15/20 query=Q3_SecuritiesHeldInEachFinancialServiceAccount group=primary phase=hot rep=5
[2026-05-03 07:20:55] [INFO] [benchmark-progress] candidate=q3_securities_held_in_each_financial_service_account__g3__association_references row=16/20 query=Q3_SecuritiesHeldInEachFinancialServiceAccount group=primary phase=hot rep=6
[2026-05-03 07:20:55] [INFO] [benchmark-progress] candidate=q3_securities_held_in_each_financial_service_account__g3__association_references row=17/20 query=Q3_SecuritiesHeldInEachFinancialServiceAccount group=primary phase=hot rep=7
[2026-05-03 07:20:55] [INFO] [benchmark-progress] candidate=q3_securities_held_in_each_financial_service_account__g3__association_references row=18/20 query=Q3_SecuritiesHeldInEachFinancialServiceAccount group=primary phase=hot rep=8
[2026-05-03 07:20:55] [INFO] [benchmark-progress] candidate=q3_securities_held_in_each_financial_service_account__g3__association_references row=19/20 query=Q3_SecuritiesHeldInEachFinancialServiceAccount group=primary phase=hot rep=9
[2026-05-03 07:20:55] [INFO] [benchmark-progress] candidate=q3_securities_held_in_each_financial_service_account__g3__association_references row=20/20 query=Q3_SecuritiesHeldInEachFinancialServiceAccount group=primary phase=hot rep=10
[2026-05-03 07:20:55] [INFO] === BENCHMARK COMPLETED candidate=q3_securities_held_in_each_financial_service_account__g3__association_references rows=20 ===
[2026-05-03 07:20:55] [INFO] === BENCHMARK START candidate=q3_securities_held_in_each_financial_service_account__g4__deep_nested_path rows=20 ===
[2026-05-03 07:20:55] [INFO] [benchmark-progress] candidate=q3_securities_held_in_each_financial_service_account__g4__deep_nested_path row=1/20 query=Q3_SecuritiesHeldInEachFinancialServiceAccount group=primary phase=cold rep=1
[2026-05-03 07:20:55] [INFO] [benchmark-progress] candidate=q3_securities_held_in_each_financial_service_account__g4__deep_nested_path row=2/20 query=Q3_SecuritiesHeldInEachFinancialServiceAccount group=primary phase=cold rep=2
[2026-05-03 07:20:55] [INFO] [benchmark-progress] candidate=q3_securities_held_in_each_financial_service_account__g4__deep_nested_path row=3/20 query=Q3_SecuritiesHeldInEachFinancialServiceAccount group=primary phase=cold rep=3
[2026-05-03 07:20:55] [INFO] [benchmark-progress] candidate=q3_securities_held_in_each_financial_service_account__g4__deep_nested_path row=4/20 query=Q3_SecuritiesHeldInEachFinancialServiceAccount group=primary phase=cold rep=4
[2026-05-03 07:20:55] [INFO] [benchmark-progress] candidate=q3_securities_held_in_each_financial_service_account__g4__deep_nested_path row=5/20 query=Q3_SecuritiesHeldInEachFinancialServiceAccount group=primary phase=cold rep=5
[2026-05-03 07:20:55] [INFO] [benchmark-progress] candidate=q3_securities_held_in_each_financial_service_account__g4__deep_nested_path row=6/20 query=Q3_SecuritiesHeldInEachFinancialServiceAccount group=primary phase=cold rep=6
[2026-05-03 07:20:55] [INFO] [benchmark-progress] candidate=q3_securities_held_in_each_financial_service_account__g4__deep_nested_path row=7/20 query=Q3_SecuritiesHeldInEachFinancialServiceAccount group=primary phase=cold rep=7
[2026-05-03 07:20:55] [INFO] [benchmark-progress] candidate=q3_securities_held_in_each_financial_service_account__g4__deep_nested_path row=8/20 query=Q3_SecuritiesHeldInEachFinancialServiceAccount group=primary phase=cold rep=8
[2026-05-03 07:20:55] [INFO] [benchmark-progress] candidate=q3_securities_held_in_each_financial_service_account__g4__deep_nested_path row=9/20 query=Q3_SecuritiesHeldInEachFinancialServiceAccount group=primary phase=cold rep=9
[2026-05-03 07:20:55] [INFO] [benchmark-progress] candidate=q3_securities_held_in_each_financial_service_account__g4__deep_nested_path row=10/20 query=Q3_SecuritiesHeldInEachFinancialServiceAccount group=primary phase=cold rep=10
[2026-05-03 07:20:55] [INFO] [benchmark-progress] candidate=q3_securities_held_in_each_financial_service_account__g4__deep_nested_path row=11/20 query=Q3_SecuritiesHeldInEachFinancialServiceAccount group=primary phase=hot rep=1
[2026-05-03 07:20:55] [INFO] [benchmark-progress] candidate=q3_securities_held_in_each_financial_service_account__g4__deep_nested_path row=12/20 query=Q3_SecuritiesHeldInEachFinancialServiceAccount group=primary phase=hot rep=2
[2026-05-03 07:20:55] [INFO] [benchmark-progress] candidate=q3_securities_held_in_each_financial_service_account__g4__deep_nested_path row=13/20 query=Q3_SecuritiesHeldInEachFinancialServiceAccount group=primary phase=hot rep=3
[2026-05-03 07:20:55] [INFO] [benchmark-progress] candidate=q3_securities_held_in_each_financial_service_account__g4__deep_nested_path row=14/20 query=Q3_SecuritiesHeldInEachFinancialServiceAccount group=primary phase=hot rep=4
[2026-05-03 07:20:55] [INFO] [benchmark-progress] candidate=q3_securities_held_in_each_financial_service_account__g4__deep_nested_path row=15/20 query=Q3_SecuritiesHeldInEachFinancialServiceAccount group=primary phase=hot rep=5
[2026-05-03 07:20:55] [INFO] [benchmark-progress] candidate=q3_securities_held_in_each_financial_service_account__g4__deep_nested_path row=16/20 query=Q3_SecuritiesHeldInEachFinancialServiceAccount group=primary phase=hot rep=6
[2026-05-03 07:20:55] [INFO] [benchmark-progress] candidate=q3_securities_held_in_each_financial_service_account__g4__deep_nested_path row=17/20 query=Q3_SecuritiesHeldInEachFinancialServiceAccount group=primary phase=hot rep=7
[2026-05-03 07:20:55] [INFO] [benchmark-progress] candidate=q3_securities_held_in_each_financial_service_account__g4__deep_nested_path row=18/20 query=Q3_SecuritiesHeldInEachFinancialServiceAccount group=primary phase=hot rep=8
[2026-05-03 07:20:55] [INFO] [benchmark-progress] candidate=q3_securities_held_in_each_financial_service_account__g4__deep_nested_path row=19/20 query=Q3_SecuritiesHeldInEachFinancialServiceAccount group=primary phase=hot rep=9
[2026-05-03 07:20:55] [INFO] [benchmark-progress] candidate=q3_securities_held_in_each_financial_service_account__g4__deep_nested_path row=20/20 query=Q3_SecuritiesHeldInEachFinancialServiceAccount group=primary phase=hot rep=10
[2026-05-03 07:20:55] [INFO] === BENCHMARK COMPLETED candidate=q3_securities_held_in_each_financial_service_account__g4__deep_nested_path rows=20 ===
[2026-05-03 07:20:55] [INFO] === BENCHMARK START candidate=q3_securities_held_in_each_financial_service_account__g5__shared_targets_as_references rows=20 ===
[2026-05-03 07:20:55] [INFO] [benchmark-progress] candidate=q3_securities_held_in_each_financial_service_account__g5__shared_targets_as_references row=1/20 query=Q3_SecuritiesHeldInEachFinancialServiceAccount group=primary phase=cold rep=1
[2026-05-03 07:20:55] [INFO] [benchmark-progress] candidate=q3_securities_held_in_each_financial_service_account__g5__shared_targets_as_references row=2/20 query=Q3_SecuritiesHeldInEachFinancialServiceAccount group=primary phase=cold rep=2
[2026-05-03 07:20:55] [INFO] [benchmark-progress] candidate=q3_securities_held_in_each_financial_service_account__g5__shared_targets_as_references row=3/20 query=Q3_SecuritiesHeldInEachFinancialServiceAccount group=primary phase=cold rep=3
[2026-05-03 07:20:55] [INFO] [benchmark-progress] candidate=q3_securities_held_in_each_financial_service_account__g5__shared_targets_as_references row=4/20 query=Q3_SecuritiesHeldInEachFinancialServiceAccount group=primary phase=cold rep=4
[2026-05-03 07:20:55] [INFO] [benchmark-progress] candidate=q3_securities_held_in_each_financial_service_account__g5__shared_targets_as_references row=5/20 query=Q3_SecuritiesHeldInEachFinancialServiceAccount group=primary phase=cold rep=5
[2026-05-03 07:20:55] [INFO] [benchmark-progress] candidate=q3_securities_held_in_each_financial_service_account__g5__shared_targets_as_references row=6/20 query=Q3_SecuritiesHeldInEachFinancialServiceAccount group=primary phase=cold rep=6
[2026-05-03 07:20:55] [INFO] [benchmark-progress] candidate=q3_securities_held_in_each_financial_service_account__g5__shared_targets_as_references row=7/20 query=Q3_SecuritiesHeldInEachFinancialServiceAccount group=primary phase=cold rep=7
[2026-05-03 07:20:55] [INFO] [benchmark-progress] candidate=q3_securities_held_in_each_financial_service_account__g5__shared_targets_as_references row=8/20 query=Q3_SecuritiesHeldInEachFinancialServiceAccount group=primary phase=cold rep=8
[2026-05-03 07:20:55] [INFO] [benchmark-progress] candidate=q3_securities_held_in_each_financial_service_account__g5__shared_targets_as_references row=9/20 query=Q3_SecuritiesHeldInEachFinancialServiceAccount group=primary phase=cold rep=9
[2026-05-03 07:20:55] [INFO] [benchmark-progress] candidate=q3_securities_held_in_each_financial_service_account__g5__shared_targets_as_references row=10/20 query=Q3_SecuritiesHeldInEachFinancialServiceAccount group=primary phase=cold rep=10
[2026-05-03 07:20:55] [INFO] [benchmark-progress] candidate=q3_securities_held_in_each_financial_service_account__g5__shared_targets_as_references row=11/20 query=Q3_SecuritiesHeldInEachFinancialServiceAccount group=primary phase=hot rep=1
[2026-05-03 07:20:55] [INFO] [benchmark-progress] candidate=q3_securities_held_in_each_financial_service_account__g5__shared_targets_as_references row=12/20 query=Q3_SecuritiesHeldInEachFinancialServiceAccount group=primary phase=hot rep=2
[2026-05-03 07:20:55] [INFO] [benchmark-progress] candidate=q3_securities_held_in_each_financial_service_account__g5__shared_targets_as_references row=13/20 query=Q3_SecuritiesHeldInEachFinancialServiceAccount group=primary phase=hot rep=3
[2026-05-03 07:20:55] [INFO] [benchmark-progress] candidate=q3_securities_held_in_each_financial_service_account__g5__shared_targets_as_references row=14/20 query=Q3_SecuritiesHeldInEachFinancialServiceAccount group=primary phase=hot rep=4
[2026-05-03 07:20:55] [INFO] [benchmark-progress] candidate=q3_securities_held_in_each_financial_service_account__g5__shared_targets_as_references row=15/20 query=Q3_SecuritiesHeldInEachFinancialServiceAccount group=primary phase=hot rep=5
[2026-05-03 07:20:55] [INFO] [benchmark-progress] candidate=q3_securities_held_in_each_financial_service_account__g5__shared_targets_as_references row=16/20 query=Q3_SecuritiesHeldInEachFinancialServiceAccount group=primary phase=hot rep=6
[2026-05-03 07:20:55] [INFO] [benchmark-progress] candidate=q3_securities_held_in_each_financial_service_account__g5__shared_targets_as_references row=17/20 query=Q3_SecuritiesHeldInEachFinancialServiceAccount group=primary phase=hot rep=7
[2026-05-03 07:20:55] [INFO] [benchmark-progress] candidate=q3_securities_held_in_each_financial_service_account__g5__shared_targets_as_references row=18/20 query=Q3_SecuritiesHeldInEachFinancialServiceAccount group=primary phase=hot rep=8
[2026-05-03 07:20:55] [INFO] [benchmark-progress] candidate=q3_securities_held_in_each_financial_service_account__g5__shared_targets_as_references row=19/20 query=Q3_SecuritiesHeldInEachFinancialServiceAccount group=primary phase=hot rep=9
[2026-05-03 07:20:55] [INFO] [benchmark-progress] candidate=q3_securities_held_in_each_financial_service_account__g5__shared_targets_as_references row=20/20 query=Q3_SecuritiesHeldInEachFinancialServiceAccount group=primary phase=hot rep=10
[2026-05-03 07:20:55] [INFO] === BENCHMARK COMPLETED candidate=q3_securities_held_in_each_financial_service_account__g5__shared_targets_as_references rows=20 ===
[2026-05-03 07:20:55] [INFO] === BENCHMARK START candidate=q3_securities_held_in_each_financial_service_account__g7__update_aware_references rows=20 ===
[2026-05-03 07:20:55] [INFO] [benchmark-progress] candidate=q3_securities_held_in_each_financial_service_account__g7__update_aware_references row=1/20 query=Q3_SecuritiesHeldInEachFinancialServiceAccount group=secondary_affected phase=cold rep=1
[2026-05-03 07:20:55] [INFO] [benchmark-progress] candidate=q3_securities_held_in_each_financial_service_account__g7__update_aware_references row=2/20 query=Q3_SecuritiesHeldInEachFinancialServiceAccount group=secondary_affected phase=cold rep=2
[2026-05-03 07:20:55] [INFO] [benchmark-progress] candidate=q3_securities_held_in_each_financial_service_account__g7__update_aware_references row=3/20 query=Q3_SecuritiesHeldInEachFinancialServiceAccount group=secondary_affected phase=cold rep=3
[2026-05-03 07:20:55] [INFO] [benchmark-progress] candidate=q3_securities_held_in_each_financial_service_account__g7__update_aware_references row=4/20 query=Q3_SecuritiesHeldInEachFinancialServiceAccount group=secondary_affected phase=cold rep=4
[2026-05-03 07:20:55] [INFO] [benchmark-progress] candidate=q3_securities_held_in_each_financial_service_account__g7__update_aware_references row=5/20 query=Q3_SecuritiesHeldInEachFinancialServiceAccount group=secondary_affected phase=cold rep=5
[2026-05-03 07:20:55] [INFO] [benchmark-progress] candidate=q3_securities_held_in_each_financial_service_account__g7__update_aware_references row=6/20 query=Q3_SecuritiesHeldInEachFinancialServiceAccount group=secondary_affected phase=cold rep=6
[2026-05-03 07:20:55] [INFO] [benchmark-progress] candidate=q3_securities_held_in_each_financial_service_account__g7__update_aware_references row=7/20 query=Q3_SecuritiesHeldInEachFinancialServiceAccount group=secondary_affected phase=cold rep=7
[2026-05-03 07:20:55] [INFO] [benchmark-progress] candidate=q3_securities_held_in_each_financial_service_account__g7__update_aware_references row=8/20 query=Q3_SecuritiesHeldInEachFinancialServiceAccount group=secondary_affected phase=cold rep=8
[2026-05-03 07:20:55] [INFO] [benchmark-progress] candidate=q3_securities_held_in_each_financial_service_account__g7__update_aware_references row=9/20 query=Q3_SecuritiesHeldInEachFinancialServiceAccount group=secondary_affected phase=cold rep=9
[2026-05-03 07:20:55] [INFO] [benchmark-progress] candidate=q3_securities_held_in_each_financial_service_account__g7__update_aware_references row=10/20 query=Q3_SecuritiesHeldInEachFinancialServiceAccount group=secondary_affected phase=cold rep=10
[2026-05-03 07:20:55] [INFO] [benchmark-progress] candidate=q3_securities_held_in_each_financial_service_account__g7__update_aware_references row=11/20 query=Q3_SecuritiesHeldInEachFinancialServiceAccount group=secondary_affected phase=hot rep=1
[2026-05-03 07:20:55] [INFO] [benchmark-progress] candidate=q3_securities_held_in_each_financial_service_account__g7__update_aware_references row=12/20 query=Q3_SecuritiesHeldInEachFinancialServiceAccount group=secondary_affected phase=hot rep=2
[2026-05-03 07:20:55] [INFO] [benchmark-progress] candidate=q3_securities_held_in_each_financial_service_account__g7__update_aware_references row=13/20 query=Q3_SecuritiesHeldInEachFinancialServiceAccount group=secondary_affected phase=hot rep=3
[2026-05-03 07:20:55] [INFO] [benchmark-progress] candidate=q3_securities_held_in_each_financial_service_account__g7__update_aware_references row=14/20 query=Q3_SecuritiesHeldInEachFinancialServiceAccount group=secondary_affected phase=hot rep=4
[2026-05-03 07:20:55] [INFO] [benchmark-progress] candidate=q3_securities_held_in_each_financial_service_account__g7__update_aware_references row=15/20 query=Q3_SecuritiesHeldInEachFinancialServiceAccount group=secondary_affected phase=hot rep=5
[2026-05-03 07:20:55] [INFO] [benchmark-progress] candidate=q3_securities_held_in_each_financial_service_account__g7__update_aware_references row=16/20 query=Q3_SecuritiesHeldInEachFinancialServiceAccount group=secondary_affected phase=hot rep=6
[2026-05-03 07:20:55] [INFO] [benchmark-progress] candidate=q3_securities_held_in_each_financial_service_account__g7__update_aware_references row=17/20 query=Q3_SecuritiesHeldInEachFinancialServiceAccount group=secondary_affected phase=hot rep=7
[2026-05-03 07:20:55] [INFO] [benchmark-progress] candidate=q3_securities_held_in_each_financial_service_account__g7__update_aware_references row=18/20 query=Q3_SecuritiesHeldInEachFinancialServiceAccount group=secondary_affected phase=hot rep=8
[2026-05-03 07:20:55] [INFO] [benchmark-progress] candidate=q3_securities_held_in_each_financial_service_account__g7__update_aware_references row=19/20 query=Q3_SecuritiesHeldInEachFinancialServiceAccount group=secondary_affected phase=hot rep=9
[2026-05-03 07:20:55] [INFO] [benchmark-progress] candidate=q3_securities_held_in_each_financial_service_account__g7__update_aware_references row=20/20 query=Q3_SecuritiesHeldInEachFinancialServiceAccount group=secondary_affected phase=hot rep=10
[2026-05-03 07:20:55] [INFO] === BENCHMARK COMPLETED candidate=q3_securities_held_in_each_financial_service_account__g7__update_aware_references rows=20 ===
[2026-05-03 07:20:55] [INFO] === BENCHMARK START candidate=q3_securities_held_in_each_financial_service_account__g9__tradeoff_benchmark_candidate rows=20 ===
[2026-05-03 07:20:55] [INFO] [benchmark-progress] candidate=q3_securities_held_in_each_financial_service_account__g9__tradeoff_benchmark_candidate row=1/20 query=Q3_SecuritiesHeldInEachFinancialServiceAccount group=secondary_affected phase=cold rep=1
[2026-05-03 07:20:55] [INFO] [benchmark-progress] candidate=q3_securities_held_in_each_financial_service_account__g9__tradeoff_benchmark_candidate row=2/20 query=Q3_SecuritiesHeldInEachFinancialServiceAccount group=secondary_affected phase=cold rep=2
[2026-05-03 07:20:55] [INFO] [benchmark-progress] candidate=q3_securities_held_in_each_financial_service_account__g9__tradeoff_benchmark_candidate row=3/20 query=Q3_SecuritiesHeldInEachFinancialServiceAccount group=secondary_affected phase=cold rep=3
[2026-05-03 07:20:55] [INFO] [benchmark-progress] candidate=q3_securities_held_in_each_financial_service_account__g9__tradeoff_benchmark_candidate row=4/20 query=Q3_SecuritiesHeldInEachFinancialServiceAccount group=secondary_affected phase=cold rep=4
[2026-05-03 07:20:55] [INFO] [benchmark-progress] candidate=q3_securities_held_in_each_financial_service_account__g9__tradeoff_benchmark_candidate row=5/20 query=Q3_SecuritiesHeldInEachFinancialServiceAccount group=secondary_affected phase=cold rep=5
[2026-05-03 07:20:55] [INFO] [benchmark-progress] candidate=q3_securities_held_in_each_financial_service_account__g9__tradeoff_benchmark_candidate row=6/20 query=Q3_SecuritiesHeldInEachFinancialServiceAccount group=secondary_affected phase=cold rep=6
[2026-05-03 07:20:55] [INFO] [benchmark-progress] candidate=q3_securities_held_in_each_financial_service_account__g9__tradeoff_benchmark_candidate row=7/20 query=Q3_SecuritiesHeldInEachFinancialServiceAccount group=secondary_affected phase=cold rep=7
[2026-05-03 07:20:55] [INFO] [benchmark-progress] candidate=q3_securities_held_in_each_financial_service_account__g9__tradeoff_benchmark_candidate row=8/20 query=Q3_SecuritiesHeldInEachFinancialServiceAccount group=secondary_affected phase=cold rep=8
[2026-05-03 07:20:55] [INFO] [benchmark-progress] candidate=q3_securities_held_in_each_financial_service_account__g9__tradeoff_benchmark_candidate row=9/20 query=Q3_SecuritiesHeldInEachFinancialServiceAccount group=secondary_affected phase=cold rep=9
[2026-05-03 07:20:55] [INFO] [benchmark-progress] candidate=q3_securities_held_in_each_financial_service_account__g9__tradeoff_benchmark_candidate row=10/20 query=Q3_SecuritiesHeldInEachFinancialServiceAccount group=secondary_affected phase=cold rep=10
[2026-05-03 07:20:55] [INFO] [benchmark-progress] candidate=q3_securities_held_in_each_financial_service_account__g9__tradeoff_benchmark_candidate row=11/20 query=Q3_SecuritiesHeldInEachFinancialServiceAccount group=secondary_affected phase=hot rep=1
[2026-05-03 07:20:55] [INFO] [benchmark-progress] candidate=q3_securities_held_in_each_financial_service_account__g9__tradeoff_benchmark_candidate row=12/20 query=Q3_SecuritiesHeldInEachFinancialServiceAccount group=secondary_affected phase=hot rep=2
[2026-05-03 07:20:55] [INFO] [benchmark-progress] candidate=q3_securities_held_in_each_financial_service_account__g9__tradeoff_benchmark_candidate row=13/20 query=Q3_SecuritiesHeldInEachFinancialServiceAccount group=secondary_affected phase=hot rep=3
[2026-05-03 07:20:55] [INFO] [benchmark-progress] candidate=q3_securities_held_in_each_financial_service_account__g9__tradeoff_benchmark_candidate row=14/20 query=Q3_SecuritiesHeldInEachFinancialServiceAccount group=secondary_affected phase=hot rep=4
[2026-05-03 07:20:55] [INFO] [benchmark-progress] candidate=q3_securities_held_in_each_financial_service_account__g9__tradeoff_benchmark_candidate row=15/20 query=Q3_SecuritiesHeldInEachFinancialServiceAccount group=secondary_affected phase=hot rep=5
[2026-05-03 07:20:55] [INFO] [benchmark-progress] candidate=q3_securities_held_in_each_financial_service_account__g9__tradeoff_benchmark_candidate row=16/20 query=Q3_SecuritiesHeldInEachFinancialServiceAccount group=secondary_affected phase=hot rep=6
[2026-05-03 07:20:55] [INFO] [benchmark-progress] candidate=q3_securities_held_in_each_financial_service_account__g9__tradeoff_benchmark_candidate row=17/20 query=Q3_SecuritiesHeldInEachFinancialServiceAccount group=secondary_affected phase=hot rep=7
[2026-05-03 07:20:55] [INFO] [benchmark-progress] candidate=q3_securities_held_in_each_financial_service_account__g9__tradeoff_benchmark_candidate row=18/20 query=Q3_SecuritiesHeldInEachFinancialServiceAccount group=secondary_affected phase=hot rep=8
[2026-05-03 07:20:55] [INFO] [benchmark-progress] candidate=q3_securities_held_in_each_financial_service_account__g9__tradeoff_benchmark_candidate row=19/20 query=Q3_SecuritiesHeldInEachFinancialServiceAccount group=secondary_affected phase=hot rep=9
[2026-05-03 07:20:55] [INFO] [benchmark-progress] candidate=q3_securities_held_in_each_financial_service_account__g9__tradeoff_benchmark_candidate row=20/20 query=Q3_SecuritiesHeldInEachFinancialServiceAccount group=secondary_affected phase=hot rep=10
[2026-05-03 07:20:55] [INFO] === BENCHMARK COMPLETED candidate=q3_securities_held_in_each_financial_service_account__g9__tradeoff_benchmark_candidate rows=20 ===
[2026-05-03 07:20:55] [INFO] === BENCHMARK START candidate=q4_companies_reached_from_person_through_account_holding_listed_security__control__normalized_reference_baseline rows=20 ===
[2026-05-03 07:20:55] [INFO] [benchmark-progress] candidate=q4_companies_reached_from_person_through_account_holding_listed_security__control__normalized_reference_baseline row=1/20 query=Q4_CompaniesReachedFromPersonThroughAccountHoldingListedSecurity group=control phase=cold rep=1
[2026-05-03 07:20:55] [INFO] [benchmark-progress] candidate=q4_companies_reached_from_person_through_account_holding_listed_security__control__normalized_reference_baseline row=2/20 query=Q4_CompaniesReachedFromPersonThroughAccountHoldingListedSecurity group=control phase=cold rep=2
[2026-05-03 07:20:55] [INFO] [benchmark-progress] candidate=q4_companies_reached_from_person_through_account_holding_listed_security__control__normalized_reference_baseline row=3/20 query=Q4_CompaniesReachedFromPersonThroughAccountHoldingListedSecurity group=control phase=cold rep=3
[2026-05-03 07:20:55] [INFO] [benchmark-progress] candidate=q4_companies_reached_from_person_through_account_holding_listed_security__control__normalized_reference_baseline row=4/20 query=Q4_CompaniesReachedFromPersonThroughAccountHoldingListedSecurity group=control phase=cold rep=4
[2026-05-03 07:20:55] [INFO] [benchmark-progress] candidate=q4_companies_reached_from_person_through_account_holding_listed_security__control__normalized_reference_baseline row=5/20 query=Q4_CompaniesReachedFromPersonThroughAccountHoldingListedSecurity group=control phase=cold rep=5
[2026-05-03 07:20:55] [INFO] [benchmark-progress] candidate=q4_companies_reached_from_person_through_account_holding_listed_security__control__normalized_reference_baseline row=6/20 query=Q4_CompaniesReachedFromPersonThroughAccountHoldingListedSecurity group=control phase=cold rep=6
[2026-05-03 07:20:55] [INFO] [benchmark-progress] candidate=q4_companies_reached_from_person_through_account_holding_listed_security__control__normalized_reference_baseline row=7/20 query=Q4_CompaniesReachedFromPersonThroughAccountHoldingListedSecurity group=control phase=cold rep=7
[2026-05-03 07:20:55] [INFO] [benchmark-progress] candidate=q4_companies_reached_from_person_through_account_holding_listed_security__control__normalized_reference_baseline row=8/20 query=Q4_CompaniesReachedFromPersonThroughAccountHoldingListedSecurity group=control phase=cold rep=8
[2026-05-03 07:20:55] [INFO] [benchmark-progress] candidate=q4_companies_reached_from_person_through_account_holding_listed_security__control__normalized_reference_baseline row=9/20 query=Q4_CompaniesReachedFromPersonThroughAccountHoldingListedSecurity group=control phase=cold rep=9
[2026-05-03 07:20:55] [INFO] [benchmark-progress] candidate=q4_companies_reached_from_person_through_account_holding_listed_security__control__normalized_reference_baseline row=10/20 query=Q4_CompaniesReachedFromPersonThroughAccountHoldingListedSecurity group=control phase=cold rep=10
[2026-05-03 07:20:55] [INFO] [benchmark-progress] candidate=q4_companies_reached_from_person_through_account_holding_listed_security__control__normalized_reference_baseline row=11/20 query=Q4_CompaniesReachedFromPersonThroughAccountHoldingListedSecurity group=control phase=hot rep=1
[2026-05-03 07:20:55] [INFO] [benchmark-progress] candidate=q4_companies_reached_from_person_through_account_holding_listed_security__control__normalized_reference_baseline row=12/20 query=Q4_CompaniesReachedFromPersonThroughAccountHoldingListedSecurity group=control phase=hot rep=2
[2026-05-03 07:20:55] [INFO] [benchmark-progress] candidate=q4_companies_reached_from_person_through_account_holding_listed_security__control__normalized_reference_baseline row=13/20 query=Q4_CompaniesReachedFromPersonThroughAccountHoldingListedSecurity group=control phase=hot rep=3
[2026-05-03 07:20:55] [INFO] [benchmark-progress] candidate=q4_companies_reached_from_person_through_account_holding_listed_security__control__normalized_reference_baseline row=14/20 query=Q4_CompaniesReachedFromPersonThroughAccountHoldingListedSecurity group=control phase=hot rep=4
[2026-05-03 07:20:55] [INFO] [benchmark-progress] candidate=q4_companies_reached_from_person_through_account_holding_listed_security__control__normalized_reference_baseline row=15/20 query=Q4_CompaniesReachedFromPersonThroughAccountHoldingListedSecurity group=control phase=hot rep=5
[2026-05-03 07:20:55] [INFO] [benchmark-progress] candidate=q4_companies_reached_from_person_through_account_holding_listed_security__control__normalized_reference_baseline row=16/20 query=Q4_CompaniesReachedFromPersonThroughAccountHoldingListedSecurity group=control phase=hot rep=6
[2026-05-03 07:20:55] [INFO] [benchmark-progress] candidate=q4_companies_reached_from_person_through_account_holding_listed_security__control__normalized_reference_baseline row=17/20 query=Q4_CompaniesReachedFromPersonThroughAccountHoldingListedSecurity group=control phase=hot rep=7
[2026-05-03 07:20:55] [INFO] [benchmark-progress] candidate=q4_companies_reached_from_person_through_account_holding_listed_security__control__normalized_reference_baseline row=18/20 query=Q4_CompaniesReachedFromPersonThroughAccountHoldingListedSecurity group=control phase=hot rep=8
[2026-05-03 07:20:55] [INFO] [benchmark-progress] candidate=q4_companies_reached_from_person_through_account_holding_listed_security__control__normalized_reference_baseline row=19/20 query=Q4_CompaniesReachedFromPersonThroughAccountHoldingListedSecurity group=control phase=hot rep=9
[2026-05-03 07:20:55] [INFO] [benchmark-progress] candidate=q4_companies_reached_from_person_through_account_holding_listed_security__control__normalized_reference_baseline row=20/20 query=Q4_CompaniesReachedFromPersonThroughAccountHoldingListedSecurity group=control phase=hot rep=10
[2026-05-03 07:20:55] [INFO] === BENCHMARK COMPLETED candidate=q4_companies_reached_from_person_through_account_holding_listed_security__control__normalized_reference_baseline rows=20 ===
[2026-05-03 07:20:55] [INFO] === BENCHMARK START candidate=q4_companies_reached_from_person_through_account_holding_listed_security__g2__embed_containment_children rows=20 ===
[2026-05-03 07:20:55] [INFO] [benchmark-progress] candidate=q4_companies_reached_from_person_through_account_holding_listed_security__g2__embed_containment_children row=1/20 query=Q4_CompaniesReachedFromPersonThroughAccountHoldingListedSecurity group=primary phase=cold rep=1
[2026-05-03 07:20:55] [INFO] [benchmark-progress] candidate=q4_companies_reached_from_person_through_account_holding_listed_security__g2__embed_containment_children row=2/20 query=Q4_CompaniesReachedFromPersonThroughAccountHoldingListedSecurity group=primary phase=cold rep=2
[2026-05-03 07:20:55] [INFO] [benchmark-progress] candidate=q4_companies_reached_from_person_through_account_holding_listed_security__g2__embed_containment_children row=3/20 query=Q4_CompaniesReachedFromPersonThroughAccountHoldingListedSecurity group=primary phase=cold rep=3
[2026-05-03 07:20:55] [INFO] [benchmark-progress] candidate=q4_companies_reached_from_person_through_account_holding_listed_security__g2__embed_containment_children row=4/20 query=Q4_CompaniesReachedFromPersonThroughAccountHoldingListedSecurity group=primary phase=cold rep=4
[2026-05-03 07:20:55] [INFO] [benchmark-progress] candidate=q4_companies_reached_from_person_through_account_holding_listed_security__g2__embed_containment_children row=5/20 query=Q4_CompaniesReachedFromPersonThroughAccountHoldingListedSecurity group=primary phase=cold rep=5
[2026-05-03 07:20:55] [INFO] [benchmark-progress] candidate=q4_companies_reached_from_person_through_account_holding_listed_security__g2__embed_containment_children row=6/20 query=Q4_CompaniesReachedFromPersonThroughAccountHoldingListedSecurity group=primary phase=cold rep=6
[2026-05-03 07:20:55] [INFO] [benchmark-progress] candidate=q4_companies_reached_from_person_through_account_holding_listed_security__g2__embed_containment_children row=7/20 query=Q4_CompaniesReachedFromPersonThroughAccountHoldingListedSecurity group=primary phase=cold rep=7
[2026-05-03 07:20:55] [INFO] [benchmark-progress] candidate=q4_companies_reached_from_person_through_account_holding_listed_security__g2__embed_containment_children row=8/20 query=Q4_CompaniesReachedFromPersonThroughAccountHoldingListedSecurity group=primary phase=cold rep=8
[2026-05-03 07:20:55] [INFO] [benchmark-progress] candidate=q4_companies_reached_from_person_through_account_holding_listed_security__g2__embed_containment_children row=9/20 query=Q4_CompaniesReachedFromPersonThroughAccountHoldingListedSecurity group=primary phase=cold rep=9
[2026-05-03 07:20:55] [INFO] [benchmark-progress] candidate=q4_companies_reached_from_person_through_account_holding_listed_security__g2__embed_containment_children row=10/20 query=Q4_CompaniesReachedFromPersonThroughAccountHoldingListedSecurity group=primary phase=cold rep=10
[2026-05-03 07:20:55] [INFO] [benchmark-progress] candidate=q4_companies_reached_from_person_through_account_holding_listed_security__g2__embed_containment_children row=11/20 query=Q4_CompaniesReachedFromPersonThroughAccountHoldingListedSecurity group=primary phase=hot rep=1
[2026-05-03 07:20:55] [INFO] [benchmark-progress] candidate=q4_companies_reached_from_person_through_account_holding_listed_security__g2__embed_containment_children row=12/20 query=Q4_CompaniesReachedFromPersonThroughAccountHoldingListedSecurity group=primary phase=hot rep=2
[2026-05-03 07:20:55] [INFO] [benchmark-progress] candidate=q4_companies_reached_from_person_through_account_holding_listed_security__g2__embed_containment_children row=13/20 query=Q4_CompaniesReachedFromPersonThroughAccountHoldingListedSecurity group=primary phase=hot rep=3
[2026-05-03 07:20:55] [INFO] [benchmark-progress] candidate=q4_companies_reached_from_person_through_account_holding_listed_security__g2__embed_containment_children row=14/20 query=Q4_CompaniesReachedFromPersonThroughAccountHoldingListedSecurity group=primary phase=hot rep=4
[2026-05-03 07:20:55] [INFO] [benchmark-progress] candidate=q4_companies_reached_from_person_through_account_holding_listed_security__g2__embed_containment_children row=15/20 query=Q4_CompaniesReachedFromPersonThroughAccountHoldingListedSecurity group=primary phase=hot rep=5
[2026-05-03 07:20:55] [INFO] [benchmark-progress] candidate=q4_companies_reached_from_person_through_account_holding_listed_security__g2__embed_containment_children row=16/20 query=Q4_CompaniesReachedFromPersonThroughAccountHoldingListedSecurity group=primary phase=hot rep=6
[2026-05-03 07:20:55] [INFO] [benchmark-progress] candidate=q4_companies_reached_from_person_through_account_holding_listed_security__g2__embed_containment_children row=17/20 query=Q4_CompaniesReachedFromPersonThroughAccountHoldingListedSecurity group=primary phase=hot rep=7
[2026-05-03 07:20:55] [INFO] [benchmark-progress] candidate=q4_companies_reached_from_person_through_account_holding_listed_security__g2__embed_containment_children row=18/20 query=Q4_CompaniesReachedFromPersonThroughAccountHoldingListedSecurity group=primary phase=hot rep=8
[2026-05-03 07:20:55] [INFO] [benchmark-progress] candidate=q4_companies_reached_from_person_through_account_holding_listed_security__g2__embed_containment_children row=19/20 query=Q4_CompaniesReachedFromPersonThroughAccountHoldingListedSecurity group=primary phase=hot rep=9
[2026-05-03 07:20:55] [INFO] [benchmark-progress] candidate=q4_companies_reached_from_person_through_account_holding_listed_security__g2__embed_containment_children row=20/20 query=Q4_CompaniesReachedFromPersonThroughAccountHoldingListedSecurity group=primary phase=hot rep=10
[2026-05-03 07:20:55] [INFO] === BENCHMARK COMPLETED candidate=q4_companies_reached_from_person_through_account_holding_listed_security__g2__embed_containment_children rows=20 ===
[2026-05-03 07:20:55] [INFO] === BENCHMARK START candidate=q4_companies_reached_from_person_through_account_holding_listed_security__g3__association_references rows=20 ===
[2026-05-03 07:20:55] [INFO] [benchmark-progress] candidate=q4_companies_reached_from_person_through_account_holding_listed_security__g3__association_references row=1/20 query=Q4_CompaniesReachedFromPersonThroughAccountHoldingListedSecurity group=primary phase=cold rep=1
[2026-05-03 07:20:55] [INFO] [benchmark-progress] candidate=q4_companies_reached_from_person_through_account_holding_listed_security__g3__association_references row=2/20 query=Q4_CompaniesReachedFromPersonThroughAccountHoldingListedSecurity group=primary phase=cold rep=2
[2026-05-03 07:20:55] [INFO] [benchmark-progress] candidate=q4_companies_reached_from_person_through_account_holding_listed_security__g3__association_references row=3/20 query=Q4_CompaniesReachedFromPersonThroughAccountHoldingListedSecurity group=primary phase=cold rep=3
[2026-05-03 07:20:55] [INFO] [benchmark-progress] candidate=q4_companies_reached_from_person_through_account_holding_listed_security__g3__association_references row=4/20 query=Q4_CompaniesReachedFromPersonThroughAccountHoldingListedSecurity group=primary phase=cold rep=4
[2026-05-03 07:20:55] [INFO] [benchmark-progress] candidate=q4_companies_reached_from_person_through_account_holding_listed_security__g3__association_references row=5/20 query=Q4_CompaniesReachedFromPersonThroughAccountHoldingListedSecurity group=primary phase=cold rep=5
[2026-05-03 07:20:55] [INFO] [benchmark-progress] candidate=q4_companies_reached_from_person_through_account_holding_listed_security__g3__association_references row=6/20 query=Q4_CompaniesReachedFromPersonThroughAccountHoldingListedSecurity group=primary phase=cold rep=6
[2026-05-03 07:20:55] [INFO] [benchmark-progress] candidate=q4_companies_reached_from_person_through_account_holding_listed_security__g3__association_references row=7/20 query=Q4_CompaniesReachedFromPersonThroughAccountHoldingListedSecurity group=primary phase=cold rep=7
[2026-05-03 07:20:55] [INFO] [benchmark-progress] candidate=q4_companies_reached_from_person_through_account_holding_listed_security__g3__association_references row=8/20 query=Q4_CompaniesReachedFromPersonThroughAccountHoldingListedSecurity group=primary phase=cold rep=8
[2026-05-03 07:20:55] [INFO] [benchmark-progress] candidate=q4_companies_reached_from_person_through_account_holding_listed_security__g3__association_references row=9/20 query=Q4_CompaniesReachedFromPersonThroughAccountHoldingListedSecurity group=primary phase=cold rep=9
[2026-05-03 07:20:55] [INFO] [benchmark-progress] candidate=q4_companies_reached_from_person_through_account_holding_listed_security__g3__association_references row=10/20 query=Q4_CompaniesReachedFromPersonThroughAccountHoldingListedSecurity group=primary phase=cold rep=10
[2026-05-03 07:20:55] [INFO] [benchmark-progress] candidate=q4_companies_reached_from_person_through_account_holding_listed_security__g3__association_references row=11/20 query=Q4_CompaniesReachedFromPersonThroughAccountHoldingListedSecurity group=primary phase=hot rep=1
[2026-05-03 07:20:55] [INFO] [benchmark-progress] candidate=q4_companies_reached_from_person_through_account_holding_listed_security__g3__association_references row=12/20 query=Q4_CompaniesReachedFromPersonThroughAccountHoldingListedSecurity group=primary phase=hot rep=2
[2026-05-03 07:20:55] [INFO] [benchmark-progress] candidate=q4_companies_reached_from_person_through_account_holding_listed_security__g3__association_references row=13/20 query=Q4_CompaniesReachedFromPersonThroughAccountHoldingListedSecurity group=primary phase=hot rep=3
[2026-05-03 07:20:55] [INFO] [benchmark-progress] candidate=q4_companies_reached_from_person_through_account_holding_listed_security__g3__association_references row=14/20 query=Q4_CompaniesReachedFromPersonThroughAccountHoldingListedSecurity group=primary phase=hot rep=4
[2026-05-03 07:20:55] [INFO] [benchmark-progress] candidate=q4_companies_reached_from_person_through_account_holding_listed_security__g3__association_references row=15/20 query=Q4_CompaniesReachedFromPersonThroughAccountHoldingListedSecurity group=primary phase=hot rep=5
[2026-05-03 07:20:55] [INFO] [benchmark-progress] candidate=q4_companies_reached_from_person_through_account_holding_listed_security__g3__association_references row=16/20 query=Q4_CompaniesReachedFromPersonThroughAccountHoldingListedSecurity group=primary phase=hot rep=6
[2026-05-03 07:20:55] [INFO] [benchmark-progress] candidate=q4_companies_reached_from_person_through_account_holding_listed_security__g3__association_references row=17/20 query=Q4_CompaniesReachedFromPersonThroughAccountHoldingListedSecurity group=primary phase=hot rep=7
[2026-05-03 07:20:55] [INFO] [benchmark-progress] candidate=q4_companies_reached_from_person_through_account_holding_listed_security__g3__association_references row=18/20 query=Q4_CompaniesReachedFromPersonThroughAccountHoldingListedSecurity group=primary phase=hot rep=8
[2026-05-03 07:20:55] [INFO] [benchmark-progress] candidate=q4_companies_reached_from_person_through_account_holding_listed_security__g3__association_references row=19/20 query=Q4_CompaniesReachedFromPersonThroughAccountHoldingListedSecurity group=primary phase=hot rep=9
[2026-05-03 07:20:55] [INFO] [benchmark-progress] candidate=q4_companies_reached_from_person_through_account_holding_listed_security__g3__association_references row=20/20 query=Q4_CompaniesReachedFromPersonThroughAccountHoldingListedSecurity group=primary phase=hot rep=10
[2026-05-03 07:20:55] [INFO] === BENCHMARK COMPLETED candidate=q4_companies_reached_from_person_through_account_holding_listed_security__g3__association_references rows=20 ===
[2026-05-03 07:20:55] [INFO] === BENCHMARK START candidate=q4_companies_reached_from_person_through_account_holding_listed_security__g4__deep_nested_path rows=20 ===
[2026-05-03 07:20:55] [INFO] [benchmark-progress] candidate=q4_companies_reached_from_person_through_account_holding_listed_security__g4__deep_nested_path row=1/20 query=Q4_CompaniesReachedFromPersonThroughAccountHoldingListedSecurity group=primary phase=cold rep=1
[2026-05-03 07:20:55] [INFO] [benchmark-progress] candidate=q4_companies_reached_from_person_through_account_holding_listed_security__g4__deep_nested_path row=2/20 query=Q4_CompaniesReachedFromPersonThroughAccountHoldingListedSecurity group=primary phase=cold rep=2
[2026-05-03 07:20:55] [INFO] [benchmark-progress] candidate=q4_companies_reached_from_person_through_account_holding_listed_security__g4__deep_nested_path row=3/20 query=Q4_CompaniesReachedFromPersonThroughAccountHoldingListedSecurity group=primary phase=cold rep=3
[2026-05-03 07:20:55] [INFO] [benchmark-progress] candidate=q4_companies_reached_from_person_through_account_holding_listed_security__g4__deep_nested_path row=4/20 query=Q4_CompaniesReachedFromPersonThroughAccountHoldingListedSecurity group=primary phase=cold rep=4
[2026-05-03 07:20:55] [INFO] [benchmark-progress] candidate=q4_companies_reached_from_person_through_account_holding_listed_security__g4__deep_nested_path row=5/20 query=Q4_CompaniesReachedFromPersonThroughAccountHoldingListedSecurity group=primary phase=cold rep=5
[2026-05-03 07:20:55] [INFO] [benchmark-progress] candidate=q4_companies_reached_from_person_through_account_holding_listed_security__g4__deep_nested_path row=6/20 query=Q4_CompaniesReachedFromPersonThroughAccountHoldingListedSecurity group=primary phase=cold rep=6
[2026-05-03 07:20:55] [INFO] [benchmark-progress] candidate=q4_companies_reached_from_person_through_account_holding_listed_security__g4__deep_nested_path row=7/20 query=Q4_CompaniesReachedFromPersonThroughAccountHoldingListedSecurity group=primary phase=cold rep=7
[2026-05-03 07:20:55] [INFO] [benchmark-progress] candidate=q4_companies_reached_from_person_through_account_holding_listed_security__g4__deep_nested_path row=8/20 query=Q4_CompaniesReachedFromPersonThroughAccountHoldingListedSecurity group=primary phase=cold rep=8
[2026-05-03 07:20:55] [INFO] [benchmark-progress] candidate=q4_companies_reached_from_person_through_account_holding_listed_security__g4__deep_nested_path row=9/20 query=Q4_CompaniesReachedFromPersonThroughAccountHoldingListedSecurity group=primary phase=cold rep=9
[2026-05-03 07:20:55] [INFO] [benchmark-progress] candidate=q4_companies_reached_from_person_through_account_holding_listed_security__g4__deep_nested_path row=10/20 query=Q4_CompaniesReachedFromPersonThroughAccountHoldingListedSecurity group=primary phase=cold rep=10
[2026-05-03 07:20:55] [INFO] [benchmark-progress] candidate=q4_companies_reached_from_person_through_account_holding_listed_security__g4__deep_nested_path row=11/20 query=Q4_CompaniesReachedFromPersonThroughAccountHoldingListedSecurity group=primary phase=hot rep=1
[2026-05-03 07:20:55] [INFO] [benchmark-progress] candidate=q4_companies_reached_from_person_through_account_holding_listed_security__g4__deep_nested_path row=12/20 query=Q4_CompaniesReachedFromPersonThroughAccountHoldingListedSecurity group=primary phase=hot rep=2
[2026-05-03 07:20:55] [INFO] [benchmark-progress] candidate=q4_companies_reached_from_person_through_account_holding_listed_security__g4__deep_nested_path row=13/20 query=Q4_CompaniesReachedFromPersonThroughAccountHoldingListedSecurity group=primary phase=hot rep=3
[2026-05-03 07:20:55] [INFO] [benchmark-progress] candidate=q4_companies_reached_from_person_through_account_holding_listed_security__g4__deep_nested_path row=14/20 query=Q4_CompaniesReachedFromPersonThroughAccountHoldingListedSecurity group=primary phase=hot rep=4
[2026-05-03 07:20:55] [INFO] [benchmark-progress] candidate=q4_companies_reached_from_person_through_account_holding_listed_security__g4__deep_nested_path row=15/20 query=Q4_CompaniesReachedFromPersonThroughAccountHoldingListedSecurity group=primary phase=hot rep=5
[2026-05-03 07:20:55] [INFO] [benchmark-progress] candidate=q4_companies_reached_from_person_through_account_holding_listed_security__g4__deep_nested_path row=16/20 query=Q4_CompaniesReachedFromPersonThroughAccountHoldingListedSecurity group=primary phase=hot rep=6
[2026-05-03 07:20:55] [INFO] [benchmark-progress] candidate=q4_companies_reached_from_person_through_account_holding_listed_security__g4__deep_nested_path row=17/20 query=Q4_CompaniesReachedFromPersonThroughAccountHoldingListedSecurity group=primary phase=hot rep=7
[2026-05-03 07:20:55] [INFO] [benchmark-progress] candidate=q4_companies_reached_from_person_through_account_holding_listed_security__g4__deep_nested_path row=18/20 query=Q4_CompaniesReachedFromPersonThroughAccountHoldingListedSecurity group=primary phase=hot rep=8
[2026-05-03 07:20:55] [INFO] [benchmark-progress] candidate=q4_companies_reached_from_person_through_account_holding_listed_security__g4__deep_nested_path row=19/20 query=Q4_CompaniesReachedFromPersonThroughAccountHoldingListedSecurity group=primary phase=hot rep=9
[2026-05-03 07:20:55] [INFO] [benchmark-progress] candidate=q4_companies_reached_from_person_through_account_holding_listed_security__g4__deep_nested_path row=20/20 query=Q4_CompaniesReachedFromPersonThroughAccountHoldingListedSecurity group=primary phase=hot rep=10
[2026-05-03 07:20:55] [INFO] === BENCHMARK COMPLETED candidate=q4_companies_reached_from_person_through_account_holding_listed_security__g4__deep_nested_path rows=20 ===
[2026-05-03 07:20:55] [INFO] === BENCHMARK START candidate=q4_companies_reached_from_person_through_account_holding_listed_security__g5__shared_targets_as_references rows=20 ===
[2026-05-03 07:20:55] [INFO] [benchmark-progress] candidate=q4_companies_reached_from_person_through_account_holding_listed_security__g5__shared_targets_as_references row=1/20 query=Q4_CompaniesReachedFromPersonThroughAccountHoldingListedSecurity group=primary phase=cold rep=1
[2026-05-03 07:20:55] [INFO] [benchmark-progress] candidate=q4_companies_reached_from_person_through_account_holding_listed_security__g5__shared_targets_as_references row=2/20 query=Q4_CompaniesReachedFromPersonThroughAccountHoldingListedSecurity group=primary phase=cold rep=2
[2026-05-03 07:20:55] [INFO] [benchmark-progress] candidate=q4_companies_reached_from_person_through_account_holding_listed_security__g5__shared_targets_as_references row=3/20 query=Q4_CompaniesReachedFromPersonThroughAccountHoldingListedSecurity group=primary phase=cold rep=3
[2026-05-03 07:20:55] [INFO] [benchmark-progress] candidate=q4_companies_reached_from_person_through_account_holding_listed_security__g5__shared_targets_as_references row=4/20 query=Q4_CompaniesReachedFromPersonThroughAccountHoldingListedSecurity group=primary phase=cold rep=4
[2026-05-03 07:20:55] [INFO] [benchmark-progress] candidate=q4_companies_reached_from_person_through_account_holding_listed_security__g5__shared_targets_as_references row=5/20 query=Q4_CompaniesReachedFromPersonThroughAccountHoldingListedSecurity group=primary phase=cold rep=5
[2026-05-03 07:20:55] [INFO] [benchmark-progress] candidate=q4_companies_reached_from_person_through_account_holding_listed_security__g5__shared_targets_as_references row=6/20 query=Q4_CompaniesReachedFromPersonThroughAccountHoldingListedSecurity group=primary phase=cold rep=6
[2026-05-03 07:20:55] [INFO] [benchmark-progress] candidate=q4_companies_reached_from_person_through_account_holding_listed_security__g5__shared_targets_as_references row=7/20 query=Q4_CompaniesReachedFromPersonThroughAccountHoldingListedSecurity group=primary phase=cold rep=7
[2026-05-03 07:20:55] [INFO] [benchmark-progress] candidate=q4_companies_reached_from_person_through_account_holding_listed_security__g5__shared_targets_as_references row=8/20 query=Q4_CompaniesReachedFromPersonThroughAccountHoldingListedSecurity group=primary phase=cold rep=8
[2026-05-03 07:20:55] [INFO] [benchmark-progress] candidate=q4_companies_reached_from_person_through_account_holding_listed_security__g5__shared_targets_as_references row=9/20 query=Q4_CompaniesReachedFromPersonThroughAccountHoldingListedSecurity group=primary phase=cold rep=9
[2026-05-03 07:20:55] [INFO] [benchmark-progress] candidate=q4_companies_reached_from_person_through_account_holding_listed_security__g5__shared_targets_as_references row=10/20 query=Q4_CompaniesReachedFromPersonThroughAccountHoldingListedSecurity group=primary phase=cold rep=10
[2026-05-03 07:20:55] [INFO] [benchmark-progress] candidate=q4_companies_reached_from_person_through_account_holding_listed_security__g5__shared_targets_as_references row=11/20 query=Q4_CompaniesReachedFromPersonThroughAccountHoldingListedSecurity group=primary phase=hot rep=1
[2026-05-03 07:20:55] [INFO] [benchmark-progress] candidate=q4_companies_reached_from_person_through_account_holding_listed_security__g5__shared_targets_as_references row=12/20 query=Q4_CompaniesReachedFromPersonThroughAccountHoldingListedSecurity group=primary phase=hot rep=2
[2026-05-03 07:20:55] [INFO] [benchmark-progress] candidate=q4_companies_reached_from_person_through_account_holding_listed_security__g5__shared_targets_as_references row=13/20 query=Q4_CompaniesReachedFromPersonThroughAccountHoldingListedSecurity group=primary phase=hot rep=3
[2026-05-03 07:20:55] [INFO] [benchmark-progress] candidate=q4_companies_reached_from_person_through_account_holding_listed_security__g5__shared_targets_as_references row=14/20 query=Q4_CompaniesReachedFromPersonThroughAccountHoldingListedSecurity group=primary phase=hot rep=4
[2026-05-03 07:20:55] [INFO] [benchmark-progress] candidate=q4_companies_reached_from_person_through_account_holding_listed_security__g5__shared_targets_as_references row=15/20 query=Q4_CompaniesReachedFromPersonThroughAccountHoldingListedSecurity group=primary phase=hot rep=5
[2026-05-03 07:20:55] [INFO] [benchmark-progress] candidate=q4_companies_reached_from_person_through_account_holding_listed_security__g5__shared_targets_as_references row=16/20 query=Q4_CompaniesReachedFromPersonThroughAccountHoldingListedSecurity group=primary phase=hot rep=6
[2026-05-03 07:20:55] [INFO] [benchmark-progress] candidate=q4_companies_reached_from_person_through_account_holding_listed_security__g5__shared_targets_as_references row=17/20 query=Q4_CompaniesReachedFromPersonThroughAccountHoldingListedSecurity group=primary phase=hot rep=7
[2026-05-03 07:20:55] [INFO] [benchmark-progress] candidate=q4_companies_reached_from_person_through_account_holding_listed_security__g5__shared_targets_as_references row=18/20 query=Q4_CompaniesReachedFromPersonThroughAccountHoldingListedSecurity group=primary phase=hot rep=8
[2026-05-03 07:20:55] [INFO] [benchmark-progress] candidate=q4_companies_reached_from_person_through_account_holding_listed_security__g5__shared_targets_as_references row=19/20 query=Q4_CompaniesReachedFromPersonThroughAccountHoldingListedSecurity group=primary phase=hot rep=9
[2026-05-03 07:20:55] [INFO] [benchmark-progress] candidate=q4_companies_reached_from_person_through_account_holding_listed_security__g5__shared_targets_as_references row=20/20 query=Q4_CompaniesReachedFromPersonThroughAccountHoldingListedSecurity group=primary phase=hot rep=10
[2026-05-03 07:20:55] [INFO] === BENCHMARK COMPLETED candidate=q4_companies_reached_from_person_through_account_holding_listed_security__g5__shared_targets_as_references rows=20 ===
[2026-05-03 07:20:55] [INFO] === BENCHMARK START candidate=q4_companies_reached_from_person_through_account_holding_listed_security__g7__update_aware_references rows=20 ===
[2026-05-03 07:20:55] [INFO] [benchmark-progress] candidate=q4_companies_reached_from_person_through_account_holding_listed_security__g7__update_aware_references row=1/20 query=Q4_CompaniesReachedFromPersonThroughAccountHoldingListedSecurity group=secondary_affected phase=cold rep=1
[2026-05-03 07:20:55] [INFO] [benchmark-progress] candidate=q4_companies_reached_from_person_through_account_holding_listed_security__g7__update_aware_references row=2/20 query=Q4_CompaniesReachedFromPersonThroughAccountHoldingListedSecurity group=secondary_affected phase=cold rep=2
[2026-05-03 07:20:56] [INFO] [benchmark-progress] candidate=q4_companies_reached_from_person_through_account_holding_listed_security__g7__update_aware_references row=3/20 query=Q4_CompaniesReachedFromPersonThroughAccountHoldingListedSecurity group=secondary_affected phase=cold rep=3
[2026-05-03 07:20:56] [INFO] [benchmark-progress] candidate=q4_companies_reached_from_person_through_account_holding_listed_security__g7__update_aware_references row=4/20 query=Q4_CompaniesReachedFromPersonThroughAccountHoldingListedSecurity group=secondary_affected phase=cold rep=4
[2026-05-03 07:20:56] [INFO] [benchmark-progress] candidate=q4_companies_reached_from_person_through_account_holding_listed_security__g7__update_aware_references row=5/20 query=Q4_CompaniesReachedFromPersonThroughAccountHoldingListedSecurity group=secondary_affected phase=cold rep=5
[2026-05-03 07:20:56] [INFO] [benchmark-progress] candidate=q4_companies_reached_from_person_through_account_holding_listed_security__g7__update_aware_references row=6/20 query=Q4_CompaniesReachedFromPersonThroughAccountHoldingListedSecurity group=secondary_affected phase=cold rep=6
[2026-05-03 07:20:56] [INFO] [benchmark-progress] candidate=q4_companies_reached_from_person_through_account_holding_listed_security__g7__update_aware_references row=7/20 query=Q4_CompaniesReachedFromPersonThroughAccountHoldingListedSecurity group=secondary_affected phase=cold rep=7
[2026-05-03 07:20:56] [INFO] [benchmark-progress] candidate=q4_companies_reached_from_person_through_account_holding_listed_security__g7__update_aware_references row=8/20 query=Q4_CompaniesReachedFromPersonThroughAccountHoldingListedSecurity group=secondary_affected phase=cold rep=8
[2026-05-03 07:20:56] [INFO] [benchmark-progress] candidate=q4_companies_reached_from_person_through_account_holding_listed_security__g7__update_aware_references row=9/20 query=Q4_CompaniesReachedFromPersonThroughAccountHoldingListedSecurity group=secondary_affected phase=cold rep=9
[2026-05-03 07:20:56] [INFO] [benchmark-progress] candidate=q4_companies_reached_from_person_through_account_holding_listed_security__g7__update_aware_references row=10/20 query=Q4_CompaniesReachedFromPersonThroughAccountHoldingListedSecurity group=secondary_affected phase=cold rep=10
[2026-05-03 07:20:56] [INFO] [benchmark-progress] candidate=q4_companies_reached_from_person_through_account_holding_listed_security__g7__update_aware_references row=11/20 query=Q4_CompaniesReachedFromPersonThroughAccountHoldingListedSecurity group=secondary_affected phase=hot rep=1
[2026-05-03 07:20:56] [INFO] [benchmark-progress] candidate=q4_companies_reached_from_person_through_account_holding_listed_security__g7__update_aware_references row=12/20 query=Q4_CompaniesReachedFromPersonThroughAccountHoldingListedSecurity group=secondary_affected phase=hot rep=2
[2026-05-03 07:20:56] [INFO] [benchmark-progress] candidate=q4_companies_reached_from_person_through_account_holding_listed_security__g7__update_aware_references row=13/20 query=Q4_CompaniesReachedFromPersonThroughAccountHoldingListedSecurity group=secondary_affected phase=hot rep=3
[2026-05-03 07:20:56] [INFO] [benchmark-progress] candidate=q4_companies_reached_from_person_through_account_holding_listed_security__g7__update_aware_references row=14/20 query=Q4_CompaniesReachedFromPersonThroughAccountHoldingListedSecurity group=secondary_affected phase=hot rep=4
[2026-05-03 07:20:56] [INFO] [benchmark-progress] candidate=q4_companies_reached_from_person_through_account_holding_listed_security__g7__update_aware_references row=15/20 query=Q4_CompaniesReachedFromPersonThroughAccountHoldingListedSecurity group=secondary_affected phase=hot rep=5
[2026-05-03 07:20:56] [INFO] [benchmark-progress] candidate=q4_companies_reached_from_person_through_account_holding_listed_security__g7__update_aware_references row=16/20 query=Q4_CompaniesReachedFromPersonThroughAccountHoldingListedSecurity group=secondary_affected phase=hot rep=6
[2026-05-03 07:20:56] [INFO] [benchmark-progress] candidate=q4_companies_reached_from_person_through_account_holding_listed_security__g7__update_aware_references row=17/20 query=Q4_CompaniesReachedFromPersonThroughAccountHoldingListedSecurity group=secondary_affected phase=hot rep=7
[2026-05-03 07:20:56] [INFO] [benchmark-progress] candidate=q4_companies_reached_from_person_through_account_holding_listed_security__g7__update_aware_references row=18/20 query=Q4_CompaniesReachedFromPersonThroughAccountHoldingListedSecurity group=secondary_affected phase=hot rep=8
[2026-05-03 07:20:56] [INFO] [benchmark-progress] candidate=q4_companies_reached_from_person_through_account_holding_listed_security__g7__update_aware_references row=19/20 query=Q4_CompaniesReachedFromPersonThroughAccountHoldingListedSecurity group=secondary_affected phase=hot rep=9
[2026-05-03 07:20:56] [INFO] [benchmark-progress] candidate=q4_companies_reached_from_person_through_account_holding_listed_security__g7__update_aware_references row=20/20 query=Q4_CompaniesReachedFromPersonThroughAccountHoldingListedSecurity group=secondary_affected phase=hot rep=10
[2026-05-03 07:20:56] [INFO] === BENCHMARK COMPLETED candidate=q4_companies_reached_from_person_through_account_holding_listed_security__g7__update_aware_references rows=20 ===
[2026-05-03 07:20:56] [INFO] === BENCHMARK START candidate=q4_companies_reached_from_person_through_account_holding_listed_security__g9__tradeoff_benchmark_candidate rows=20 ===
[2026-05-03 07:20:56] [INFO] [benchmark-progress] candidate=q4_companies_reached_from_person_through_account_holding_listed_security__g9__tradeoff_benchmark_candidate row=1/20 query=Q4_CompaniesReachedFromPersonThroughAccountHoldingListedSecurity group=secondary_affected phase=cold rep=1
[2026-05-03 07:20:56] [INFO] [benchmark-progress] candidate=q4_companies_reached_from_person_through_account_holding_listed_security__g9__tradeoff_benchmark_candidate row=2/20 query=Q4_CompaniesReachedFromPersonThroughAccountHoldingListedSecurity group=secondary_affected phase=cold rep=2
[2026-05-03 07:20:56] [INFO] [benchmark-progress] candidate=q4_companies_reached_from_person_through_account_holding_listed_security__g9__tradeoff_benchmark_candidate row=3/20 query=Q4_CompaniesReachedFromPersonThroughAccountHoldingListedSecurity group=secondary_affected phase=cold rep=3
[2026-05-03 07:20:56] [INFO] [benchmark-progress] candidate=q4_companies_reached_from_person_through_account_holding_listed_security__g9__tradeoff_benchmark_candidate row=4/20 query=Q4_CompaniesReachedFromPersonThroughAccountHoldingListedSecurity group=secondary_affected phase=cold rep=4
[2026-05-03 07:20:56] [INFO] [benchmark-progress] candidate=q4_companies_reached_from_person_through_account_holding_listed_security__g9__tradeoff_benchmark_candidate row=5/20 query=Q4_CompaniesReachedFromPersonThroughAccountHoldingListedSecurity group=secondary_affected phase=cold rep=5
[2026-05-03 07:20:56] [INFO] [benchmark-progress] candidate=q4_companies_reached_from_person_through_account_holding_listed_security__g9__tradeoff_benchmark_candidate row=6/20 query=Q4_CompaniesReachedFromPersonThroughAccountHoldingListedSecurity group=secondary_affected phase=cold rep=6
[2026-05-03 07:20:56] [INFO] [benchmark-progress] candidate=q4_companies_reached_from_person_through_account_holding_listed_security__g9__tradeoff_benchmark_candidate row=7/20 query=Q4_CompaniesReachedFromPersonThroughAccountHoldingListedSecurity group=secondary_affected phase=cold rep=7
[2026-05-03 07:20:56] [INFO] [benchmark-progress] candidate=q4_companies_reached_from_person_through_account_holding_listed_security__g9__tradeoff_benchmark_candidate row=8/20 query=Q4_CompaniesReachedFromPersonThroughAccountHoldingListedSecurity group=secondary_affected phase=cold rep=8
[2026-05-03 07:20:56] [INFO] [benchmark-progress] candidate=q4_companies_reached_from_person_through_account_holding_listed_security__g9__tradeoff_benchmark_candidate row=9/20 query=Q4_CompaniesReachedFromPersonThroughAccountHoldingListedSecurity group=secondary_affected phase=cold rep=9
[2026-05-03 07:20:56] [INFO] [benchmark-progress] candidate=q4_companies_reached_from_person_through_account_holding_listed_security__g9__tradeoff_benchmark_candidate row=10/20 query=Q4_CompaniesReachedFromPersonThroughAccountHoldingListedSecurity group=secondary_affected phase=cold rep=10
[2026-05-03 07:20:56] [INFO] [benchmark-progress] candidate=q4_companies_reached_from_person_through_account_holding_listed_security__g9__tradeoff_benchmark_candidate row=11/20 query=Q4_CompaniesReachedFromPersonThroughAccountHoldingListedSecurity group=secondary_affected phase=hot rep=1
[2026-05-03 07:20:56] [INFO] [benchmark-progress] candidate=q4_companies_reached_from_person_through_account_holding_listed_security__g9__tradeoff_benchmark_candidate row=12/20 query=Q4_CompaniesReachedFromPersonThroughAccountHoldingListedSecurity group=secondary_affected phase=hot rep=2
[2026-05-03 07:20:56] [INFO] [benchmark-progress] candidate=q4_companies_reached_from_person_through_account_holding_listed_security__g9__tradeoff_benchmark_candidate row=13/20 query=Q4_CompaniesReachedFromPersonThroughAccountHoldingListedSecurity group=secondary_affected phase=hot rep=3
[2026-05-03 07:20:56] [INFO] [benchmark-progress] candidate=q4_companies_reached_from_person_through_account_holding_listed_security__g9__tradeoff_benchmark_candidate row=14/20 query=Q4_CompaniesReachedFromPersonThroughAccountHoldingListedSecurity group=secondary_affected phase=hot rep=4
[2026-05-03 07:20:56] [INFO] [benchmark-progress] candidate=q4_companies_reached_from_person_through_account_holding_listed_security__g9__tradeoff_benchmark_candidate row=15/20 query=Q4_CompaniesReachedFromPersonThroughAccountHoldingListedSecurity group=secondary_affected phase=hot rep=5
[2026-05-03 07:20:56] [INFO] [benchmark-progress] candidate=q4_companies_reached_from_person_through_account_holding_listed_security__g9__tradeoff_benchmark_candidate row=16/20 query=Q4_CompaniesReachedFromPersonThroughAccountHoldingListedSecurity group=secondary_affected phase=hot rep=6
[2026-05-03 07:20:56] [INFO] [benchmark-progress] candidate=q4_companies_reached_from_person_through_account_holding_listed_security__g9__tradeoff_benchmark_candidate row=17/20 query=Q4_CompaniesReachedFromPersonThroughAccountHoldingListedSecurity group=secondary_affected phase=hot rep=7
[2026-05-03 07:20:56] [INFO] [benchmark-progress] candidate=q4_companies_reached_from_person_through_account_holding_listed_security__g9__tradeoff_benchmark_candidate row=18/20 query=Q4_CompaniesReachedFromPersonThroughAccountHoldingListedSecurity group=secondary_affected phase=hot rep=8
[2026-05-03 07:20:56] [INFO] [benchmark-progress] candidate=q4_companies_reached_from_person_through_account_holding_listed_security__g9__tradeoff_benchmark_candidate row=19/20 query=Q4_CompaniesReachedFromPersonThroughAccountHoldingListedSecurity group=secondary_affected phase=hot rep=9
[2026-05-03 07:20:56] [INFO] [benchmark-progress] candidate=q4_companies_reached_from_person_through_account_holding_listed_security__g9__tradeoff_benchmark_candidate row=20/20 query=Q4_CompaniesReachedFromPersonThroughAccountHoldingListedSecurity group=secondary_affected phase=hot rep=10
[2026-05-03 07:20:56] [INFO] === BENCHMARK COMPLETED candidate=q4_companies_reached_from_person_through_account_holding_listed_security__g9__tradeoff_benchmark_candidate rows=20 ===
[2026-05-03 07:20:56] [INFO] === BENCHMARK START candidate=q5_reports_and_metric_data_of_company__control__normalized_reference_baseline rows=20 ===
[2026-05-03 07:20:56] [INFO] [benchmark-progress] candidate=q5_reports_and_metric_data_of_company__control__normalized_reference_baseline row=1/20 query=Q5_ReportsAndMetricDataOfCompany group=control phase=cold rep=1
[2026-05-03 07:20:56] [INFO] [q5-debug] corporation_norm_id=2860 reports=24 report_elements=6550 statement_elements=227 documents_returned=6801
[2026-05-03 07:20:56] [INFO] [benchmark-progress] candidate=q5_reports_and_metric_data_of_company__control__normalized_reference_baseline row=2/20 query=Q5_ReportsAndMetricDataOfCompany group=control phase=cold rep=2
[2026-05-03 07:20:56] [INFO] [q5-debug] corporation_norm_id=2860 reports=24 report_elements=6550 statement_elements=227 documents_returned=6801
[2026-05-03 07:20:56] [INFO] [benchmark-progress] candidate=q5_reports_and_metric_data_of_company__control__normalized_reference_baseline row=3/20 query=Q5_ReportsAndMetricDataOfCompany group=control phase=cold rep=3
[2026-05-03 07:20:56] [INFO] [q5-debug] corporation_norm_id=2860 reports=24 report_elements=6550 statement_elements=227 documents_returned=6801
[2026-05-03 07:20:56] [INFO] [benchmark-progress] candidate=q5_reports_and_metric_data_of_company__control__normalized_reference_baseline row=4/20 query=Q5_ReportsAndMetricDataOfCompany group=control phase=cold rep=4
[2026-05-03 07:20:56] [INFO] [q5-debug] corporation_norm_id=2860 reports=24 report_elements=6550 statement_elements=227 documents_returned=6801
[2026-05-03 07:20:56] [INFO] [benchmark-progress] candidate=q5_reports_and_metric_data_of_company__control__normalized_reference_baseline row=5/20 query=Q5_ReportsAndMetricDataOfCompany group=control phase=cold rep=5
[2026-05-03 07:20:56] [INFO] [q5-debug] corporation_norm_id=2860 reports=24 report_elements=6550 statement_elements=227 documents_returned=6801
[2026-05-03 07:20:56] [INFO] [benchmark-progress] candidate=q5_reports_and_metric_data_of_company__control__normalized_reference_baseline row=6/20 query=Q5_ReportsAndMetricDataOfCompany group=control phase=cold rep=6
[2026-05-03 07:20:56] [INFO] [q5-debug] corporation_norm_id=2860 reports=24 report_elements=6550 statement_elements=227 documents_returned=6801
[2026-05-03 07:20:56] [INFO] [benchmark-progress] candidate=q5_reports_and_metric_data_of_company__control__normalized_reference_baseline row=7/20 query=Q5_ReportsAndMetricDataOfCompany group=control phase=cold rep=7
[2026-05-03 07:20:56] [INFO] [q5-debug] corporation_norm_id=2860 reports=24 report_elements=6550 statement_elements=227 documents_returned=6801
[2026-05-03 07:20:56] [INFO] [benchmark-progress] candidate=q5_reports_and_metric_data_of_company__control__normalized_reference_baseline row=8/20 query=Q5_ReportsAndMetricDataOfCompany group=control phase=cold rep=8
[2026-05-03 07:20:56] [INFO] [q5-debug] corporation_norm_id=2860 reports=24 report_elements=6550 statement_elements=227 documents_returned=6801
[2026-05-03 07:20:56] [INFO] [benchmark-progress] candidate=q5_reports_and_metric_data_of_company__control__normalized_reference_baseline row=9/20 query=Q5_ReportsAndMetricDataOfCompany group=control phase=cold rep=9
[2026-05-03 07:20:56] [INFO] [q5-debug] corporation_norm_id=2860 reports=24 report_elements=6550 statement_elements=227 documents_returned=6801
[2026-05-03 07:20:56] [INFO] [benchmark-progress] candidate=q5_reports_and_metric_data_of_company__control__normalized_reference_baseline row=10/20 query=Q5_ReportsAndMetricDataOfCompany group=control phase=cold rep=10
[2026-05-03 07:20:56] [INFO] [q5-debug] corporation_norm_id=2860 reports=24 report_elements=6550 statement_elements=227 documents_returned=6801
[2026-05-03 07:20:56] [INFO] [benchmark-progress] candidate=q5_reports_and_metric_data_of_company__control__normalized_reference_baseline row=11/20 query=Q5_ReportsAndMetricDataOfCompany group=control phase=hot rep=1
[2026-05-03 07:20:56] [INFO] [q5-debug] corporation_norm_id=2860 reports=24 report_elements=6550 statement_elements=227 documents_returned=6801
[2026-05-03 07:20:56] [INFO] [benchmark-progress] candidate=q5_reports_and_metric_data_of_company__control__normalized_reference_baseline row=12/20 query=Q5_ReportsAndMetricDataOfCompany group=control phase=hot rep=2
[2026-05-03 07:20:56] [INFO] [q5-debug] corporation_norm_id=2860 reports=24 report_elements=6550 statement_elements=227 documents_returned=6801
[2026-05-03 07:20:56] [INFO] [benchmark-progress] candidate=q5_reports_and_metric_data_of_company__control__normalized_reference_baseline row=13/20 query=Q5_ReportsAndMetricDataOfCompany group=control phase=hot rep=3
[2026-05-03 07:20:56] [INFO] [q5-debug] corporation_norm_id=2860 reports=24 report_elements=6550 statement_elements=227 documents_returned=6801
[2026-05-03 07:20:56] [INFO] [benchmark-progress] candidate=q5_reports_and_metric_data_of_company__control__normalized_reference_baseline row=14/20 query=Q5_ReportsAndMetricDataOfCompany group=control phase=hot rep=4
[2026-05-03 07:20:56] [INFO] [q5-debug] corporation_norm_id=2860 reports=24 report_elements=6550 statement_elements=227 documents_returned=6801
[2026-05-03 07:20:56] [INFO] [benchmark-progress] candidate=q5_reports_and_metric_data_of_company__control__normalized_reference_baseline row=15/20 query=Q5_ReportsAndMetricDataOfCompany group=control phase=hot rep=5
[2026-05-03 07:20:56] [INFO] [q5-debug] corporation_norm_id=2860 reports=24 report_elements=6550 statement_elements=227 documents_returned=6801
[2026-05-03 07:20:56] [INFO] [benchmark-progress] candidate=q5_reports_and_metric_data_of_company__control__normalized_reference_baseline row=16/20 query=Q5_ReportsAndMetricDataOfCompany group=control phase=hot rep=6
[2026-05-03 07:20:56] [INFO] [q5-debug] corporation_norm_id=2860 reports=24 report_elements=6550 statement_elements=227 documents_returned=6801
[2026-05-03 07:20:56] [INFO] [benchmark-progress] candidate=q5_reports_and_metric_data_of_company__control__normalized_reference_baseline row=17/20 query=Q5_ReportsAndMetricDataOfCompany group=control phase=hot rep=7
[2026-05-03 07:20:56] [INFO] [q5-debug] corporation_norm_id=2860 reports=24 report_elements=6550 statement_elements=227 documents_returned=6801
[2026-05-03 07:20:56] [INFO] [benchmark-progress] candidate=q5_reports_and_metric_data_of_company__control__normalized_reference_baseline row=18/20 query=Q5_ReportsAndMetricDataOfCompany group=control phase=hot rep=8
[2026-05-03 07:20:56] [INFO] [q5-debug] corporation_norm_id=2860 reports=24 report_elements=6550 statement_elements=227 documents_returned=6801
[2026-05-03 07:20:56] [INFO] [benchmark-progress] candidate=q5_reports_and_metric_data_of_company__control__normalized_reference_baseline row=19/20 query=Q5_ReportsAndMetricDataOfCompany group=control phase=hot rep=9
[2026-05-03 07:20:56] [INFO] [q5-debug] corporation_norm_id=2860 reports=24 report_elements=6550 statement_elements=227 documents_returned=6801
[2026-05-03 07:20:56] [INFO] [benchmark-progress] candidate=q5_reports_and_metric_data_of_company__control__normalized_reference_baseline row=20/20 query=Q5_ReportsAndMetricDataOfCompany group=control phase=hot rep=10
[2026-05-03 07:20:56] [INFO] [q5-debug] corporation_norm_id=2860 reports=24 report_elements=6550 statement_elements=227 documents_returned=6801
[2026-05-03 07:20:56] [INFO] === BENCHMARK COMPLETED candidate=q5_reports_and_metric_data_of_company__control__normalized_reference_baseline rows=20 ===
[2026-05-03 07:20:56] [INFO] === BENCHMARK START candidate=q5_reports_and_metric_data_of_company__g2__embed_containment_children rows=20 ===
[2026-05-03 07:20:56] [INFO] [benchmark-progress] candidate=q5_reports_and_metric_data_of_company__g2__embed_containment_children row=1/20 query=Q5_ReportsAndMetricDataOfCompany group=primary phase=cold rep=1
[2026-05-03 07:20:57] [INFO] [q5-debug] corporation_norm_id=2860 reports=24 report_elements=6550 statement_elements=227 documents_returned=6801
[2026-05-03 07:20:57] [INFO] [benchmark-progress] candidate=q5_reports_and_metric_data_of_company__g2__embed_containment_children row=2/20 query=Q5_ReportsAndMetricDataOfCompany group=primary phase=cold rep=2
[2026-05-03 07:20:57] [INFO] [q5-debug] corporation_norm_id=2860 reports=24 report_elements=6550 statement_elements=227 documents_returned=6801
[2026-05-03 07:20:57] [INFO] [benchmark-progress] candidate=q5_reports_and_metric_data_of_company__g2__embed_containment_children row=3/20 query=Q5_ReportsAndMetricDataOfCompany group=primary phase=cold rep=3
[2026-05-03 07:20:57] [INFO] [q5-debug] corporation_norm_id=2860 reports=24 report_elements=6550 statement_elements=227 documents_returned=6801
[2026-05-03 07:20:57] [INFO] [benchmark-progress] candidate=q5_reports_and_metric_data_of_company__g2__embed_containment_children row=4/20 query=Q5_ReportsAndMetricDataOfCompany group=primary phase=cold rep=4
[2026-05-03 07:20:57] [INFO] [q5-debug] corporation_norm_id=2860 reports=24 report_elements=6550 statement_elements=227 documents_returned=6801
[2026-05-03 07:20:57] [INFO] [benchmark-progress] candidate=q5_reports_and_metric_data_of_company__g2__embed_containment_children row=5/20 query=Q5_ReportsAndMetricDataOfCompany group=primary phase=cold rep=5
[2026-05-03 07:20:57] [INFO] [q5-debug] corporation_norm_id=2860 reports=24 report_elements=6550 statement_elements=227 documents_returned=6801
[2026-05-03 07:20:57] [INFO] [benchmark-progress] candidate=q5_reports_and_metric_data_of_company__g2__embed_containment_children row=6/20 query=Q5_ReportsAndMetricDataOfCompany group=primary phase=cold rep=6
[2026-05-03 07:20:57] [INFO] [q5-debug] corporation_norm_id=2860 reports=24 report_elements=6550 statement_elements=227 documents_returned=6801
[2026-05-03 07:20:57] [INFO] [benchmark-progress] candidate=q5_reports_and_metric_data_of_company__g2__embed_containment_children row=7/20 query=Q5_ReportsAndMetricDataOfCompany group=primary phase=cold rep=7
[2026-05-03 07:20:57] [INFO] [q5-debug] corporation_norm_id=2860 reports=24 report_elements=6550 statement_elements=227 documents_returned=6801
[2026-05-03 07:20:57] [INFO] [benchmark-progress] candidate=q5_reports_and_metric_data_of_company__g2__embed_containment_children row=8/20 query=Q5_ReportsAndMetricDataOfCompany group=primary phase=cold rep=8
[2026-05-03 07:20:57] [INFO] [q5-debug] corporation_norm_id=2860 reports=24 report_elements=6550 statement_elements=227 documents_returned=6801
[2026-05-03 07:20:57] [INFO] [benchmark-progress] candidate=q5_reports_and_metric_data_of_company__g2__embed_containment_children row=9/20 query=Q5_ReportsAndMetricDataOfCompany group=primary phase=cold rep=9
[2026-05-03 07:20:57] [INFO] [q5-debug] corporation_norm_id=2860 reports=24 report_elements=6550 statement_elements=227 documents_returned=6801
[2026-05-03 07:20:57] [INFO] [benchmark-progress] candidate=q5_reports_and_metric_data_of_company__g2__embed_containment_children row=10/20 query=Q5_ReportsAndMetricDataOfCompany group=primary phase=cold rep=10
[2026-05-03 07:20:57] [INFO] [q5-debug] corporation_norm_id=2860 reports=24 report_elements=6550 statement_elements=227 documents_returned=6801
[2026-05-03 07:20:57] [INFO] [benchmark-progress] candidate=q5_reports_and_metric_data_of_company__g2__embed_containment_children row=11/20 query=Q5_ReportsAndMetricDataOfCompany group=primary phase=hot rep=1
[2026-05-03 07:20:57] [INFO] [q5-debug] corporation_norm_id=2860 reports=24 report_elements=6550 statement_elements=227 documents_returned=6801
[2026-05-03 07:20:57] [INFO] [benchmark-progress] candidate=q5_reports_and_metric_data_of_company__g2__embed_containment_children row=12/20 query=Q5_ReportsAndMetricDataOfCompany group=primary phase=hot rep=2
[2026-05-03 07:20:57] [INFO] [q5-debug] corporation_norm_id=2860 reports=24 report_elements=6550 statement_elements=227 documents_returned=6801
[2026-05-03 07:20:57] [INFO] [benchmark-progress] candidate=q5_reports_and_metric_data_of_company__g2__embed_containment_children row=13/20 query=Q5_ReportsAndMetricDataOfCompany group=primary phase=hot rep=3
[2026-05-03 07:20:57] [INFO] [q5-debug] corporation_norm_id=2860 reports=24 report_elements=6550 statement_elements=227 documents_returned=6801
[2026-05-03 07:20:57] [INFO] [benchmark-progress] candidate=q5_reports_and_metric_data_of_company__g2__embed_containment_children row=14/20 query=Q5_ReportsAndMetricDataOfCompany group=primary phase=hot rep=4
[2026-05-03 07:20:57] [INFO] [q5-debug] corporation_norm_id=2860 reports=24 report_elements=6550 statement_elements=227 documents_returned=6801
[2026-05-03 07:20:57] [INFO] [benchmark-progress] candidate=q5_reports_and_metric_data_of_company__g2__embed_containment_children row=15/20 query=Q5_ReportsAndMetricDataOfCompany group=primary phase=hot rep=5
[2026-05-03 07:20:57] [INFO] [q5-debug] corporation_norm_id=2860 reports=24 report_elements=6550 statement_elements=227 documents_returned=6801
[2026-05-03 07:20:57] [INFO] [benchmark-progress] candidate=q5_reports_and_metric_data_of_company__g2__embed_containment_children row=16/20 query=Q5_ReportsAndMetricDataOfCompany group=primary phase=hot rep=6
[2026-05-03 07:20:57] [INFO] [q5-debug] corporation_norm_id=2860 reports=24 report_elements=6550 statement_elements=227 documents_returned=6801
[2026-05-03 07:20:57] [INFO] [benchmark-progress] candidate=q5_reports_and_metric_data_of_company__g2__embed_containment_children row=17/20 query=Q5_ReportsAndMetricDataOfCompany group=primary phase=hot rep=7
[2026-05-03 07:20:57] [INFO] [q5-debug] corporation_norm_id=2860 reports=24 report_elements=6550 statement_elements=227 documents_returned=6801
[2026-05-03 07:20:57] [INFO] [benchmark-progress] candidate=q5_reports_and_metric_data_of_company__g2__embed_containment_children row=18/20 query=Q5_ReportsAndMetricDataOfCompany group=primary phase=hot rep=8
[2026-05-03 07:20:57] [INFO] [q5-debug] corporation_norm_id=2860 reports=24 report_elements=6550 statement_elements=227 documents_returned=6801
[2026-05-03 07:20:57] [INFO] [benchmark-progress] candidate=q5_reports_and_metric_data_of_company__g2__embed_containment_children row=19/20 query=Q5_ReportsAndMetricDataOfCompany group=primary phase=hot rep=9
[2026-05-03 07:20:57] [INFO] [q5-debug] corporation_norm_id=2860 reports=24 report_elements=6550 statement_elements=227 documents_returned=6801
[2026-05-03 07:20:57] [INFO] [benchmark-progress] candidate=q5_reports_and_metric_data_of_company__g2__embed_containment_children row=20/20 query=Q5_ReportsAndMetricDataOfCompany group=primary phase=hot rep=10
[2026-05-03 07:20:57] [INFO] [q5-debug] corporation_norm_id=2860 reports=24 report_elements=6550 statement_elements=227 documents_returned=6801
[2026-05-03 07:20:57] [INFO] === BENCHMARK COMPLETED candidate=q5_reports_and_metric_data_of_company__g2__embed_containment_children rows=20 ===
[2026-05-03 07:20:57] [INFO] === BENCHMARK START candidate=q5_reports_and_metric_data_of_company__g4__deep_nested_path rows=20 ===
[2026-05-03 07:20:57] [INFO] [benchmark-progress] candidate=q5_reports_and_metric_data_of_company__g4__deep_nested_path row=1/20 query=Q5_ReportsAndMetricDataOfCompany group=primary phase=cold rep=1
[2026-05-03 07:20:57] [INFO] [q5-debug] corporation_norm_id=2860 reports=24 report_elements=6550 statement_elements=227 documents_returned=6801
[2026-05-03 07:20:57] [INFO] [benchmark-progress] candidate=q5_reports_and_metric_data_of_company__g4__deep_nested_path row=2/20 query=Q5_ReportsAndMetricDataOfCompany group=primary phase=cold rep=2
[2026-05-03 07:20:57] [INFO] [q5-debug] corporation_norm_id=2860 reports=24 report_elements=6550 statement_elements=227 documents_returned=6801
[2026-05-03 07:20:57] [INFO] [benchmark-progress] candidate=q5_reports_and_metric_data_of_company__g4__deep_nested_path row=3/20 query=Q5_ReportsAndMetricDataOfCompany group=primary phase=cold rep=3
[2026-05-03 07:20:57] [INFO] [q5-debug] corporation_norm_id=2860 reports=24 report_elements=6550 statement_elements=227 documents_returned=6801
[2026-05-03 07:20:57] [INFO] [benchmark-progress] candidate=q5_reports_and_metric_data_of_company__g4__deep_nested_path row=4/20 query=Q5_ReportsAndMetricDataOfCompany group=primary phase=cold rep=4
[2026-05-03 07:20:57] [INFO] [q5-debug] corporation_norm_id=2860 reports=24 report_elements=6550 statement_elements=227 documents_returned=6801
[2026-05-03 07:20:57] [INFO] [benchmark-progress] candidate=q5_reports_and_metric_data_of_company__g4__deep_nested_path row=5/20 query=Q5_ReportsAndMetricDataOfCompany group=primary phase=cold rep=5
[2026-05-03 07:20:57] [INFO] [q5-debug] corporation_norm_id=2860 reports=24 report_elements=6550 statement_elements=227 documents_returned=6801
[2026-05-03 07:20:57] [INFO] [benchmark-progress] candidate=q5_reports_and_metric_data_of_company__g4__deep_nested_path row=6/20 query=Q5_ReportsAndMetricDataOfCompany group=primary phase=cold rep=6
[2026-05-03 07:20:58] [INFO] [q5-debug] corporation_norm_id=2860 reports=24 report_elements=6550 statement_elements=227 documents_returned=6801
[2026-05-03 07:20:58] [INFO] [benchmark-progress] candidate=q5_reports_and_metric_data_of_company__g4__deep_nested_path row=7/20 query=Q5_ReportsAndMetricDataOfCompany group=primary phase=cold rep=7
[2026-05-03 07:20:58] [INFO] [q5-debug] corporation_norm_id=2860 reports=24 report_elements=6550 statement_elements=227 documents_returned=6801
[2026-05-03 07:20:58] [INFO] [benchmark-progress] candidate=q5_reports_and_metric_data_of_company__g4__deep_nested_path row=8/20 query=Q5_ReportsAndMetricDataOfCompany group=primary phase=cold rep=8
[2026-05-03 07:20:58] [INFO] [q5-debug] corporation_norm_id=2860 reports=24 report_elements=6550 statement_elements=227 documents_returned=6801
[2026-05-03 07:20:58] [INFO] [benchmark-progress] candidate=q5_reports_and_metric_data_of_company__g4__deep_nested_path row=9/20 query=Q5_ReportsAndMetricDataOfCompany group=primary phase=cold rep=9
[2026-05-03 07:20:58] [INFO] [q5-debug] corporation_norm_id=2860 reports=24 report_elements=6550 statement_elements=227 documents_returned=6801
[2026-05-03 07:20:58] [INFO] [benchmark-progress] candidate=q5_reports_and_metric_data_of_company__g4__deep_nested_path row=10/20 query=Q5_ReportsAndMetricDataOfCompany group=primary phase=cold rep=10
[2026-05-03 07:20:58] [INFO] [q5-debug] corporation_norm_id=2860 reports=24 report_elements=6550 statement_elements=227 documents_returned=6801
[2026-05-03 07:20:58] [INFO] [benchmark-progress] candidate=q5_reports_and_metric_data_of_company__g4__deep_nested_path row=11/20 query=Q5_ReportsAndMetricDataOfCompany group=primary phase=hot rep=1
[2026-05-03 07:20:58] [INFO] [q5-debug] corporation_norm_id=2860 reports=24 report_elements=6550 statement_elements=227 documents_returned=6801
[2026-05-03 07:20:58] [INFO] [benchmark-progress] candidate=q5_reports_and_metric_data_of_company__g4__deep_nested_path row=12/20 query=Q5_ReportsAndMetricDataOfCompany group=primary phase=hot rep=2
[2026-05-03 07:20:58] [INFO] [q5-debug] corporation_norm_id=2860 reports=24 report_elements=6550 statement_elements=227 documents_returned=6801
[2026-05-03 07:20:58] [INFO] [benchmark-progress] candidate=q5_reports_and_metric_data_of_company__g4__deep_nested_path row=13/20 query=Q5_ReportsAndMetricDataOfCompany group=primary phase=hot rep=3
[2026-05-03 07:20:58] [INFO] [q5-debug] corporation_norm_id=2860 reports=24 report_elements=6550 statement_elements=227 documents_returned=6801
[2026-05-03 07:20:58] [INFO] [benchmark-progress] candidate=q5_reports_and_metric_data_of_company__g4__deep_nested_path row=14/20 query=Q5_ReportsAndMetricDataOfCompany group=primary phase=hot rep=4
[2026-05-03 07:20:58] [INFO] [q5-debug] corporation_norm_id=2860 reports=24 report_elements=6550 statement_elements=227 documents_returned=6801
[2026-05-03 07:20:58] [INFO] [benchmark-progress] candidate=q5_reports_and_metric_data_of_company__g4__deep_nested_path row=15/20 query=Q5_ReportsAndMetricDataOfCompany group=primary phase=hot rep=5
[2026-05-03 07:20:58] [INFO] [q5-debug] corporation_norm_id=2860 reports=24 report_elements=6550 statement_elements=227 documents_returned=6801
[2026-05-03 07:20:58] [INFO] [benchmark-progress] candidate=q5_reports_and_metric_data_of_company__g4__deep_nested_path row=16/20 query=Q5_ReportsAndMetricDataOfCompany group=primary phase=hot rep=6
[2026-05-03 07:20:58] [INFO] [q5-debug] corporation_norm_id=2860 reports=24 report_elements=6550 statement_elements=227 documents_returned=6801
[2026-05-03 07:20:58] [INFO] [benchmark-progress] candidate=q5_reports_and_metric_data_of_company__g4__deep_nested_path row=17/20 query=Q5_ReportsAndMetricDataOfCompany group=primary phase=hot rep=7
[2026-05-03 07:20:58] [INFO] [q5-debug] corporation_norm_id=2860 reports=24 report_elements=6550 statement_elements=227 documents_returned=6801
[2026-05-03 07:20:58] [INFO] [benchmark-progress] candidate=q5_reports_and_metric_data_of_company__g4__deep_nested_path row=18/20 query=Q5_ReportsAndMetricDataOfCompany group=primary phase=hot rep=8
[2026-05-03 07:20:58] [INFO] [q5-debug] corporation_norm_id=2860 reports=24 report_elements=6550 statement_elements=227 documents_returned=6801
[2026-05-03 07:20:58] [INFO] [benchmark-progress] candidate=q5_reports_and_metric_data_of_company__g4__deep_nested_path row=19/20 query=Q5_ReportsAndMetricDataOfCompany group=primary phase=hot rep=9
[2026-05-03 07:20:58] [INFO] [q5-debug] corporation_norm_id=2860 reports=24 report_elements=6550 statement_elements=227 documents_returned=6801
[2026-05-03 07:20:58] [INFO] [benchmark-progress] candidate=q5_reports_and_metric_data_of_company__g4__deep_nested_path row=20/20 query=Q5_ReportsAndMetricDataOfCompany group=primary phase=hot rep=10
[2026-05-03 07:20:58] [INFO] [q5-debug] corporation_norm_id=2860 reports=24 report_elements=6550 statement_elements=227 documents_returned=6801
[2026-05-03 07:20:58] [INFO] === BENCHMARK COMPLETED candidate=q5_reports_and_metric_data_of_company__g4__deep_nested_path rows=20 ===
[2026-05-03 07:20:58] [INFO] === BENCHMARK START candidate=q5_reports_and_metric_data_of_company__g9__tradeoff_benchmark_candidate rows=20 ===
[2026-05-03 07:20:58] [INFO] [benchmark-progress] candidate=q5_reports_and_metric_data_of_company__g9__tradeoff_benchmark_candidate row=1/20 query=Q5_ReportsAndMetricDataOfCompany group=secondary_affected phase=cold rep=1
[2026-05-03 07:20:58] [INFO] [q5-debug] corporation_norm_id=2860 reports=24 report_elements=6550 statement_elements=227 documents_returned=6801
[2026-05-03 07:20:58] [INFO] [benchmark-progress] candidate=q5_reports_and_metric_data_of_company__g9__tradeoff_benchmark_candidate row=2/20 query=Q5_ReportsAndMetricDataOfCompany group=secondary_affected phase=cold rep=2
[2026-05-03 07:20:58] [INFO] [q5-debug] corporation_norm_id=2860 reports=24 report_elements=6550 statement_elements=227 documents_returned=6801
[2026-05-03 07:20:58] [INFO] [benchmark-progress] candidate=q5_reports_and_metric_data_of_company__g9__tradeoff_benchmark_candidate row=3/20 query=Q5_ReportsAndMetricDataOfCompany group=secondary_affected phase=cold rep=3
[2026-05-03 07:20:58] [INFO] [q5-debug] corporation_norm_id=2860 reports=24 report_elements=6550 statement_elements=227 documents_returned=6801
[2026-05-03 07:20:58] [INFO] [benchmark-progress] candidate=q5_reports_and_metric_data_of_company__g9__tradeoff_benchmark_candidate row=4/20 query=Q5_ReportsAndMetricDataOfCompany group=secondary_affected phase=cold rep=4
[2026-05-03 07:20:58] [INFO] [q5-debug] corporation_norm_id=2860 reports=24 report_elements=6550 statement_elements=227 documents_returned=6801
[2026-05-03 07:20:58] [INFO] [benchmark-progress] candidate=q5_reports_and_metric_data_of_company__g9__tradeoff_benchmark_candidate row=5/20 query=Q5_ReportsAndMetricDataOfCompany group=secondary_affected phase=cold rep=5
[2026-05-03 07:20:58] [INFO] [q5-debug] corporation_norm_id=2860 reports=24 report_elements=6550 statement_elements=227 documents_returned=6801
[2026-05-03 07:20:58] [INFO] [benchmark-progress] candidate=q5_reports_and_metric_data_of_company__g9__tradeoff_benchmark_candidate row=6/20 query=Q5_ReportsAndMetricDataOfCompany group=secondary_affected phase=cold rep=6
[2026-05-03 07:20:58] [INFO] [q5-debug] corporation_norm_id=2860 reports=24 report_elements=6550 statement_elements=227 documents_returned=6801
[2026-05-03 07:20:58] [INFO] [benchmark-progress] candidate=q5_reports_and_metric_data_of_company__g9__tradeoff_benchmark_candidate row=7/20 query=Q5_ReportsAndMetricDataOfCompany group=secondary_affected phase=cold rep=7
[2026-05-03 07:20:58] [INFO] [q5-debug] corporation_norm_id=2860 reports=24 report_elements=6550 statement_elements=227 documents_returned=6801
[2026-05-03 07:20:58] [INFO] [benchmark-progress] candidate=q5_reports_and_metric_data_of_company__g9__tradeoff_benchmark_candidate row=8/20 query=Q5_ReportsAndMetricDataOfCompany group=secondary_affected phase=cold rep=8
[2026-05-03 07:20:58] [INFO] [q5-debug] corporation_norm_id=2860 reports=24 report_elements=6550 statement_elements=227 documents_returned=6801
[2026-05-03 07:20:58] [INFO] [benchmark-progress] candidate=q5_reports_and_metric_data_of_company__g9__tradeoff_benchmark_candidate row=9/20 query=Q5_ReportsAndMetricDataOfCompany group=secondary_affected phase=cold rep=9
[2026-05-03 07:20:58] [INFO] [q5-debug] corporation_norm_id=2860 reports=24 report_elements=6550 statement_elements=227 documents_returned=6801
[2026-05-03 07:20:58] [INFO] [benchmark-progress] candidate=q5_reports_and_metric_data_of_company__g9__tradeoff_benchmark_candidate row=10/20 query=Q5_ReportsAndMetricDataOfCompany group=secondary_affected phase=cold rep=10
[2026-05-03 07:20:58] [INFO] [q5-debug] corporation_norm_id=2860 reports=24 report_elements=6550 statement_elements=227 documents_returned=6801
[2026-05-03 07:20:58] [INFO] [benchmark-progress] candidate=q5_reports_and_metric_data_of_company__g9__tradeoff_benchmark_candidate row=11/20 query=Q5_ReportsAndMetricDataOfCompany group=secondary_affected phase=hot rep=1
[2026-05-03 07:20:59] [INFO] [q5-debug] corporation_norm_id=2860 reports=24 report_elements=6550 statement_elements=227 documents_returned=6801
[2026-05-03 07:20:59] [INFO] [benchmark-progress] candidate=q5_reports_and_metric_data_of_company__g9__tradeoff_benchmark_candidate row=12/20 query=Q5_ReportsAndMetricDataOfCompany group=secondary_affected phase=hot rep=2
[2026-05-03 07:20:59] [INFO] [q5-debug] corporation_norm_id=2860 reports=24 report_elements=6550 statement_elements=227 documents_returned=6801
[2026-05-03 07:20:59] [INFO] [benchmark-progress] candidate=q5_reports_and_metric_data_of_company__g9__tradeoff_benchmark_candidate row=13/20 query=Q5_ReportsAndMetricDataOfCompany group=secondary_affected phase=hot rep=3
[2026-05-03 07:20:59] [INFO] [q5-debug] corporation_norm_id=2860 reports=24 report_elements=6550 statement_elements=227 documents_returned=6801
[2026-05-03 07:20:59] [INFO] [benchmark-progress] candidate=q5_reports_and_metric_data_of_company__g9__tradeoff_benchmark_candidate row=14/20 query=Q5_ReportsAndMetricDataOfCompany group=secondary_affected phase=hot rep=4
[2026-05-03 07:20:59] [INFO] [q5-debug] corporation_norm_id=2860 reports=24 report_elements=6550 statement_elements=227 documents_returned=6801
[2026-05-03 07:20:59] [INFO] [benchmark-progress] candidate=q5_reports_and_metric_data_of_company__g9__tradeoff_benchmark_candidate row=15/20 query=Q5_ReportsAndMetricDataOfCompany group=secondary_affected phase=hot rep=5
[2026-05-03 07:20:59] [INFO] [q5-debug] corporation_norm_id=2860 reports=24 report_elements=6550 statement_elements=227 documents_returned=6801
[2026-05-03 07:20:59] [INFO] [benchmark-progress] candidate=q5_reports_and_metric_data_of_company__g9__tradeoff_benchmark_candidate row=16/20 query=Q5_ReportsAndMetricDataOfCompany group=secondary_affected phase=hot rep=6
[2026-05-03 07:20:59] [INFO] [q5-debug] corporation_norm_id=2860 reports=24 report_elements=6550 statement_elements=227 documents_returned=6801
[2026-05-03 07:20:59] [INFO] [benchmark-progress] candidate=q5_reports_and_metric_data_of_company__g9__tradeoff_benchmark_candidate row=17/20 query=Q5_ReportsAndMetricDataOfCompany group=secondary_affected phase=hot rep=7
[2026-05-03 07:20:59] [INFO] [q5-debug] corporation_norm_id=2860 reports=24 report_elements=6550 statement_elements=227 documents_returned=6801
[2026-05-03 07:20:59] [INFO] [benchmark-progress] candidate=q5_reports_and_metric_data_of_company__g9__tradeoff_benchmark_candidate row=18/20 query=Q5_ReportsAndMetricDataOfCompany group=secondary_affected phase=hot rep=8
[2026-05-03 07:20:59] [INFO] [q5-debug] corporation_norm_id=2860 reports=24 report_elements=6550 statement_elements=227 documents_returned=6801
[2026-05-03 07:20:59] [INFO] [benchmark-progress] candidate=q5_reports_and_metric_data_of_company__g9__tradeoff_benchmark_candidate row=19/20 query=Q5_ReportsAndMetricDataOfCompany group=secondary_affected phase=hot rep=9
[2026-05-03 07:20:59] [INFO] [q5-debug] corporation_norm_id=2860 reports=24 report_elements=6550 statement_elements=227 documents_returned=6801
[2026-05-03 07:20:59] [INFO] [benchmark-progress] candidate=q5_reports_and_metric_data_of_company__g9__tradeoff_benchmark_candidate row=20/20 query=Q5_ReportsAndMetricDataOfCompany group=secondary_affected phase=hot rep=10
[2026-05-03 07:20:59] [INFO] [q5-debug] corporation_norm_id=2860 reports=24 report_elements=6550 statement_elements=227 documents_returned=6801
[2026-05-03 07:20:59] [INFO] === BENCHMARK COMPLETED candidate=q5_reports_and_metric_data_of_company__g9__tradeoff_benchmark_candidate rows=20 ===
[2026-05-03 07:20:59] [INFO] === BENCHMARK START candidate=q6_tech_uslisted_securities_with_high_last_traded_value__control__normalized_reference_baseline rows=20 ===
[2026-05-03 07:20:59] [INFO] [benchmark-progress] candidate=q6_tech_uslisted_securities_with_high_last_traded_value__control__normalized_reference_baseline row=1/20 query=Q6_TechUSListedSecuritiesWithHighLastTradedValue group=control phase=cold rep=1
[2026-05-03 07:20:59] [INFO] [q6-debug] min_value=100.0 industries=0 countries=10 corporations=5000 securities=26260 listed_returned=100 fallback_used=False
[2026-05-03 07:20:59] [INFO] [benchmark-progress] candidate=q6_tech_uslisted_securities_with_high_last_traded_value__control__normalized_reference_baseline row=2/20 query=Q6_TechUSListedSecuritiesWithHighLastTradedValue group=control phase=cold rep=2
[2026-05-03 07:20:59] [INFO] [q6-debug] min_value=100.0 industries=0 countries=10 corporations=5000 securities=26260 listed_returned=100 fallback_used=False
[2026-05-03 07:20:59] [INFO] [benchmark-progress] candidate=q6_tech_uslisted_securities_with_high_last_traded_value__control__normalized_reference_baseline row=3/20 query=Q6_TechUSListedSecuritiesWithHighLastTradedValue group=control phase=cold rep=3
[2026-05-03 07:20:59] [INFO] [q6-debug] min_value=100.0 industries=0 countries=10 corporations=5000 securities=26260 listed_returned=100 fallback_used=False
[2026-05-03 07:20:59] [INFO] [benchmark-progress] candidate=q6_tech_uslisted_securities_with_high_last_traded_value__control__normalized_reference_baseline row=4/20 query=Q6_TechUSListedSecuritiesWithHighLastTradedValue group=control phase=cold rep=4
[2026-05-03 07:20:59] [INFO] [q6-debug] min_value=100.0 industries=0 countries=10 corporations=5000 securities=26260 listed_returned=100 fallback_used=False
[2026-05-03 07:20:59] [INFO] [benchmark-progress] candidate=q6_tech_uslisted_securities_with_high_last_traded_value__control__normalized_reference_baseline row=5/20 query=Q6_TechUSListedSecuritiesWithHighLastTradedValue group=control phase=cold rep=5
[2026-05-03 07:20:59] [INFO] [q6-debug] min_value=100.0 industries=0 countries=10 corporations=5000 securities=26260 listed_returned=100 fallback_used=False
[2026-05-03 07:20:59] [INFO] [benchmark-progress] candidate=q6_tech_uslisted_securities_with_high_last_traded_value__control__normalized_reference_baseline row=6/20 query=Q6_TechUSListedSecuritiesWithHighLastTradedValue group=control phase=cold rep=6
[2026-05-03 07:20:59] [INFO] [q6-debug] min_value=100.0 industries=0 countries=10 corporations=5000 securities=26260 listed_returned=100 fallback_used=False
[2026-05-03 07:20:59] [INFO] [benchmark-progress] candidate=q6_tech_uslisted_securities_with_high_last_traded_value__control__normalized_reference_baseline row=7/20 query=Q6_TechUSListedSecuritiesWithHighLastTradedValue group=control phase=cold rep=7
[2026-05-03 07:20:59] [INFO] [q6-debug] min_value=100.0 industries=0 countries=10 corporations=5000 securities=26260 listed_returned=100 fallback_used=False
[2026-05-03 07:20:59] [INFO] [benchmark-progress] candidate=q6_tech_uslisted_securities_with_high_last_traded_value__control__normalized_reference_baseline row=8/20 query=Q6_TechUSListedSecuritiesWithHighLastTradedValue group=control phase=cold rep=8
[2026-05-03 07:20:59] [INFO] [q6-debug] min_value=100.0 industries=0 countries=10 corporations=5000 securities=26260 listed_returned=100 fallback_used=False
[2026-05-03 07:20:59] [INFO] [benchmark-progress] candidate=q6_tech_uslisted_securities_with_high_last_traded_value__control__normalized_reference_baseline row=9/20 query=Q6_TechUSListedSecuritiesWithHighLastTradedValue group=control phase=cold rep=9
[2026-05-03 07:21:00] [INFO] [q6-debug] min_value=100.0 industries=0 countries=10 corporations=5000 securities=26260 listed_returned=100 fallback_used=False
[2026-05-03 07:21:00] [INFO] [benchmark-progress] candidate=q6_tech_uslisted_securities_with_high_last_traded_value__control__normalized_reference_baseline row=10/20 query=Q6_TechUSListedSecuritiesWithHighLastTradedValue group=control phase=cold rep=10
[2026-05-03 07:21:00] [INFO] [q6-debug] min_value=100.0 industries=0 countries=10 corporations=5000 securities=26260 listed_returned=100 fallback_used=False
[2026-05-03 07:21:00] [INFO] [benchmark-progress] candidate=q6_tech_uslisted_securities_with_high_last_traded_value__control__normalized_reference_baseline row=11/20 query=Q6_TechUSListedSecuritiesWithHighLastTradedValue group=control phase=hot rep=1
[2026-05-03 07:21:00] [INFO] [q6-debug] min_value=100.0 industries=0 countries=10 corporations=5000 securities=26260 listed_returned=100 fallback_used=False
[2026-05-03 07:21:00] [INFO] [benchmark-progress] candidate=q6_tech_uslisted_securities_with_high_last_traded_value__control__normalized_reference_baseline row=12/20 query=Q6_TechUSListedSecuritiesWithHighLastTradedValue group=control phase=hot rep=2
[2026-05-03 07:21:00] [INFO] [q6-debug] min_value=100.0 industries=0 countries=10 corporations=5000 securities=26260 listed_returned=100 fallback_used=False
[2026-05-03 07:21:00] [INFO] [benchmark-progress] candidate=q6_tech_uslisted_securities_with_high_last_traded_value__control__normalized_reference_baseline row=13/20 query=Q6_TechUSListedSecuritiesWithHighLastTradedValue group=control phase=hot rep=3
[2026-05-03 07:21:00] [INFO] [q6-debug] min_value=100.0 industries=0 countries=10 corporations=5000 securities=26260 listed_returned=100 fallback_used=False
[2026-05-03 07:21:00] [INFO] [benchmark-progress] candidate=q6_tech_uslisted_securities_with_high_last_traded_value__control__normalized_reference_baseline row=14/20 query=Q6_TechUSListedSecuritiesWithHighLastTradedValue group=control phase=hot rep=4
[2026-05-03 07:21:00] [INFO] [q6-debug] min_value=100.0 industries=0 countries=10 corporations=5000 securities=26260 listed_returned=100 fallback_used=False
[2026-05-03 07:21:00] [INFO] [benchmark-progress] candidate=q6_tech_uslisted_securities_with_high_last_traded_value__control__normalized_reference_baseline row=15/20 query=Q6_TechUSListedSecuritiesWithHighLastTradedValue group=control phase=hot rep=5
[2026-05-03 07:21:00] [INFO] [q6-debug] min_value=100.0 industries=0 countries=10 corporations=5000 securities=26260 listed_returned=100 fallback_used=False
[2026-05-03 07:21:00] [INFO] [benchmark-progress] candidate=q6_tech_uslisted_securities_with_high_last_traded_value__control__normalized_reference_baseline row=16/20 query=Q6_TechUSListedSecuritiesWithHighLastTradedValue group=control phase=hot rep=6
[2026-05-03 07:21:00] [INFO] [q6-debug] min_value=100.0 industries=0 countries=10 corporations=5000 securities=26260 listed_returned=100 fallback_used=False
[2026-05-03 07:21:00] [INFO] [benchmark-progress] candidate=q6_tech_uslisted_securities_with_high_last_traded_value__control__normalized_reference_baseline row=17/20 query=Q6_TechUSListedSecuritiesWithHighLastTradedValue group=control phase=hot rep=7
[2026-05-03 07:21:00] [INFO] [q6-debug] min_value=100.0 industries=0 countries=10 corporations=5000 securities=26260 listed_returned=100 fallback_used=False
[2026-05-03 07:21:00] [INFO] [benchmark-progress] candidate=q6_tech_uslisted_securities_with_high_last_traded_value__control__normalized_reference_baseline row=18/20 query=Q6_TechUSListedSecuritiesWithHighLastTradedValue group=control phase=hot rep=8
[2026-05-03 07:21:00] [INFO] [q6-debug] min_value=100.0 industries=0 countries=10 corporations=5000 securities=26260 listed_returned=100 fallback_used=False
[2026-05-03 07:21:00] [INFO] [benchmark-progress] candidate=q6_tech_uslisted_securities_with_high_last_traded_value__control__normalized_reference_baseline row=19/20 query=Q6_TechUSListedSecuritiesWithHighLastTradedValue group=control phase=hot rep=9
[2026-05-03 07:21:00] [INFO] [q6-debug] min_value=100.0 industries=0 countries=10 corporations=5000 securities=26260 listed_returned=100 fallback_used=False
[2026-05-03 07:21:00] [INFO] [benchmark-progress] candidate=q6_tech_uslisted_securities_with_high_last_traded_value__control__normalized_reference_baseline row=20/20 query=Q6_TechUSListedSecuritiesWithHighLastTradedValue group=control phase=hot rep=10
[2026-05-03 07:21:00] [INFO] [q6-debug] min_value=100.0 industries=0 countries=10 corporations=5000 securities=26260 listed_returned=100 fallback_used=False
[2026-05-03 07:21:00] [INFO] === BENCHMARK COMPLETED candidate=q6_tech_uslisted_securities_with_high_last_traded_value__control__normalized_reference_baseline rows=20 ===
[2026-05-03 07:21:00] [INFO] === BENCHMARK START candidate=q6_tech_uslisted_securities_with_high_last_traded_value__g1__embed_descriptors rows=20 ===
[2026-05-03 07:21:00] [INFO] [benchmark-progress] candidate=q6_tech_uslisted_securities_with_high_last_traded_value__g1__embed_descriptors row=1/20 query=Q6_TechUSListedSecuritiesWithHighLastTradedValue group=primary phase=cold rep=1
[2026-05-03 07:21:01] [INFO] [q6-debug] min_value=100.0 industries=0 countries=10 corporations=5000 securities=26260 listed_returned=100 fallback_used=False
[2026-05-03 07:21:01] [INFO] [benchmark-progress] candidate=q6_tech_uslisted_securities_with_high_last_traded_value__g1__embed_descriptors row=2/20 query=Q6_TechUSListedSecuritiesWithHighLastTradedValue group=primary phase=cold rep=2
[2026-05-03 07:21:01] [INFO] [q6-debug] min_value=100.0 industries=0 countries=10 corporations=5000 securities=26260 listed_returned=100 fallback_used=False
[2026-05-03 07:21:01] [INFO] [benchmark-progress] candidate=q6_tech_uslisted_securities_with_high_last_traded_value__g1__embed_descriptors row=3/20 query=Q6_TechUSListedSecuritiesWithHighLastTradedValue group=primary phase=cold rep=3
[2026-05-03 07:21:01] [INFO] [q6-debug] min_value=100.0 industries=0 countries=10 corporations=5000 securities=26260 listed_returned=100 fallback_used=False
[2026-05-03 07:21:01] [INFO] [benchmark-progress] candidate=q6_tech_uslisted_securities_with_high_last_traded_value__g1__embed_descriptors row=4/20 query=Q6_TechUSListedSecuritiesWithHighLastTradedValue group=primary phase=cold rep=4
[2026-05-03 07:21:01] [INFO] [q6-debug] min_value=100.0 industries=0 countries=10 corporations=5000 securities=26260 listed_returned=100 fallback_used=False
[2026-05-03 07:21:01] [INFO] [benchmark-progress] candidate=q6_tech_uslisted_securities_with_high_last_traded_value__g1__embed_descriptors row=5/20 query=Q6_TechUSListedSecuritiesWithHighLastTradedValue group=primary phase=cold rep=5
[2026-05-03 07:21:01] [INFO] [q6-debug] min_value=100.0 industries=0 countries=10 corporations=5000 securities=26260 listed_returned=100 fallback_used=False
[2026-05-03 07:21:01] [INFO] [benchmark-progress] candidate=q6_tech_uslisted_securities_with_high_last_traded_value__g1__embed_descriptors row=6/20 query=Q6_TechUSListedSecuritiesWithHighLastTradedValue group=primary phase=cold rep=6
[2026-05-03 07:21:01] [INFO] [q6-debug] min_value=100.0 industries=0 countries=10 corporations=5000 securities=26260 listed_returned=100 fallback_used=False
[2026-05-03 07:21:01] [INFO] [benchmark-progress] candidate=q6_tech_uslisted_securities_with_high_last_traded_value__g1__embed_descriptors row=7/20 query=Q6_TechUSListedSecuritiesWithHighLastTradedValue group=primary phase=cold rep=7
[2026-05-03 07:21:01] [INFO] [q6-debug] min_value=100.0 industries=0 countries=10 corporations=5000 securities=26260 listed_returned=100 fallback_used=False
[2026-05-03 07:21:01] [INFO] [benchmark-progress] candidate=q6_tech_uslisted_securities_with_high_last_traded_value__g1__embed_descriptors row=8/20 query=Q6_TechUSListedSecuritiesWithHighLastTradedValue group=primary phase=cold rep=8
[2026-05-03 07:21:01] [INFO] [q6-debug] min_value=100.0 industries=0 countries=10 corporations=5000 securities=26260 listed_returned=100 fallback_used=False
[2026-05-03 07:21:01] [INFO] [benchmark-progress] candidate=q6_tech_uslisted_securities_with_high_last_traded_value__g1__embed_descriptors row=9/20 query=Q6_TechUSListedSecuritiesWithHighLastTradedValue group=primary phase=cold rep=9
[2026-05-03 07:21:01] [INFO] [q6-debug] min_value=100.0 industries=0 countries=10 corporations=5000 securities=26260 listed_returned=100 fallback_used=False
[2026-05-03 07:21:01] [INFO] [benchmark-progress] candidate=q6_tech_uslisted_securities_with_high_last_traded_value__g1__embed_descriptors row=10/20 query=Q6_TechUSListedSecuritiesWithHighLastTradedValue group=primary phase=cold rep=10
[2026-05-03 07:21:01] [INFO] [q6-debug] min_value=100.0 industries=0 countries=10 corporations=5000 securities=26260 listed_returned=100 fallback_used=False
[2026-05-03 07:21:01] [INFO] [benchmark-progress] candidate=q6_tech_uslisted_securities_with_high_last_traded_value__g1__embed_descriptors row=11/20 query=Q6_TechUSListedSecuritiesWithHighLastTradedValue group=primary phase=hot rep=1
[2026-05-03 07:21:01] [INFO] [q6-debug] min_value=100.0 industries=0 countries=10 corporations=5000 securities=26260 listed_returned=100 fallback_used=False
[2026-05-03 07:21:01] [INFO] [benchmark-progress] candidate=q6_tech_uslisted_securities_with_high_last_traded_value__g1__embed_descriptors row=12/20 query=Q6_TechUSListedSecuritiesWithHighLastTradedValue group=primary phase=hot rep=2
[2026-05-03 07:21:02] [INFO] [q6-debug] min_value=100.0 industries=0 countries=10 corporations=5000 securities=26260 listed_returned=100 fallback_used=False
[2026-05-03 07:21:02] [INFO] [benchmark-progress] candidate=q6_tech_uslisted_securities_with_high_last_traded_value__g1__embed_descriptors row=13/20 query=Q6_TechUSListedSecuritiesWithHighLastTradedValue group=primary phase=hot rep=3
[2026-05-03 07:21:02] [INFO] [q6-debug] min_value=100.0 industries=0 countries=10 corporations=5000 securities=26260 listed_returned=100 fallback_used=False
[2026-05-03 07:21:02] [INFO] [benchmark-progress] candidate=q6_tech_uslisted_securities_with_high_last_traded_value__g1__embed_descriptors row=14/20 query=Q6_TechUSListedSecuritiesWithHighLastTradedValue group=primary phase=hot rep=4
[2026-05-03 07:21:02] [INFO] [q6-debug] min_value=100.0 industries=0 countries=10 corporations=5000 securities=26260 listed_returned=100 fallback_used=False
[2026-05-03 07:21:02] [INFO] [benchmark-progress] candidate=q6_tech_uslisted_securities_with_high_last_traded_value__g1__embed_descriptors row=15/20 query=Q6_TechUSListedSecuritiesWithHighLastTradedValue group=primary phase=hot rep=5
[2026-05-03 07:21:02] [INFO] [q6-debug] min_value=100.0 industries=0 countries=10 corporations=5000 securities=26260 listed_returned=100 fallback_used=False
[2026-05-03 07:21:02] [INFO] [benchmark-progress] candidate=q6_tech_uslisted_securities_with_high_last_traded_value__g1__embed_descriptors row=16/20 query=Q6_TechUSListedSecuritiesWithHighLastTradedValue group=primary phase=hot rep=6
[2026-05-03 07:21:02] [INFO] [q6-debug] min_value=100.0 industries=0 countries=10 corporations=5000 securities=26260 listed_returned=100 fallback_used=False
[2026-05-03 07:21:02] [INFO] [benchmark-progress] candidate=q6_tech_uslisted_securities_with_high_last_traded_value__g1__embed_descriptors row=17/20 query=Q6_TechUSListedSecuritiesWithHighLastTradedValue group=primary phase=hot rep=7
[2026-05-03 07:21:02] [INFO] [q6-debug] min_value=100.0 industries=0 countries=10 corporations=5000 securities=26260 listed_returned=100 fallback_used=False
[2026-05-03 07:21:02] [INFO] [benchmark-progress] candidate=q6_tech_uslisted_securities_with_high_last_traded_value__g1__embed_descriptors row=18/20 query=Q6_TechUSListedSecuritiesWithHighLastTradedValue group=primary phase=hot rep=8
[2026-05-03 07:21:02] [INFO] [q6-debug] min_value=100.0 industries=0 countries=10 corporations=5000 securities=26260 listed_returned=100 fallback_used=False
[2026-05-03 07:21:02] [INFO] [benchmark-progress] candidate=q6_tech_uslisted_securities_with_high_last_traded_value__g1__embed_descriptors row=19/20 query=Q6_TechUSListedSecuritiesWithHighLastTradedValue group=primary phase=hot rep=9
[2026-05-03 07:21:02] [INFO] [q6-debug] min_value=100.0 industries=0 countries=10 corporations=5000 securities=26260 listed_returned=100 fallback_used=False
[2026-05-03 07:21:02] [INFO] [benchmark-progress] candidate=q6_tech_uslisted_securities_with_high_last_traded_value__g1__embed_descriptors row=20/20 query=Q6_TechUSListedSecuritiesWithHighLastTradedValue group=primary phase=hot rep=10
[2026-05-03 07:21:02] [INFO] [q6-debug] min_value=100.0 industries=0 countries=10 corporations=5000 securities=26260 listed_returned=100 fallback_used=False
[2026-05-03 07:21:02] [INFO] === BENCHMARK COMPLETED candidate=q6_tech_uslisted_securities_with_high_last_traded_value__g1__embed_descriptors rows=20 ===
[2026-05-03 07:21:02] [INFO] === BENCHMARK START candidate=q6_tech_uslisted_securities_with_high_last_traded_value__g3__association_references rows=20 ===
[2026-05-03 07:21:02] [INFO] [benchmark-progress] candidate=q6_tech_uslisted_securities_with_high_last_traded_value__g3__association_references row=1/20 query=Q6_TechUSListedSecuritiesWithHighLastTradedValue group=primary phase=cold rep=1
[2026-05-03 07:21:03] [INFO] [q6-debug] min_value=100.0 industries=0 countries=10 corporations=5000 securities=26260 listed_returned=100 fallback_used=False
[2026-05-03 07:21:03] [INFO] [benchmark-progress] candidate=q6_tech_uslisted_securities_with_high_last_traded_value__g3__association_references row=2/20 query=Q6_TechUSListedSecuritiesWithHighLastTradedValue group=primary phase=cold rep=2
[2026-05-03 07:21:03] [INFO] [q6-debug] min_value=100.0 industries=0 countries=10 corporations=5000 securities=26260 listed_returned=100 fallback_used=False
[2026-05-03 07:21:03] [INFO] [benchmark-progress] candidate=q6_tech_uslisted_securities_with_high_last_traded_value__g3__association_references row=3/20 query=Q6_TechUSListedSecuritiesWithHighLastTradedValue group=primary phase=cold rep=3
[2026-05-03 07:21:03] [INFO] [q6-debug] min_value=100.0 industries=0 countries=10 corporations=5000 securities=26260 listed_returned=100 fallback_used=False
[2026-05-03 07:21:03] [INFO] [benchmark-progress] candidate=q6_tech_uslisted_securities_with_high_last_traded_value__g3__association_references row=4/20 query=Q6_TechUSListedSecuritiesWithHighLastTradedValue group=primary phase=cold rep=4
[2026-05-03 07:21:03] [INFO] [q6-debug] min_value=100.0 industries=0 countries=10 corporations=5000 securities=26260 listed_returned=100 fallback_used=False
[2026-05-03 07:21:03] [INFO] [benchmark-progress] candidate=q6_tech_uslisted_securities_with_high_last_traded_value__g3__association_references row=5/20 query=Q6_TechUSListedSecuritiesWithHighLastTradedValue group=primary phase=cold rep=5
[2026-05-03 07:21:03] [INFO] [q6-debug] min_value=100.0 industries=0 countries=10 corporations=5000 securities=26260 listed_returned=100 fallback_used=False
[2026-05-03 07:21:03] [INFO] [benchmark-progress] candidate=q6_tech_uslisted_securities_with_high_last_traded_value__g3__association_references row=6/20 query=Q6_TechUSListedSecuritiesWithHighLastTradedValue group=primary phase=cold rep=6
[2026-05-03 07:21:03] [INFO] [q6-debug] min_value=100.0 industries=0 countries=10 corporations=5000 securities=26260 listed_returned=100 fallback_used=False
[2026-05-03 07:21:03] [INFO] [benchmark-progress] candidate=q6_tech_uslisted_securities_with_high_last_traded_value__g3__association_references row=7/20 query=Q6_TechUSListedSecuritiesWithHighLastTradedValue group=primary phase=cold rep=7
[2026-05-03 07:21:03] [INFO] [q6-debug] min_value=100.0 industries=0 countries=10 corporations=5000 securities=26260 listed_returned=100 fallback_used=False
[2026-05-03 07:21:03] [INFO] [benchmark-progress] candidate=q6_tech_uslisted_securities_with_high_last_traded_value__g3__association_references row=8/20 query=Q6_TechUSListedSecuritiesWithHighLastTradedValue group=primary phase=cold rep=8
[2026-05-03 07:21:04] [INFO] [q6-debug] min_value=100.0 industries=0 countries=10 corporations=5000 securities=26260 listed_returned=100 fallback_used=False
[2026-05-03 07:21:04] [INFO] [benchmark-progress] candidate=q6_tech_uslisted_securities_with_high_last_traded_value__g3__association_references row=9/20 query=Q6_TechUSListedSecuritiesWithHighLastTradedValue group=primary phase=cold rep=9
[2026-05-03 07:21:04] [INFO] [q6-debug] min_value=100.0 industries=0 countries=10 corporations=5000 securities=26260 listed_returned=100 fallback_used=False
[2026-05-03 07:21:04] [INFO] [benchmark-progress] candidate=q6_tech_uslisted_securities_with_high_last_traded_value__g3__association_references row=10/20 query=Q6_TechUSListedSecuritiesWithHighLastTradedValue group=primary phase=cold rep=10
[2026-05-03 07:21:04] [INFO] [q6-debug] min_value=100.0 industries=0 countries=10 corporations=5000 securities=26260 listed_returned=100 fallback_used=False
[2026-05-03 07:21:04] [INFO] [benchmark-progress] candidate=q6_tech_uslisted_securities_with_high_last_traded_value__g3__association_references row=11/20 query=Q6_TechUSListedSecuritiesWithHighLastTradedValue group=primary phase=hot rep=1
[2026-05-03 07:21:04] [INFO] [q6-debug] min_value=100.0 industries=0 countries=10 corporations=5000 securities=26260 listed_returned=100 fallback_used=False
[2026-05-03 07:21:04] [INFO] [benchmark-progress] candidate=q6_tech_uslisted_securities_with_high_last_traded_value__g3__association_references row=12/20 query=Q6_TechUSListedSecuritiesWithHighLastTradedValue group=primary phase=hot rep=2
[2026-05-03 07:21:04] [INFO] [q6-debug] min_value=100.0 industries=0 countries=10 corporations=5000 securities=26260 listed_returned=100 fallback_used=False
[2026-05-03 07:21:04] [INFO] [benchmark-progress] candidate=q6_tech_uslisted_securities_with_high_last_traded_value__g3__association_references row=13/20 query=Q6_TechUSListedSecuritiesWithHighLastTradedValue group=primary phase=hot rep=3
[2026-05-03 07:21:04] [INFO] [q6-debug] min_value=100.0 industries=0 countries=10 corporations=5000 securities=26260 listed_returned=100 fallback_used=False
[2026-05-03 07:21:04] [INFO] [benchmark-progress] candidate=q6_tech_uslisted_securities_with_high_last_traded_value__g3__association_references row=14/20 query=Q6_TechUSListedSecuritiesWithHighLastTradedValue group=primary phase=hot rep=4
[2026-05-03 07:21:04] [INFO] [q6-debug] min_value=100.0 industries=0 countries=10 corporations=5000 securities=26260 listed_returned=100 fallback_used=False
[2026-05-03 07:21:04] [INFO] [benchmark-progress] candidate=q6_tech_uslisted_securities_with_high_last_traded_value__g3__association_references row=15/20 query=Q6_TechUSListedSecuritiesWithHighLastTradedValue group=primary phase=hot rep=5
[2026-05-03 07:21:04] [INFO] [q6-debug] min_value=100.0 industries=0 countries=10 corporations=5000 securities=26260 listed_returned=100 fallback_used=False
[2026-05-03 07:21:04] [INFO] [benchmark-progress] candidate=q6_tech_uslisted_securities_with_high_last_traded_value__g3__association_references row=16/20 query=Q6_TechUSListedSecuritiesWithHighLastTradedValue group=primary phase=hot rep=6
[2026-05-03 07:21:05] [INFO] [q6-debug] min_value=100.0 industries=0 countries=10 corporations=5000 securities=26260 listed_returned=100 fallback_used=False
[2026-05-03 07:21:05] [INFO] [benchmark-progress] candidate=q6_tech_uslisted_securities_with_high_last_traded_value__g3__association_references row=17/20 query=Q6_TechUSListedSecuritiesWithHighLastTradedValue group=primary phase=hot rep=7
[2026-05-03 07:21:05] [INFO] [q6-debug] min_value=100.0 industries=0 countries=10 corporations=5000 securities=26260 listed_returned=100 fallback_used=False
[2026-05-03 07:21:05] [INFO] [benchmark-progress] candidate=q6_tech_uslisted_securities_with_high_last_traded_value__g3__association_references row=18/20 query=Q6_TechUSListedSecuritiesWithHighLastTradedValue group=primary phase=hot rep=8
[2026-05-03 07:21:05] [INFO] [q6-debug] min_value=100.0 industries=0 countries=10 corporations=5000 securities=26260 listed_returned=100 fallback_used=False
[2026-05-03 07:21:05] [INFO] [benchmark-progress] candidate=q6_tech_uslisted_securities_with_high_last_traded_value__g3__association_references row=19/20 query=Q6_TechUSListedSecuritiesWithHighLastTradedValue group=primary phase=hot rep=9
[2026-05-03 07:21:05] [INFO] [q6-debug] min_value=100.0 industries=0 countries=10 corporations=5000 securities=26260 listed_returned=100 fallback_used=False
[2026-05-03 07:21:05] [INFO] [benchmark-progress] candidate=q6_tech_uslisted_securities_with_high_last_traded_value__g3__association_references row=20/20 query=Q6_TechUSListedSecuritiesWithHighLastTradedValue group=primary phase=hot rep=10
[2026-05-03 07:21:05] [INFO] [q6-debug] min_value=100.0 industries=0 countries=10 corporations=5000 securities=26260 listed_returned=100 fallback_used=False
[2026-05-03 07:21:05] [INFO] === BENCHMARK COMPLETED candidate=q6_tech_uslisted_securities_with_high_last_traded_value__g3__association_references rows=20 ===
[2026-05-03 07:21:05] [INFO] === BENCHMARK START candidate=q6_tech_uslisted_securities_with_high_last_traded_value__g5__shared_targets_as_references rows=20 ===
[2026-05-03 07:21:05] [INFO] [benchmark-progress] candidate=q6_tech_uslisted_securities_with_high_last_traded_value__g5__shared_targets_as_references row=1/20 query=Q6_TechUSListedSecuritiesWithHighLastTradedValue group=primary phase=cold rep=1
[2026-05-03 07:21:05] [INFO] [q6-debug] min_value=100.0 industries=0 countries=10 corporations=5000 securities=26260 listed_returned=100 fallback_used=False
[2026-05-03 07:21:05] [INFO] [benchmark-progress] candidate=q6_tech_uslisted_securities_with_high_last_traded_value__g5__shared_targets_as_references row=2/20 query=Q6_TechUSListedSecuritiesWithHighLastTradedValue group=primary phase=cold rep=2
[2026-05-03 07:21:06] [INFO] [q6-debug] min_value=100.0 industries=0 countries=10 corporations=5000 securities=26260 listed_returned=100 fallback_used=False
[2026-05-03 07:21:06] [INFO] [benchmark-progress] candidate=q6_tech_uslisted_securities_with_high_last_traded_value__g5__shared_targets_as_references row=3/20 query=Q6_TechUSListedSecuritiesWithHighLastTradedValue group=primary phase=cold rep=3
[2026-05-03 07:21:06] [INFO] [q6-debug] min_value=100.0 industries=0 countries=10 corporations=5000 securities=26260 listed_returned=100 fallback_used=False
[2026-05-03 07:21:06] [INFO] [benchmark-progress] candidate=q6_tech_uslisted_securities_with_high_last_traded_value__g5__shared_targets_as_references row=4/20 query=Q6_TechUSListedSecuritiesWithHighLastTradedValue group=primary phase=cold rep=4
[2026-05-03 07:21:06] [INFO] [q6-debug] min_value=100.0 industries=0 countries=10 corporations=5000 securities=26260 listed_returned=100 fallback_used=False
[2026-05-03 07:21:06] [INFO] [benchmark-progress] candidate=q6_tech_uslisted_securities_with_high_last_traded_value__g5__shared_targets_as_references row=5/20 query=Q6_TechUSListedSecuritiesWithHighLastTradedValue group=primary phase=cold rep=5
[2026-05-03 07:21:06] [INFO] [q6-debug] min_value=100.0 industries=0 countries=10 corporations=5000 securities=26260 listed_returned=100 fallback_used=False
[2026-05-03 07:21:06] [INFO] [benchmark-progress] candidate=q6_tech_uslisted_securities_with_high_last_traded_value__g5__shared_targets_as_references row=6/20 query=Q6_TechUSListedSecuritiesWithHighLastTradedValue group=primary phase=cold rep=6
[2026-05-03 07:21:06] [INFO] [q6-debug] min_value=100.0 industries=0 countries=10 corporations=5000 securities=26260 listed_returned=100 fallback_used=False
[2026-05-03 07:21:06] [INFO] [benchmark-progress] candidate=q6_tech_uslisted_securities_with_high_last_traded_value__g5__shared_targets_as_references row=7/20 query=Q6_TechUSListedSecuritiesWithHighLastTradedValue group=primary phase=cold rep=7
[2026-05-03 07:21:06] [INFO] [q6-debug] min_value=100.0 industries=0 countries=10 corporations=5000 securities=26260 listed_returned=100 fallback_used=False
[2026-05-03 07:21:06] [INFO] [benchmark-progress] candidate=q6_tech_uslisted_securities_with_high_last_traded_value__g5__shared_targets_as_references row=8/20 query=Q6_TechUSListedSecuritiesWithHighLastTradedValue group=primary phase=cold rep=8
[2026-05-03 07:21:06] [INFO] [q6-debug] min_value=100.0 industries=0 countries=10 corporations=5000 securities=26260 listed_returned=100 fallback_used=False
[2026-05-03 07:21:06] [INFO] [benchmark-progress] candidate=q6_tech_uslisted_securities_with_high_last_traded_value__g5__shared_targets_as_references row=9/20 query=Q6_TechUSListedSecuritiesWithHighLastTradedValue group=primary phase=cold rep=9
[2026-05-03 07:21:06] [INFO] [q6-debug] min_value=100.0 industries=0 countries=10 corporations=5000 securities=26260 listed_returned=100 fallback_used=False
[2026-05-03 07:21:06] [INFO] [benchmark-progress] candidate=q6_tech_uslisted_securities_with_high_last_traded_value__g5__shared_targets_as_references row=10/20 query=Q6_TechUSListedSecuritiesWithHighLastTradedValue group=primary phase=cold rep=10
[2026-05-03 07:21:06] [INFO] [q6-debug] min_value=100.0 industries=0 countries=10 corporations=5000 securities=26260 listed_returned=100 fallback_used=False
[2026-05-03 07:21:06] [INFO] [benchmark-progress] candidate=q6_tech_uslisted_securities_with_high_last_traded_value__g5__shared_targets_as_references row=11/20 query=Q6_TechUSListedSecuritiesWithHighLastTradedValue group=primary phase=hot rep=1
[2026-05-03 07:21:06] [INFO] [q6-debug] min_value=100.0 industries=0 countries=10 corporations=5000 securities=26260 listed_returned=100 fallback_used=False
[2026-05-03 07:21:06] [INFO] [benchmark-progress] candidate=q6_tech_uslisted_securities_with_high_last_traded_value__g5__shared_targets_as_references row=12/20 query=Q6_TechUSListedSecuritiesWithHighLastTradedValue group=primary phase=hot rep=2
[2026-05-03 07:21:06] [INFO] [q6-debug] min_value=100.0 industries=0 countries=10 corporations=5000 securities=26260 listed_returned=100 fallback_used=False
[2026-05-03 07:21:06] [INFO] [benchmark-progress] candidate=q6_tech_uslisted_securities_with_high_last_traded_value__g5__shared_targets_as_references row=13/20 query=Q6_TechUSListedSecuritiesWithHighLastTradedValue group=primary phase=hot rep=3
[2026-05-03 07:21:06] [INFO] [q6-debug] min_value=100.0 industries=0 countries=10 corporations=5000 securities=26260 listed_returned=100 fallback_used=False
[2026-05-03 07:21:06] [INFO] [benchmark-progress] candidate=q6_tech_uslisted_securities_with_high_last_traded_value__g5__shared_targets_as_references row=14/20 query=Q6_TechUSListedSecuritiesWithHighLastTradedValue group=primary phase=hot rep=4
[2026-05-03 07:21:07] [INFO] [q6-debug] min_value=100.0 industries=0 countries=10 corporations=5000 securities=26260 listed_returned=100 fallback_used=False
[2026-05-03 07:21:07] [INFO] [benchmark-progress] candidate=q6_tech_uslisted_securities_with_high_last_traded_value__g5__shared_targets_as_references row=15/20 query=Q6_TechUSListedSecuritiesWithHighLastTradedValue group=primary phase=hot rep=5
[2026-05-03 07:21:07] [INFO] [q6-debug] min_value=100.0 industries=0 countries=10 corporations=5000 securities=26260 listed_returned=100 fallback_used=False
[2026-05-03 07:21:07] [INFO] [benchmark-progress] candidate=q6_tech_uslisted_securities_with_high_last_traded_value__g5__shared_targets_as_references row=16/20 query=Q6_TechUSListedSecuritiesWithHighLastTradedValue group=primary phase=hot rep=6
[2026-05-03 07:21:07] [INFO] [q6-debug] min_value=100.0 industries=0 countries=10 corporations=5000 securities=26260 listed_returned=100 fallback_used=False
[2026-05-03 07:21:07] [INFO] [benchmark-progress] candidate=q6_tech_uslisted_securities_with_high_last_traded_value__g5__shared_targets_as_references row=17/20 query=Q6_TechUSListedSecuritiesWithHighLastTradedValue group=primary phase=hot rep=7
[2026-05-03 07:21:07] [INFO] [q6-debug] min_value=100.0 industries=0 countries=10 corporations=5000 securities=26260 listed_returned=100 fallback_used=False
[2026-05-03 07:21:07] [INFO] [benchmark-progress] candidate=q6_tech_uslisted_securities_with_high_last_traded_value__g5__shared_targets_as_references row=18/20 query=Q6_TechUSListedSecuritiesWithHighLastTradedValue group=primary phase=hot rep=8
[2026-05-03 07:21:07] [INFO] [q6-debug] min_value=100.0 industries=0 countries=10 corporations=5000 securities=26260 listed_returned=100 fallback_used=False
[2026-05-03 07:21:07] [INFO] [benchmark-progress] candidate=q6_tech_uslisted_securities_with_high_last_traded_value__g5__shared_targets_as_references row=19/20 query=Q6_TechUSListedSecuritiesWithHighLastTradedValue group=primary phase=hot rep=9
[2026-05-03 07:21:07] [INFO] [q6-debug] min_value=100.0 industries=0 countries=10 corporations=5000 securities=26260 listed_returned=100 fallback_used=False
[2026-05-03 07:21:07] [INFO] [benchmark-progress] candidate=q6_tech_uslisted_securities_with_high_last_traded_value__g5__shared_targets_as_references row=20/20 query=Q6_TechUSListedSecuritiesWithHighLastTradedValue group=primary phase=hot rep=10
[2026-05-03 07:21:07] [INFO] [q6-debug] min_value=100.0 industries=0 countries=10 corporations=5000 securities=26260 listed_returned=100 fallback_used=False
[2026-05-03 07:21:07] [INFO] === BENCHMARK COMPLETED candidate=q6_tech_uslisted_securities_with_high_last_traded_value__g5__shared_targets_as_references rows=20 ===
[2026-05-03 07:21:07] [INFO] === BENCHMARK START candidate=q6_tech_uslisted_securities_with_high_last_traded_value__g7__update_aware_references rows=20 ===
[2026-05-03 07:21:07] [INFO] [benchmark-progress] candidate=q6_tech_uslisted_securities_with_high_last_traded_value__g7__update_aware_references row=1/20 query=Q6_TechUSListedSecuritiesWithHighLastTradedValue group=secondary_affected phase=cold rep=1
[2026-05-03 07:21:08] [INFO] [q6-debug] min_value=100.0 industries=0 countries=10 corporations=5000 securities=26260 listed_returned=100 fallback_used=False
[2026-05-03 07:21:08] [INFO] [benchmark-progress] candidate=q6_tech_uslisted_securities_with_high_last_traded_value__g7__update_aware_references row=2/20 query=Q6_TechUSListedSecuritiesWithHighLastTradedValue group=secondary_affected phase=cold rep=2
[2026-05-03 07:21:08] [INFO] [q6-debug] min_value=100.0 industries=0 countries=10 corporations=5000 securities=26260 listed_returned=100 fallback_used=False
[2026-05-03 07:21:08] [INFO] [benchmark-progress] candidate=q6_tech_uslisted_securities_with_high_last_traded_value__g7__update_aware_references row=3/20 query=Q6_TechUSListedSecuritiesWithHighLastTradedValue group=secondary_affected phase=cold rep=3
[2026-05-03 07:21:08] [INFO] [q6-debug] min_value=100.0 industries=0 countries=10 corporations=5000 securities=26260 listed_returned=100 fallback_used=False
[2026-05-03 07:21:08] [INFO] [benchmark-progress] candidate=q6_tech_uslisted_securities_with_high_last_traded_value__g7__update_aware_references row=4/20 query=Q6_TechUSListedSecuritiesWithHighLastTradedValue group=secondary_affected phase=cold rep=4
[2026-05-03 07:21:08] [INFO] [q6-debug] min_value=100.0 industries=0 countries=10 corporations=5000 securities=26260 listed_returned=100 fallback_used=False
[2026-05-03 07:21:08] [INFO] [benchmark-progress] candidate=q6_tech_uslisted_securities_with_high_last_traded_value__g7__update_aware_references row=5/20 query=Q6_TechUSListedSecuritiesWithHighLastTradedValue group=secondary_affected phase=cold rep=5
[2026-05-03 07:21:08] [INFO] [q6-debug] min_value=100.0 industries=0 countries=10 corporations=5000 securities=26260 listed_returned=100 fallback_used=False
[2026-05-03 07:21:08] [INFO] [benchmark-progress] candidate=q6_tech_uslisted_securities_with_high_last_traded_value__g7__update_aware_references row=6/20 query=Q6_TechUSListedSecuritiesWithHighLastTradedValue group=secondary_affected phase=cold rep=6
[2026-05-03 07:21:08] [INFO] [q6-debug] min_value=100.0 industries=0 countries=10 corporations=5000 securities=26260 listed_returned=100 fallback_used=False
[2026-05-03 07:21:08] [INFO] [benchmark-progress] candidate=q6_tech_uslisted_securities_with_high_last_traded_value__g7__update_aware_references row=7/20 query=Q6_TechUSListedSecuritiesWithHighLastTradedValue group=secondary_affected phase=cold rep=7
[2026-05-03 07:21:09] [INFO] [q6-debug] min_value=100.0 industries=0 countries=10 corporations=5000 securities=26260 listed_returned=100 fallback_used=False
[2026-05-03 07:21:09] [INFO] [benchmark-progress] candidate=q6_tech_uslisted_securities_with_high_last_traded_value__g7__update_aware_references row=8/20 query=Q6_TechUSListedSecuritiesWithHighLastTradedValue group=secondary_affected phase=cold rep=8
[2026-05-03 07:21:09] [INFO] [q6-debug] min_value=100.0 industries=0 countries=10 corporations=5000 securities=26260 listed_returned=100 fallback_used=False
[2026-05-03 07:21:09] [INFO] [benchmark-progress] candidate=q6_tech_uslisted_securities_with_high_last_traded_value__g7__update_aware_references row=9/20 query=Q6_TechUSListedSecuritiesWithHighLastTradedValue group=secondary_affected phase=cold rep=9
[2026-05-03 07:21:09] [INFO] [q6-debug] min_value=100.0 industries=0 countries=10 corporations=5000 securities=26260 listed_returned=100 fallback_used=False
[2026-05-03 07:21:09] [INFO] [benchmark-progress] candidate=q6_tech_uslisted_securities_with_high_last_traded_value__g7__update_aware_references row=10/20 query=Q6_TechUSListedSecuritiesWithHighLastTradedValue group=secondary_affected phase=cold rep=10
[2026-05-03 07:21:09] [INFO] [q6-debug] min_value=100.0 industries=0 countries=10 corporations=5000 securities=26260 listed_returned=100 fallback_used=False
[2026-05-03 07:21:09] [INFO] [benchmark-progress] candidate=q6_tech_uslisted_securities_with_high_last_traded_value__g7__update_aware_references row=11/20 query=Q6_TechUSListedSecuritiesWithHighLastTradedValue group=secondary_affected phase=hot rep=1
[2026-05-03 07:21:09] [INFO] [q6-debug] min_value=100.0 industries=0 countries=10 corporations=5000 securities=26260 listed_returned=100 fallback_used=False
[2026-05-03 07:21:09] [INFO] [benchmark-progress] candidate=q6_tech_uslisted_securities_with_high_last_traded_value__g7__update_aware_references row=12/20 query=Q6_TechUSListedSecuritiesWithHighLastTradedValue group=secondary_affected phase=hot rep=2
[2026-05-03 07:21:09] [INFO] [q6-debug] min_value=100.0 industries=0 countries=10 corporations=5000 securities=26260 listed_returned=100 fallback_used=False
[2026-05-03 07:21:09] [INFO] [benchmark-progress] candidate=q6_tech_uslisted_securities_with_high_last_traded_value__g7__update_aware_references row=13/20 query=Q6_TechUSListedSecuritiesWithHighLastTradedValue group=secondary_affected phase=hot rep=3
[2026-05-03 07:21:09] [INFO] [q6-debug] min_value=100.0 industries=0 countries=10 corporations=5000 securities=26260 listed_returned=100 fallback_used=False
[2026-05-03 07:21:09] [INFO] [benchmark-progress] candidate=q6_tech_uslisted_securities_with_high_last_traded_value__g7__update_aware_references row=14/20 query=Q6_TechUSListedSecuritiesWithHighLastTradedValue group=secondary_affected phase=hot rep=4
[2026-05-03 07:21:09] [INFO] [q6-debug] min_value=100.0 industries=0 countries=10 corporations=5000 securities=26260 listed_returned=100 fallback_used=False
[2026-05-03 07:21:09] [INFO] [benchmark-progress] candidate=q6_tech_uslisted_securities_with_high_last_traded_value__g7__update_aware_references row=15/20 query=Q6_TechUSListedSecuritiesWithHighLastTradedValue group=secondary_affected phase=hot rep=5
[2026-05-03 07:21:10] [INFO] [q6-debug] min_value=100.0 industries=0 countries=10 corporations=5000 securities=26260 listed_returned=100 fallback_used=False
[2026-05-03 07:21:10] [INFO] [benchmark-progress] candidate=q6_tech_uslisted_securities_with_high_last_traded_value__g7__update_aware_references row=16/20 query=Q6_TechUSListedSecuritiesWithHighLastTradedValue group=secondary_affected phase=hot rep=6
[2026-05-03 07:21:10] [INFO] [q6-debug] min_value=100.0 industries=0 countries=10 corporations=5000 securities=26260 listed_returned=100 fallback_used=False
[2026-05-03 07:21:10] [INFO] [benchmark-progress] candidate=q6_tech_uslisted_securities_with_high_last_traded_value__g7__update_aware_references row=17/20 query=Q6_TechUSListedSecuritiesWithHighLastTradedValue group=secondary_affected phase=hot rep=7
[2026-05-03 07:21:10] [INFO] [q6-debug] min_value=100.0 industries=0 countries=10 corporations=5000 securities=26260 listed_returned=100 fallback_used=False
[2026-05-03 07:21:10] [INFO] [benchmark-progress] candidate=q6_tech_uslisted_securities_with_high_last_traded_value__g7__update_aware_references row=18/20 query=Q6_TechUSListedSecuritiesWithHighLastTradedValue group=secondary_affected phase=hot rep=8
[2026-05-03 07:21:10] [INFO] [q6-debug] min_value=100.0 industries=0 countries=10 corporations=5000 securities=26260 listed_returned=100 fallback_used=False
[2026-05-03 07:21:10] [INFO] [benchmark-progress] candidate=q6_tech_uslisted_securities_with_high_last_traded_value__g7__update_aware_references row=19/20 query=Q6_TechUSListedSecuritiesWithHighLastTradedValue group=secondary_affected phase=hot rep=9
[2026-05-03 07:21:10] [INFO] [q6-debug] min_value=100.0 industries=0 countries=10 corporations=5000 securities=26260 listed_returned=100 fallback_used=False
[2026-05-03 07:21:10] [INFO] [benchmark-progress] candidate=q6_tech_uslisted_securities_with_high_last_traded_value__g7__update_aware_references row=20/20 query=Q6_TechUSListedSecuritiesWithHighLastTradedValue group=secondary_affected phase=hot rep=10
[2026-05-03 07:21:10] [INFO] [q6-debug] min_value=100.0 industries=0 countries=10 corporations=5000 securities=26260 listed_returned=100 fallback_used=False
[2026-05-03 07:21:10] [INFO] === BENCHMARK COMPLETED candidate=q6_tech_uslisted_securities_with_high_last_traded_value__g7__update_aware_references rows=20 ===
[2026-05-03 07:21:10] [INFO] === BENCHMARK START candidate=q6_tech_uslisted_securities_with_high_last_traded_value__g9__tradeoff_benchmark_candidate rows=20 ===
[2026-05-03 07:21:10] [INFO] [benchmark-progress] candidate=q6_tech_uslisted_securities_with_high_last_traded_value__g9__tradeoff_benchmark_candidate row=1/20 query=Q6_TechUSListedSecuritiesWithHighLastTradedValue group=secondary_affected phase=cold rep=1
[2026-05-03 07:21:10] [INFO] [q6-debug] min_value=100.0 industries=0 countries=10 corporations=5000 securities=26260 listed_returned=100 fallback_used=False
[2026-05-03 07:21:10] [INFO] [benchmark-progress] candidate=q6_tech_uslisted_securities_with_high_last_traded_value__g9__tradeoff_benchmark_candidate row=2/20 query=Q6_TechUSListedSecuritiesWithHighLastTradedValue group=secondary_affected phase=cold rep=2
[2026-05-03 07:21:10] [INFO] [q6-debug] min_value=100.0 industries=0 countries=10 corporations=5000 securities=26260 listed_returned=100 fallback_used=False
[2026-05-03 07:21:10] [INFO] [benchmark-progress] candidate=q6_tech_uslisted_securities_with_high_last_traded_value__g9__tradeoff_benchmark_candidate row=3/20 query=Q6_TechUSListedSecuritiesWithHighLastTradedValue group=secondary_affected phase=cold rep=3
[2026-05-03 07:21:10] [INFO] [q6-debug] min_value=100.0 industries=0 countries=10 corporations=5000 securities=26260 listed_returned=100 fallback_used=False
[2026-05-03 07:21:10] [INFO] [benchmark-progress] candidate=q6_tech_uslisted_securities_with_high_last_traded_value__g9__tradeoff_benchmark_candidate row=4/20 query=Q6_TechUSListedSecuritiesWithHighLastTradedValue group=secondary_affected phase=cold rep=4
[2026-05-03 07:21:11] [INFO] [q6-debug] min_value=100.0 industries=0 countries=10 corporations=5000 securities=26260 listed_returned=100 fallback_used=False
[2026-05-03 07:21:11] [INFO] [benchmark-progress] candidate=q6_tech_uslisted_securities_with_high_last_traded_value__g9__tradeoff_benchmark_candidate row=5/20 query=Q6_TechUSListedSecuritiesWithHighLastTradedValue group=secondary_affected phase=cold rep=5
[2026-05-03 07:21:11] [INFO] [q6-debug] min_value=100.0 industries=0 countries=10 corporations=5000 securities=26260 listed_returned=100 fallback_used=False
[2026-05-03 07:21:11] [INFO] [benchmark-progress] candidate=q6_tech_uslisted_securities_with_high_last_traded_value__g9__tradeoff_benchmark_candidate row=6/20 query=Q6_TechUSListedSecuritiesWithHighLastTradedValue group=secondary_affected phase=cold rep=6
[2026-05-03 07:21:11] [INFO] [q6-debug] min_value=100.0 industries=0 countries=10 corporations=5000 securities=26260 listed_returned=100 fallback_used=False
[2026-05-03 07:21:11] [INFO] [benchmark-progress] candidate=q6_tech_uslisted_securities_with_high_last_traded_value__g9__tradeoff_benchmark_candidate row=7/20 query=Q6_TechUSListedSecuritiesWithHighLastTradedValue group=secondary_affected phase=cold rep=7
[2026-05-03 07:21:11] [INFO] [q6-debug] min_value=100.0 industries=0 countries=10 corporations=5000 securities=26260 listed_returned=100 fallback_used=False
[2026-05-03 07:21:11] [INFO] [benchmark-progress] candidate=q6_tech_uslisted_securities_with_high_last_traded_value__g9__tradeoff_benchmark_candidate row=8/20 query=Q6_TechUSListedSecuritiesWithHighLastTradedValue group=secondary_affected phase=cold rep=8
[2026-05-03 07:21:11] [INFO] [q6-debug] min_value=100.0 industries=0 countries=10 corporations=5000 securities=26260 listed_returned=100 fallback_used=False
[2026-05-03 07:21:11] [INFO] [benchmark-progress] candidate=q6_tech_uslisted_securities_with_high_last_traded_value__g9__tradeoff_benchmark_candidate row=9/20 query=Q6_TechUSListedSecuritiesWithHighLastTradedValue group=secondary_affected phase=cold rep=9
[2026-05-03 07:21:11] [INFO] [q6-debug] min_value=100.0 industries=0 countries=10 corporations=5000 securities=26260 listed_returned=100 fallback_used=False
[2026-05-03 07:21:11] [INFO] [benchmark-progress] candidate=q6_tech_uslisted_securities_with_high_last_traded_value__g9__tradeoff_benchmark_candidate row=10/20 query=Q6_TechUSListedSecuritiesWithHighLastTradedValue group=secondary_affected phase=cold rep=10
[2026-05-03 07:21:12] [INFO] [q6-debug] min_value=100.0 industries=0 countries=10 corporations=5000 securities=26260 listed_returned=100 fallback_used=False
[2026-05-03 07:21:12] [INFO] [benchmark-progress] candidate=q6_tech_uslisted_securities_with_high_last_traded_value__g9__tradeoff_benchmark_candidate row=11/20 query=Q6_TechUSListedSecuritiesWithHighLastTradedValue group=secondary_affected phase=hot rep=1
[2026-05-03 07:21:12] [INFO] [q6-debug] min_value=100.0 industries=0 countries=10 corporations=5000 securities=26260 listed_returned=100 fallback_used=False
[2026-05-03 07:21:12] [INFO] [benchmark-progress] candidate=q6_tech_uslisted_securities_with_high_last_traded_value__g9__tradeoff_benchmark_candidate row=12/20 query=Q6_TechUSListedSecuritiesWithHighLastTradedValue group=secondary_affected phase=hot rep=2
[2026-05-03 07:21:12] [INFO] [q6-debug] min_value=100.0 industries=0 countries=10 corporations=5000 securities=26260 listed_returned=100 fallback_used=False
[2026-05-03 07:21:12] [INFO] [benchmark-progress] candidate=q6_tech_uslisted_securities_with_high_last_traded_value__g9__tradeoff_benchmark_candidate row=13/20 query=Q6_TechUSListedSecuritiesWithHighLastTradedValue group=secondary_affected phase=hot rep=3
[2026-05-03 07:21:12] [INFO] [q6-debug] min_value=100.0 industries=0 countries=10 corporations=5000 securities=26260 listed_returned=100 fallback_used=False
[2026-05-03 07:21:12] [INFO] [benchmark-progress] candidate=q6_tech_uslisted_securities_with_high_last_traded_value__g9__tradeoff_benchmark_candidate row=14/20 query=Q6_TechUSListedSecuritiesWithHighLastTradedValue group=secondary_affected phase=hot rep=4
[2026-05-03 07:21:12] [INFO] [q6-debug] min_value=100.0 industries=0 countries=10 corporations=5000 securities=26260 listed_returned=100 fallback_used=False
[2026-05-03 07:21:12] [INFO] [benchmark-progress] candidate=q6_tech_uslisted_securities_with_high_last_traded_value__g9__tradeoff_benchmark_candidate row=15/20 query=Q6_TechUSListedSecuritiesWithHighLastTradedValue group=secondary_affected phase=hot rep=5
[2026-05-03 07:21:12] [INFO] [q6-debug] min_value=100.0 industries=0 countries=10 corporations=5000 securities=26260 listed_returned=100 fallback_used=False
[2026-05-03 07:21:12] [INFO] [benchmark-progress] candidate=q6_tech_uslisted_securities_with_high_last_traded_value__g9__tradeoff_benchmark_candidate row=16/20 query=Q6_TechUSListedSecuritiesWithHighLastTradedValue group=secondary_affected phase=hot rep=6
[2026-05-03 07:21:12] [INFO] [q6-debug] min_value=100.0 industries=0 countries=10 corporations=5000 securities=26260 listed_returned=100 fallback_used=False
[2026-05-03 07:21:12] [INFO] [benchmark-progress] candidate=q6_tech_uslisted_securities_with_high_last_traded_value__g9__tradeoff_benchmark_candidate row=17/20 query=Q6_TechUSListedSecuritiesWithHighLastTradedValue group=secondary_affected phase=hot rep=7
[2026-05-03 07:21:12] [INFO] [q6-debug] min_value=100.0 industries=0 countries=10 corporations=5000 securities=26260 listed_returned=100 fallback_used=False
[2026-05-03 07:21:12] [INFO] [benchmark-progress] candidate=q6_tech_uslisted_securities_with_high_last_traded_value__g9__tradeoff_benchmark_candidate row=18/20 query=Q6_TechUSListedSecuritiesWithHighLastTradedValue group=secondary_affected phase=hot rep=8
[2026-05-03 07:21:13] [INFO] [q6-debug] min_value=100.0 industries=0 countries=10 corporations=5000 securities=26260 listed_returned=100 fallback_used=False
[2026-05-03 07:21:13] [INFO] [benchmark-progress] candidate=q6_tech_uslisted_securities_with_high_last_traded_value__g9__tradeoff_benchmark_candidate row=19/20 query=Q6_TechUSListedSecuritiesWithHighLastTradedValue group=secondary_affected phase=hot rep=9
[2026-05-03 07:21:13] [INFO] [q6-debug] min_value=100.0 industries=0 countries=10 corporations=5000 securities=26260 listed_returned=100 fallback_used=False
[2026-05-03 07:21:13] [INFO] [benchmark-progress] candidate=q6_tech_uslisted_securities_with_high_last_traded_value__g9__tradeoff_benchmark_candidate row=20/20 query=Q6_TechUSListedSecuritiesWithHighLastTradedValue group=secondary_affected phase=hot rep=10
[2026-05-03 07:21:13] [INFO] [q6-debug] min_value=100.0 industries=0 countries=10 corporations=5000 securities=26260 listed_returned=100 fallback_used=False
[2026-05-03 07:21:13] [INFO] === BENCHMARK COMPLETED candidate=q6_tech_uslisted_securities_with_high_last_traded_value__g9__tradeoff_benchmark_candidate rows=20 ===
[2026-05-03 07:21:13] [INFO] === BENCHMARK START candidate=q7_persons_who_bought_more_ibmthan_sold__control__normalized_reference_baseline rows=20 ===
[2026-05-03 07:21:13] [INFO] [benchmark-progress] candidate=q7_persons_who_bought_more_ibmthan_sold__control__normalized_reference_baseline row=1/20 query=Q7_PersonsWhoBoughtMoreIBMThanSold group=control phase=cold rep=1
[2026-05-03 07:21:13] [INFO] [benchmark-progress] candidate=q7_persons_who_bought_more_ibmthan_sold__control__normalized_reference_baseline row=2/20 query=Q7_PersonsWhoBoughtMoreIBMThanSold group=control phase=cold rep=2
[2026-05-03 07:21:13] [INFO] [benchmark-progress] candidate=q7_persons_who_bought_more_ibmthan_sold__control__normalized_reference_baseline row=3/20 query=Q7_PersonsWhoBoughtMoreIBMThanSold group=control phase=cold rep=3
[2026-05-03 07:21:13] [INFO] [benchmark-progress] candidate=q7_persons_who_bought_more_ibmthan_sold__control__normalized_reference_baseline row=4/20 query=Q7_PersonsWhoBoughtMoreIBMThanSold group=control phase=cold rep=4
[2026-05-03 07:21:13] [INFO] [benchmark-progress] candidate=q7_persons_who_bought_more_ibmthan_sold__control__normalized_reference_baseline row=5/20 query=Q7_PersonsWhoBoughtMoreIBMThanSold group=control phase=cold rep=5
[2026-05-03 07:21:13] [INFO] [benchmark-progress] candidate=q7_persons_who_bought_more_ibmthan_sold__control__normalized_reference_baseline row=6/20 query=Q7_PersonsWhoBoughtMoreIBMThanSold group=control phase=cold rep=6
[2026-05-03 07:21:13] [INFO] [benchmark-progress] candidate=q7_persons_who_bought_more_ibmthan_sold__control__normalized_reference_baseline row=7/20 query=Q7_PersonsWhoBoughtMoreIBMThanSold group=control phase=cold rep=7
[2026-05-03 07:21:13] [INFO] [benchmark-progress] candidate=q7_persons_who_bought_more_ibmthan_sold__control__normalized_reference_baseline row=8/20 query=Q7_PersonsWhoBoughtMoreIBMThanSold group=control phase=cold rep=8
[2026-05-03 07:21:13] [INFO] [benchmark-progress] candidate=q7_persons_who_bought_more_ibmthan_sold__control__normalized_reference_baseline row=9/20 query=Q7_PersonsWhoBoughtMoreIBMThanSold group=control phase=cold rep=9
[2026-05-03 07:21:13] [INFO] [benchmark-progress] candidate=q7_persons_who_bought_more_ibmthan_sold__control__normalized_reference_baseline row=10/20 query=Q7_PersonsWhoBoughtMoreIBMThanSold group=control phase=cold rep=10
[2026-05-03 07:21:13] [INFO] [benchmark-progress] candidate=q7_persons_who_bought_more_ibmthan_sold__control__normalized_reference_baseline row=11/20 query=Q7_PersonsWhoBoughtMoreIBMThanSold group=control phase=hot rep=1
[2026-05-03 07:21:13] [INFO] [benchmark-progress] candidate=q7_persons_who_bought_more_ibmthan_sold__control__normalized_reference_baseline row=12/20 query=Q7_PersonsWhoBoughtMoreIBMThanSold group=control phase=hot rep=2
[2026-05-03 07:21:13] [INFO] [benchmark-progress] candidate=q7_persons_who_bought_more_ibmthan_sold__control__normalized_reference_baseline row=13/20 query=Q7_PersonsWhoBoughtMoreIBMThanSold group=control phase=hot rep=3
[2026-05-03 07:21:13] [INFO] [benchmark-progress] candidate=q7_persons_who_bought_more_ibmthan_sold__control__normalized_reference_baseline row=14/20 query=Q7_PersonsWhoBoughtMoreIBMThanSold group=control phase=hot rep=4
[2026-05-03 07:21:13] [INFO] [benchmark-progress] candidate=q7_persons_who_bought_more_ibmthan_sold__control__normalized_reference_baseline row=15/20 query=Q7_PersonsWhoBoughtMoreIBMThanSold group=control phase=hot rep=5
[2026-05-03 07:21:13] [INFO] [benchmark-progress] candidate=q7_persons_who_bought_more_ibmthan_sold__control__normalized_reference_baseline row=16/20 query=Q7_PersonsWhoBoughtMoreIBMThanSold group=control phase=hot rep=6
[2026-05-03 07:21:13] [INFO] [benchmark-progress] candidate=q7_persons_who_bought_more_ibmthan_sold__control__normalized_reference_baseline row=17/20 query=Q7_PersonsWhoBoughtMoreIBMThanSold group=control phase=hot rep=7
[2026-05-03 07:21:13] [INFO] [benchmark-progress] candidate=q7_persons_who_bought_more_ibmthan_sold__control__normalized_reference_baseline row=18/20 query=Q7_PersonsWhoBoughtMoreIBMThanSold group=control phase=hot rep=8
[2026-05-03 07:21:13] [INFO] [benchmark-progress] candidate=q7_persons_who_bought_more_ibmthan_sold__control__normalized_reference_baseline row=19/20 query=Q7_PersonsWhoBoughtMoreIBMThanSold group=control phase=hot rep=9
[2026-05-03 07:21:13] [INFO] [benchmark-progress] candidate=q7_persons_who_bought_more_ibmthan_sold__control__normalized_reference_baseline row=20/20 query=Q7_PersonsWhoBoughtMoreIBMThanSold group=control phase=hot rep=10
[2026-05-03 07:21:13] [INFO] === BENCHMARK COMPLETED candidate=q7_persons_who_bought_more_ibmthan_sold__control__normalized_reference_baseline rows=20 ===
[2026-05-03 07:21:13] [INFO] === BENCHMARK START candidate=q7_persons_who_bought_more_ibmthan_sold__g2__embed_containment_children rows=20 ===
[2026-05-03 07:21:13] [INFO] [benchmark-progress] candidate=q7_persons_who_bought_more_ibmthan_sold__g2__embed_containment_children row=1/20 query=Q7_PersonsWhoBoughtMoreIBMThanSold group=primary phase=cold rep=1
[2026-05-03 07:21:13] [INFO] [benchmark-progress] candidate=q7_persons_who_bought_more_ibmthan_sold__g2__embed_containment_children row=2/20 query=Q7_PersonsWhoBoughtMoreIBMThanSold group=primary phase=cold rep=2
[2026-05-03 07:21:13] [INFO] [benchmark-progress] candidate=q7_persons_who_bought_more_ibmthan_sold__g2__embed_containment_children row=3/20 query=Q7_PersonsWhoBoughtMoreIBMThanSold group=primary phase=cold rep=3
[2026-05-03 07:21:13] [INFO] [benchmark-progress] candidate=q7_persons_who_bought_more_ibmthan_sold__g2__embed_containment_children row=4/20 query=Q7_PersonsWhoBoughtMoreIBMThanSold group=primary phase=cold rep=4
[2026-05-03 07:21:13] [INFO] [benchmark-progress] candidate=q7_persons_who_bought_more_ibmthan_sold__g2__embed_containment_children row=5/20 query=Q7_PersonsWhoBoughtMoreIBMThanSold group=primary phase=cold rep=5
[2026-05-03 07:21:13] [INFO] [benchmark-progress] candidate=q7_persons_who_bought_more_ibmthan_sold__g2__embed_containment_children row=6/20 query=Q7_PersonsWhoBoughtMoreIBMThanSold group=primary phase=cold rep=6
[2026-05-03 07:21:13] [INFO] [benchmark-progress] candidate=q7_persons_who_bought_more_ibmthan_sold__g2__embed_containment_children row=7/20 query=Q7_PersonsWhoBoughtMoreIBMThanSold group=primary phase=cold rep=7
[2026-05-03 07:21:13] [INFO] [benchmark-progress] candidate=q7_persons_who_bought_more_ibmthan_sold__g2__embed_containment_children row=8/20 query=Q7_PersonsWhoBoughtMoreIBMThanSold group=primary phase=cold rep=8
[2026-05-03 07:21:13] [INFO] [benchmark-progress] candidate=q7_persons_who_bought_more_ibmthan_sold__g2__embed_containment_children row=9/20 query=Q7_PersonsWhoBoughtMoreIBMThanSold group=primary phase=cold rep=9
[2026-05-03 07:21:13] [INFO] [benchmark-progress] candidate=q7_persons_who_bought_more_ibmthan_sold__g2__embed_containment_children row=10/20 query=Q7_PersonsWhoBoughtMoreIBMThanSold group=primary phase=cold rep=10
[2026-05-03 07:21:13] [INFO] [benchmark-progress] candidate=q7_persons_who_bought_more_ibmthan_sold__g2__embed_containment_children row=11/20 query=Q7_PersonsWhoBoughtMoreIBMThanSold group=primary phase=hot rep=1
[2026-05-03 07:21:13] [INFO] [benchmark-progress] candidate=q7_persons_who_bought_more_ibmthan_sold__g2__embed_containment_children row=12/20 query=Q7_PersonsWhoBoughtMoreIBMThanSold group=primary phase=hot rep=2
[2026-05-03 07:21:13] [INFO] [benchmark-progress] candidate=q7_persons_who_bought_more_ibmthan_sold__g2__embed_containment_children row=13/20 query=Q7_PersonsWhoBoughtMoreIBMThanSold group=primary phase=hot rep=3
[2026-05-03 07:21:13] [INFO] [benchmark-progress] candidate=q7_persons_who_bought_more_ibmthan_sold__g2__embed_containment_children row=14/20 query=Q7_PersonsWhoBoughtMoreIBMThanSold group=primary phase=hot rep=4
[2026-05-03 07:21:13] [INFO] [benchmark-progress] candidate=q7_persons_who_bought_more_ibmthan_sold__g2__embed_containment_children row=15/20 query=Q7_PersonsWhoBoughtMoreIBMThanSold group=primary phase=hot rep=5
[2026-05-03 07:21:13] [INFO] [benchmark-progress] candidate=q7_persons_who_bought_more_ibmthan_sold__g2__embed_containment_children row=16/20 query=Q7_PersonsWhoBoughtMoreIBMThanSold group=primary phase=hot rep=6
[2026-05-03 07:21:13] [INFO] [benchmark-progress] candidate=q7_persons_who_bought_more_ibmthan_sold__g2__embed_containment_children row=17/20 query=Q7_PersonsWhoBoughtMoreIBMThanSold group=primary phase=hot rep=7
[2026-05-03 07:21:13] [INFO] [benchmark-progress] candidate=q7_persons_who_bought_more_ibmthan_sold__g2__embed_containment_children row=18/20 query=Q7_PersonsWhoBoughtMoreIBMThanSold group=primary phase=hot rep=8
[2026-05-03 07:21:13] [INFO] [benchmark-progress] candidate=q7_persons_who_bought_more_ibmthan_sold__g2__embed_containment_children row=19/20 query=Q7_PersonsWhoBoughtMoreIBMThanSold group=primary phase=hot rep=9
[2026-05-03 07:21:13] [INFO] [benchmark-progress] candidate=q7_persons_who_bought_more_ibmthan_sold__g2__embed_containment_children row=20/20 query=Q7_PersonsWhoBoughtMoreIBMThanSold group=primary phase=hot rep=10
[2026-05-03 07:21:13] [INFO] === BENCHMARK COMPLETED candidate=q7_persons_who_bought_more_ibmthan_sold__g2__embed_containment_children rows=20 ===
[2026-05-03 07:21:13] [INFO] === BENCHMARK START candidate=q7_persons_who_bought_more_ibmthan_sold__g3__association_references rows=20 ===
[2026-05-03 07:21:13] [INFO] [benchmark-progress] candidate=q7_persons_who_bought_more_ibmthan_sold__g3__association_references row=1/20 query=Q7_PersonsWhoBoughtMoreIBMThanSold group=primary phase=cold rep=1
[2026-05-03 07:21:13] [INFO] [benchmark-progress] candidate=q7_persons_who_bought_more_ibmthan_sold__g3__association_references row=2/20 query=Q7_PersonsWhoBoughtMoreIBMThanSold group=primary phase=cold rep=2
[2026-05-03 07:21:13] [INFO] [benchmark-progress] candidate=q7_persons_who_bought_more_ibmthan_sold__g3__association_references row=3/20 query=Q7_PersonsWhoBoughtMoreIBMThanSold group=primary phase=cold rep=3
[2026-05-03 07:21:13] [INFO] [benchmark-progress] candidate=q7_persons_who_bought_more_ibmthan_sold__g3__association_references row=4/20 query=Q7_PersonsWhoBoughtMoreIBMThanSold group=primary phase=cold rep=4
[2026-05-03 07:21:13] [INFO] [benchmark-progress] candidate=q7_persons_who_bought_more_ibmthan_sold__g3__association_references row=5/20 query=Q7_PersonsWhoBoughtMoreIBMThanSold group=primary phase=cold rep=5
[2026-05-03 07:21:13] [INFO] [benchmark-progress] candidate=q7_persons_who_bought_more_ibmthan_sold__g3__association_references row=6/20 query=Q7_PersonsWhoBoughtMoreIBMThanSold group=primary phase=cold rep=6
[2026-05-03 07:21:13] [INFO] [benchmark-progress] candidate=q7_persons_who_bought_more_ibmthan_sold__g3__association_references row=7/20 query=Q7_PersonsWhoBoughtMoreIBMThanSold group=primary phase=cold rep=7
[2026-05-03 07:21:13] [INFO] [benchmark-progress] candidate=q7_persons_who_bought_more_ibmthan_sold__g3__association_references row=8/20 query=Q7_PersonsWhoBoughtMoreIBMThanSold group=primary phase=cold rep=8
[2026-05-03 07:21:13] [INFO] [benchmark-progress] candidate=q7_persons_who_bought_more_ibmthan_sold__g3__association_references row=9/20 query=Q7_PersonsWhoBoughtMoreIBMThanSold group=primary phase=cold rep=9
[2026-05-03 07:21:13] [INFO] [benchmark-progress] candidate=q7_persons_who_bought_more_ibmthan_sold__g3__association_references row=10/20 query=Q7_PersonsWhoBoughtMoreIBMThanSold group=primary phase=cold rep=10
[2026-05-03 07:21:13] [INFO] [benchmark-progress] candidate=q7_persons_who_bought_more_ibmthan_sold__g3__association_references row=11/20 query=Q7_PersonsWhoBoughtMoreIBMThanSold group=primary phase=hot rep=1
[2026-05-03 07:21:13] [INFO] [benchmark-progress] candidate=q7_persons_who_bought_more_ibmthan_sold__g3__association_references row=12/20 query=Q7_PersonsWhoBoughtMoreIBMThanSold group=primary phase=hot rep=2
[2026-05-03 07:21:13] [INFO] [benchmark-progress] candidate=q7_persons_who_bought_more_ibmthan_sold__g3__association_references row=13/20 query=Q7_PersonsWhoBoughtMoreIBMThanSold group=primary phase=hot rep=3
[2026-05-03 07:21:13] [INFO] [benchmark-progress] candidate=q7_persons_who_bought_more_ibmthan_sold__g3__association_references row=14/20 query=Q7_PersonsWhoBoughtMoreIBMThanSold group=primary phase=hot rep=4
[2026-05-03 07:21:13] [INFO] [benchmark-progress] candidate=q7_persons_who_bought_more_ibmthan_sold__g3__association_references row=15/20 query=Q7_PersonsWhoBoughtMoreIBMThanSold group=primary phase=hot rep=5
[2026-05-03 07:21:13] [INFO] [benchmark-progress] candidate=q7_persons_who_bought_more_ibmthan_sold__g3__association_references row=16/20 query=Q7_PersonsWhoBoughtMoreIBMThanSold group=primary phase=hot rep=6
[2026-05-03 07:21:13] [INFO] [benchmark-progress] candidate=q7_persons_who_bought_more_ibmthan_sold__g3__association_references row=17/20 query=Q7_PersonsWhoBoughtMoreIBMThanSold group=primary phase=hot rep=7
[2026-05-03 07:21:13] [INFO] [benchmark-progress] candidate=q7_persons_who_bought_more_ibmthan_sold__g3__association_references row=18/20 query=Q7_PersonsWhoBoughtMoreIBMThanSold group=primary phase=hot rep=8
[2026-05-03 07:21:13] [INFO] [benchmark-progress] candidate=q7_persons_who_bought_more_ibmthan_sold__g3__association_references row=19/20 query=Q7_PersonsWhoBoughtMoreIBMThanSold group=primary phase=hot rep=9
[2026-05-03 07:21:13] [INFO] [benchmark-progress] candidate=q7_persons_who_bought_more_ibmthan_sold__g3__association_references row=20/20 query=Q7_PersonsWhoBoughtMoreIBMThanSold group=primary phase=hot rep=10
[2026-05-03 07:21:13] [INFO] === BENCHMARK COMPLETED candidate=q7_persons_who_bought_more_ibmthan_sold__g3__association_references rows=20 ===
[2026-05-03 07:21:13] [INFO] === BENCHMARK START candidate=q7_persons_who_bought_more_ibmthan_sold__g4__deep_nested_path rows=20 ===
[2026-05-03 07:21:13] [INFO] [benchmark-progress] candidate=q7_persons_who_bought_more_ibmthan_sold__g4__deep_nested_path row=1/20 query=Q7_PersonsWhoBoughtMoreIBMThanSold group=primary phase=cold rep=1
[2026-05-03 07:21:13] [INFO] [benchmark-progress] candidate=q7_persons_who_bought_more_ibmthan_sold__g4__deep_nested_path row=2/20 query=Q7_PersonsWhoBoughtMoreIBMThanSold group=primary phase=cold rep=2
[2026-05-03 07:21:13] [INFO] [benchmark-progress] candidate=q7_persons_who_bought_more_ibmthan_sold__g4__deep_nested_path row=3/20 query=Q7_PersonsWhoBoughtMoreIBMThanSold group=primary phase=cold rep=3
[2026-05-03 07:21:13] [INFO] [benchmark-progress] candidate=q7_persons_who_bought_more_ibmthan_sold__g4__deep_nested_path row=4/20 query=Q7_PersonsWhoBoughtMoreIBMThanSold group=primary phase=cold rep=4
[2026-05-03 07:21:13] [INFO] [benchmark-progress] candidate=q7_persons_who_bought_more_ibmthan_sold__g4__deep_nested_path row=5/20 query=Q7_PersonsWhoBoughtMoreIBMThanSold group=primary phase=cold rep=5
[2026-05-03 07:21:13] [INFO] [benchmark-progress] candidate=q7_persons_who_bought_more_ibmthan_sold__g4__deep_nested_path row=6/20 query=Q7_PersonsWhoBoughtMoreIBMThanSold group=primary phase=cold rep=6
[2026-05-03 07:21:13] [INFO] [benchmark-progress] candidate=q7_persons_who_bought_more_ibmthan_sold__g4__deep_nested_path row=7/20 query=Q7_PersonsWhoBoughtMoreIBMThanSold group=primary phase=cold rep=7
[2026-05-03 07:21:13] [INFO] [benchmark-progress] candidate=q7_persons_who_bought_more_ibmthan_sold__g4__deep_nested_path row=8/20 query=Q7_PersonsWhoBoughtMoreIBMThanSold group=primary phase=cold rep=8
[2026-05-03 07:21:13] [INFO] [benchmark-progress] candidate=q7_persons_who_bought_more_ibmthan_sold__g4__deep_nested_path row=9/20 query=Q7_PersonsWhoBoughtMoreIBMThanSold group=primary phase=cold rep=9
[2026-05-03 07:21:13] [INFO] [benchmark-progress] candidate=q7_persons_who_bought_more_ibmthan_sold__g4__deep_nested_path row=10/20 query=Q7_PersonsWhoBoughtMoreIBMThanSold group=primary phase=cold rep=10
[2026-05-03 07:21:13] [INFO] [benchmark-progress] candidate=q7_persons_who_bought_more_ibmthan_sold__g4__deep_nested_path row=11/20 query=Q7_PersonsWhoBoughtMoreIBMThanSold group=primary phase=hot rep=1
[2026-05-03 07:21:13] [INFO] [benchmark-progress] candidate=q7_persons_who_bought_more_ibmthan_sold__g4__deep_nested_path row=12/20 query=Q7_PersonsWhoBoughtMoreIBMThanSold group=primary phase=hot rep=2
[2026-05-03 07:21:13] [INFO] [benchmark-progress] candidate=q7_persons_who_bought_more_ibmthan_sold__g4__deep_nested_path row=13/20 query=Q7_PersonsWhoBoughtMoreIBMThanSold group=primary phase=hot rep=3
[2026-05-03 07:21:13] [INFO] [benchmark-progress] candidate=q7_persons_who_bought_more_ibmthan_sold__g4__deep_nested_path row=14/20 query=Q7_PersonsWhoBoughtMoreIBMThanSold group=primary phase=hot rep=4
[2026-05-03 07:21:13] [INFO] [benchmark-progress] candidate=q7_persons_who_bought_more_ibmthan_sold__g4__deep_nested_path row=15/20 query=Q7_PersonsWhoBoughtMoreIBMThanSold group=primary phase=hot rep=5
[2026-05-03 07:21:13] [INFO] [benchmark-progress] candidate=q7_persons_who_bought_more_ibmthan_sold__g4__deep_nested_path row=16/20 query=Q7_PersonsWhoBoughtMoreIBMThanSold group=primary phase=hot rep=6
[2026-05-03 07:21:13] [INFO] [benchmark-progress] candidate=q7_persons_who_bought_more_ibmthan_sold__g4__deep_nested_path row=17/20 query=Q7_PersonsWhoBoughtMoreIBMThanSold group=primary phase=hot rep=7
[2026-05-03 07:21:13] [INFO] [benchmark-progress] candidate=q7_persons_who_bought_more_ibmthan_sold__g4__deep_nested_path row=18/20 query=Q7_PersonsWhoBoughtMoreIBMThanSold group=primary phase=hot rep=8
[2026-05-03 07:21:13] [INFO] [benchmark-progress] candidate=q7_persons_who_bought_more_ibmthan_sold__g4__deep_nested_path row=19/20 query=Q7_PersonsWhoBoughtMoreIBMThanSold group=primary phase=hot rep=9
[2026-05-03 07:21:13] [INFO] [benchmark-progress] candidate=q7_persons_who_bought_more_ibmthan_sold__g4__deep_nested_path row=20/20 query=Q7_PersonsWhoBoughtMoreIBMThanSold group=primary phase=hot rep=10
[2026-05-03 07:21:13] [INFO] === BENCHMARK COMPLETED candidate=q7_persons_who_bought_more_ibmthan_sold__g4__deep_nested_path rows=20 ===
[2026-05-03 07:21:13] [INFO] === BENCHMARK START candidate=q7_persons_who_bought_more_ibmthan_sold__g5__shared_targets_as_references rows=20 ===
[2026-05-03 07:21:13] [INFO] [benchmark-progress] candidate=q7_persons_who_bought_more_ibmthan_sold__g5__shared_targets_as_references row=1/20 query=Q7_PersonsWhoBoughtMoreIBMThanSold group=primary phase=cold rep=1
[2026-05-03 07:21:13] [INFO] [benchmark-progress] candidate=q7_persons_who_bought_more_ibmthan_sold__g5__shared_targets_as_references row=2/20 query=Q7_PersonsWhoBoughtMoreIBMThanSold group=primary phase=cold rep=2
[2026-05-03 07:21:13] [INFO] [benchmark-progress] candidate=q7_persons_who_bought_more_ibmthan_sold__g5__shared_targets_as_references row=3/20 query=Q7_PersonsWhoBoughtMoreIBMThanSold group=primary phase=cold rep=3
[2026-05-03 07:21:13] [INFO] [benchmark-progress] candidate=q7_persons_who_bought_more_ibmthan_sold__g5__shared_targets_as_references row=4/20 query=Q7_PersonsWhoBoughtMoreIBMThanSold group=primary phase=cold rep=4
[2026-05-03 07:21:13] [INFO] [benchmark-progress] candidate=q7_persons_who_bought_more_ibmthan_sold__g5__shared_targets_as_references row=5/20 query=Q7_PersonsWhoBoughtMoreIBMThanSold group=primary phase=cold rep=5
[2026-05-03 07:21:13] [INFO] [benchmark-progress] candidate=q7_persons_who_bought_more_ibmthan_sold__g5__shared_targets_as_references row=6/20 query=Q7_PersonsWhoBoughtMoreIBMThanSold group=primary phase=cold rep=6
[2026-05-03 07:21:13] [INFO] [benchmark-progress] candidate=q7_persons_who_bought_more_ibmthan_sold__g5__shared_targets_as_references row=7/20 query=Q7_PersonsWhoBoughtMoreIBMThanSold group=primary phase=cold rep=7
[2026-05-03 07:21:13] [INFO] [benchmark-progress] candidate=q7_persons_who_bought_more_ibmthan_sold__g5__shared_targets_as_references row=8/20 query=Q7_PersonsWhoBoughtMoreIBMThanSold group=primary phase=cold rep=8
[2026-05-03 07:21:13] [INFO] [benchmark-progress] candidate=q7_persons_who_bought_more_ibmthan_sold__g5__shared_targets_as_references row=9/20 query=Q7_PersonsWhoBoughtMoreIBMThanSold group=primary phase=cold rep=9
[2026-05-03 07:21:13] [INFO] [benchmark-progress] candidate=q7_persons_who_bought_more_ibmthan_sold__g5__shared_targets_as_references row=10/20 query=Q7_PersonsWhoBoughtMoreIBMThanSold group=primary phase=cold rep=10
[2026-05-03 07:21:13] [INFO] [benchmark-progress] candidate=q7_persons_who_bought_more_ibmthan_sold__g5__shared_targets_as_references row=11/20 query=Q7_PersonsWhoBoughtMoreIBMThanSold group=primary phase=hot rep=1
[2026-05-03 07:21:13] [INFO] [benchmark-progress] candidate=q7_persons_who_bought_more_ibmthan_sold__g5__shared_targets_as_references row=12/20 query=Q7_PersonsWhoBoughtMoreIBMThanSold group=primary phase=hot rep=2
[2026-05-03 07:21:13] [INFO] [benchmark-progress] candidate=q7_persons_who_bought_more_ibmthan_sold__g5__shared_targets_as_references row=13/20 query=Q7_PersonsWhoBoughtMoreIBMThanSold group=primary phase=hot rep=3
[2026-05-03 07:21:13] [INFO] [benchmark-progress] candidate=q7_persons_who_bought_more_ibmthan_sold__g5__shared_targets_as_references row=14/20 query=Q7_PersonsWhoBoughtMoreIBMThanSold group=primary phase=hot rep=4
[2026-05-03 07:21:13] [INFO] [benchmark-progress] candidate=q7_persons_who_bought_more_ibmthan_sold__g5__shared_targets_as_references row=15/20 query=Q7_PersonsWhoBoughtMoreIBMThanSold group=primary phase=hot rep=5
[2026-05-03 07:21:13] [INFO] [benchmark-progress] candidate=q7_persons_who_bought_more_ibmthan_sold__g5__shared_targets_as_references row=16/20 query=Q7_PersonsWhoBoughtMoreIBMThanSold group=primary phase=hot rep=6
[2026-05-03 07:21:13] [INFO] [benchmark-progress] candidate=q7_persons_who_bought_more_ibmthan_sold__g5__shared_targets_as_references row=17/20 query=Q7_PersonsWhoBoughtMoreIBMThanSold group=primary phase=hot rep=7
[2026-05-03 07:21:13] [INFO] [benchmark-progress] candidate=q7_persons_who_bought_more_ibmthan_sold__g5__shared_targets_as_references row=18/20 query=Q7_PersonsWhoBoughtMoreIBMThanSold group=primary phase=hot rep=8
[2026-05-03 07:21:13] [INFO] [benchmark-progress] candidate=q7_persons_who_bought_more_ibmthan_sold__g5__shared_targets_as_references row=19/20 query=Q7_PersonsWhoBoughtMoreIBMThanSold group=primary phase=hot rep=9
[2026-05-03 07:21:13] [INFO] [benchmark-progress] candidate=q7_persons_who_bought_more_ibmthan_sold__g5__shared_targets_as_references row=20/20 query=Q7_PersonsWhoBoughtMoreIBMThanSold group=primary phase=hot rep=10
[2026-05-03 07:21:13] [INFO] === BENCHMARK COMPLETED candidate=q7_persons_who_bought_more_ibmthan_sold__g5__shared_targets_as_references rows=20 ===
[2026-05-03 07:21:13] [INFO] === BENCHMARK START candidate=q7_persons_who_bought_more_ibmthan_sold__g6__materialized_query_view rows=20 ===
[2026-05-03 07:21:13] [INFO] [benchmark-progress] candidate=q7_persons_who_bought_more_ibmthan_sold__g6__materialized_query_view row=1/20 query=Q7_PersonsWhoBoughtMoreIBMThanSold group=primary phase=cold rep=1
[2026-05-03 07:21:13] [INFO] [benchmark-progress] candidate=q7_persons_who_bought_more_ibmthan_sold__g6__materialized_query_view row=2/20 query=Q7_PersonsWhoBoughtMoreIBMThanSold group=primary phase=cold rep=2
[2026-05-03 07:21:13] [INFO] [benchmark-progress] candidate=q7_persons_who_bought_more_ibmthan_sold__g6__materialized_query_view row=3/20 query=Q7_PersonsWhoBoughtMoreIBMThanSold group=primary phase=cold rep=3
[2026-05-03 07:21:13] [INFO] [benchmark-progress] candidate=q7_persons_who_bought_more_ibmthan_sold__g6__materialized_query_view row=4/20 query=Q7_PersonsWhoBoughtMoreIBMThanSold group=primary phase=cold rep=4
[2026-05-03 07:21:13] [INFO] [benchmark-progress] candidate=q7_persons_who_bought_more_ibmthan_sold__g6__materialized_query_view row=5/20 query=Q7_PersonsWhoBoughtMoreIBMThanSold group=primary phase=cold rep=5
[2026-05-03 07:21:13] [INFO] [benchmark-progress] candidate=q7_persons_who_bought_more_ibmthan_sold__g6__materialized_query_view row=6/20 query=Q7_PersonsWhoBoughtMoreIBMThanSold group=primary phase=cold rep=6
[2026-05-03 07:21:13] [INFO] [benchmark-progress] candidate=q7_persons_who_bought_more_ibmthan_sold__g6__materialized_query_view row=7/20 query=Q7_PersonsWhoBoughtMoreIBMThanSold group=primary phase=cold rep=7
[2026-05-03 07:21:13] [INFO] [benchmark-progress] candidate=q7_persons_who_bought_more_ibmthan_sold__g6__materialized_query_view row=8/20 query=Q7_PersonsWhoBoughtMoreIBMThanSold group=primary phase=cold rep=8
[2026-05-03 07:21:13] [INFO] [benchmark-progress] candidate=q7_persons_who_bought_more_ibmthan_sold__g6__materialized_query_view row=9/20 query=Q7_PersonsWhoBoughtMoreIBMThanSold group=primary phase=cold rep=9
[2026-05-03 07:21:13] [INFO] [benchmark-progress] candidate=q7_persons_who_bought_more_ibmthan_sold__g6__materialized_query_view row=10/20 query=Q7_PersonsWhoBoughtMoreIBMThanSold group=primary phase=cold rep=10
[2026-05-03 07:21:13] [INFO] [benchmark-progress] candidate=q7_persons_who_bought_more_ibmthan_sold__g6__materialized_query_view row=11/20 query=Q7_PersonsWhoBoughtMoreIBMThanSold group=primary phase=hot rep=1
[2026-05-03 07:21:13] [INFO] [benchmark-progress] candidate=q7_persons_who_bought_more_ibmthan_sold__g6__materialized_query_view row=12/20 query=Q7_PersonsWhoBoughtMoreIBMThanSold group=primary phase=hot rep=2
[2026-05-03 07:21:13] [INFO] [benchmark-progress] candidate=q7_persons_who_bought_more_ibmthan_sold__g6__materialized_query_view row=13/20 query=Q7_PersonsWhoBoughtMoreIBMThanSold group=primary phase=hot rep=3
[2026-05-03 07:21:13] [INFO] [benchmark-progress] candidate=q7_persons_who_bought_more_ibmthan_sold__g6__materialized_query_view row=14/20 query=Q7_PersonsWhoBoughtMoreIBMThanSold group=primary phase=hot rep=4
[2026-05-03 07:21:13] [INFO] [benchmark-progress] candidate=q7_persons_who_bought_more_ibmthan_sold__g6__materialized_query_view row=15/20 query=Q7_PersonsWhoBoughtMoreIBMThanSold group=primary phase=hot rep=5
[2026-05-03 07:21:13] [INFO] [benchmark-progress] candidate=q7_persons_who_bought_more_ibmthan_sold__g6__materialized_query_view row=16/20 query=Q7_PersonsWhoBoughtMoreIBMThanSold group=primary phase=hot rep=6
[2026-05-03 07:21:13] [INFO] [benchmark-progress] candidate=q7_persons_who_bought_more_ibmthan_sold__g6__materialized_query_view row=17/20 query=Q7_PersonsWhoBoughtMoreIBMThanSold group=primary phase=hot rep=7
[2026-05-03 07:21:13] [INFO] [benchmark-progress] candidate=q7_persons_who_bought_more_ibmthan_sold__g6__materialized_query_view row=18/20 query=Q7_PersonsWhoBoughtMoreIBMThanSold group=primary phase=hot rep=8
[2026-05-03 07:21:13] [INFO] [benchmark-progress] candidate=q7_persons_who_bought_more_ibmthan_sold__g6__materialized_query_view row=19/20 query=Q7_PersonsWhoBoughtMoreIBMThanSold group=primary phase=hot rep=9
[2026-05-03 07:21:13] [INFO] [benchmark-progress] candidate=q7_persons_who_bought_more_ibmthan_sold__g6__materialized_query_view row=20/20 query=Q7_PersonsWhoBoughtMoreIBMThanSold group=primary phase=hot rep=10
[2026-05-03 07:21:13] [INFO] === BENCHMARK COMPLETED candidate=q7_persons_who_bought_more_ibmthan_sold__g6__materialized_query_view rows=20 ===
[2026-05-03 07:21:13] [INFO] === BENCHMARK START candidate=q7_persons_who_bought_more_ibmthan_sold__g7__update_aware_references rows=20 ===
[2026-05-03 07:21:13] [INFO] [benchmark-progress] candidate=q7_persons_who_bought_more_ibmthan_sold__g7__update_aware_references row=1/20 query=Q7_PersonsWhoBoughtMoreIBMThanSold group=secondary_affected phase=cold rep=1
[2026-05-03 07:21:13] [INFO] [benchmark-progress] candidate=q7_persons_who_bought_more_ibmthan_sold__g7__update_aware_references row=2/20 query=Q7_PersonsWhoBoughtMoreIBMThanSold group=secondary_affected phase=cold rep=2
[2026-05-03 07:21:13] [INFO] [benchmark-progress] candidate=q7_persons_who_bought_more_ibmthan_sold__g7__update_aware_references row=3/20 query=Q7_PersonsWhoBoughtMoreIBMThanSold group=secondary_affected phase=cold rep=3
[2026-05-03 07:21:13] [INFO] [benchmark-progress] candidate=q7_persons_who_bought_more_ibmthan_sold__g7__update_aware_references row=4/20 query=Q7_PersonsWhoBoughtMoreIBMThanSold group=secondary_affected phase=cold rep=4
[2026-05-03 07:21:13] [INFO] [benchmark-progress] candidate=q7_persons_who_bought_more_ibmthan_sold__g7__update_aware_references row=5/20 query=Q7_PersonsWhoBoughtMoreIBMThanSold group=secondary_affected phase=cold rep=5
[2026-05-03 07:21:13] [INFO] [benchmark-progress] candidate=q7_persons_who_bought_more_ibmthan_sold__g7__update_aware_references row=6/20 query=Q7_PersonsWhoBoughtMoreIBMThanSold group=secondary_affected phase=cold rep=6
[2026-05-03 07:21:13] [INFO] [benchmark-progress] candidate=q7_persons_who_bought_more_ibmthan_sold__g7__update_aware_references row=7/20 query=Q7_PersonsWhoBoughtMoreIBMThanSold group=secondary_affected phase=cold rep=7
[2026-05-03 07:21:13] [INFO] [benchmark-progress] candidate=q7_persons_who_bought_more_ibmthan_sold__g7__update_aware_references row=8/20 query=Q7_PersonsWhoBoughtMoreIBMThanSold group=secondary_affected phase=cold rep=8
[2026-05-03 07:21:13] [INFO] [benchmark-progress] candidate=q7_persons_who_bought_more_ibmthan_sold__g7__update_aware_references row=9/20 query=Q7_PersonsWhoBoughtMoreIBMThanSold group=secondary_affected phase=cold rep=9
[2026-05-03 07:21:13] [INFO] [benchmark-progress] candidate=q7_persons_who_bought_more_ibmthan_sold__g7__update_aware_references row=10/20 query=Q7_PersonsWhoBoughtMoreIBMThanSold group=secondary_affected phase=cold rep=10
[2026-05-03 07:21:13] [INFO] [benchmark-progress] candidate=q7_persons_who_bought_more_ibmthan_sold__g7__update_aware_references row=11/20 query=Q7_PersonsWhoBoughtMoreIBMThanSold group=secondary_affected phase=hot rep=1
[2026-05-03 07:21:13] [INFO] [benchmark-progress] candidate=q7_persons_who_bought_more_ibmthan_sold__g7__update_aware_references row=12/20 query=Q7_PersonsWhoBoughtMoreIBMThanSold group=secondary_affected phase=hot rep=2
[2026-05-03 07:21:13] [INFO] [benchmark-progress] candidate=q7_persons_who_bought_more_ibmthan_sold__g7__update_aware_references row=13/20 query=Q7_PersonsWhoBoughtMoreIBMThanSold group=secondary_affected phase=hot rep=3
[2026-05-03 07:21:13] [INFO] [benchmark-progress] candidate=q7_persons_who_bought_more_ibmthan_sold__g7__update_aware_references row=14/20 query=Q7_PersonsWhoBoughtMoreIBMThanSold group=secondary_affected phase=hot rep=4
[2026-05-03 07:21:13] [INFO] [benchmark-progress] candidate=q7_persons_who_bought_more_ibmthan_sold__g7__update_aware_references row=15/20 query=Q7_PersonsWhoBoughtMoreIBMThanSold group=secondary_affected phase=hot rep=5
[2026-05-03 07:21:13] [INFO] [benchmark-progress] candidate=q7_persons_who_bought_more_ibmthan_sold__g7__update_aware_references row=16/20 query=Q7_PersonsWhoBoughtMoreIBMThanSold group=secondary_affected phase=hot rep=6
[2026-05-03 07:21:13] [INFO] [benchmark-progress] candidate=q7_persons_who_bought_more_ibmthan_sold__g7__update_aware_references row=17/20 query=Q7_PersonsWhoBoughtMoreIBMThanSold group=secondary_affected phase=hot rep=7
[2026-05-03 07:21:13] [INFO] [benchmark-progress] candidate=q7_persons_who_bought_more_ibmthan_sold__g7__update_aware_references row=18/20 query=Q7_PersonsWhoBoughtMoreIBMThanSold group=secondary_affected phase=hot rep=8
[2026-05-03 07:21:13] [INFO] [benchmark-progress] candidate=q7_persons_who_bought_more_ibmthan_sold__g7__update_aware_references row=19/20 query=Q7_PersonsWhoBoughtMoreIBMThanSold group=secondary_affected phase=hot rep=9
[2026-05-03 07:21:13] [INFO] [benchmark-progress] candidate=q7_persons_who_bought_more_ibmthan_sold__g7__update_aware_references row=20/20 query=Q7_PersonsWhoBoughtMoreIBMThanSold group=secondary_affected phase=hot rep=10
[2026-05-03 07:21:13] [INFO] === BENCHMARK COMPLETED candidate=q7_persons_who_bought_more_ibmthan_sold__g7__update_aware_references rows=20 ===
[2026-05-03 07:21:13] [INFO] === BENCHMARK START candidate=q7_persons_who_bought_more_ibmthan_sold__g9__tradeoff_benchmark_candidate rows=20 ===
[2026-05-03 07:21:13] [INFO] [benchmark-progress] candidate=q7_persons_who_bought_more_ibmthan_sold__g9__tradeoff_benchmark_candidate row=1/20 query=Q7_PersonsWhoBoughtMoreIBMThanSold group=secondary_affected phase=cold rep=1
[2026-05-03 07:21:13] [INFO] [benchmark-progress] candidate=q7_persons_who_bought_more_ibmthan_sold__g9__tradeoff_benchmark_candidate row=2/20 query=Q7_PersonsWhoBoughtMoreIBMThanSold group=secondary_affected phase=cold rep=2
[2026-05-03 07:21:13] [INFO] [benchmark-progress] candidate=q7_persons_who_bought_more_ibmthan_sold__g9__tradeoff_benchmark_candidate row=3/20 query=Q7_PersonsWhoBoughtMoreIBMThanSold group=secondary_affected phase=cold rep=3
[2026-05-03 07:21:13] [INFO] [benchmark-progress] candidate=q7_persons_who_bought_more_ibmthan_sold__g9__tradeoff_benchmark_candidate row=4/20 query=Q7_PersonsWhoBoughtMoreIBMThanSold group=secondary_affected phase=cold rep=4
[2026-05-03 07:21:13] [INFO] [benchmark-progress] candidate=q7_persons_who_bought_more_ibmthan_sold__g9__tradeoff_benchmark_candidate row=5/20 query=Q7_PersonsWhoBoughtMoreIBMThanSold group=secondary_affected phase=cold rep=5
[2026-05-03 07:21:13] [INFO] [benchmark-progress] candidate=q7_persons_who_bought_more_ibmthan_sold__g9__tradeoff_benchmark_candidate row=6/20 query=Q7_PersonsWhoBoughtMoreIBMThanSold group=secondary_affected phase=cold rep=6
[2026-05-03 07:21:13] [INFO] [benchmark-progress] candidate=q7_persons_who_bought_more_ibmthan_sold__g9__tradeoff_benchmark_candidate row=7/20 query=Q7_PersonsWhoBoughtMoreIBMThanSold group=secondary_affected phase=cold rep=7
[2026-05-03 07:21:13] [INFO] [benchmark-progress] candidate=q7_persons_who_bought_more_ibmthan_sold__g9__tradeoff_benchmark_candidate row=8/20 query=Q7_PersonsWhoBoughtMoreIBMThanSold group=secondary_affected phase=cold rep=8
[2026-05-03 07:21:13] [INFO] [benchmark-progress] candidate=q7_persons_who_bought_more_ibmthan_sold__g9__tradeoff_benchmark_candidate row=9/20 query=Q7_PersonsWhoBoughtMoreIBMThanSold group=secondary_affected phase=cold rep=9
[2026-05-03 07:21:13] [INFO] [benchmark-progress] candidate=q7_persons_who_bought_more_ibmthan_sold__g9__tradeoff_benchmark_candidate row=10/20 query=Q7_PersonsWhoBoughtMoreIBMThanSold group=secondary_affected phase=cold rep=10
[2026-05-03 07:21:13] [INFO] [benchmark-progress] candidate=q7_persons_who_bought_more_ibmthan_sold__g9__tradeoff_benchmark_candidate row=11/20 query=Q7_PersonsWhoBoughtMoreIBMThanSold group=secondary_affected phase=hot rep=1
[2026-05-03 07:21:13] [INFO] [benchmark-progress] candidate=q7_persons_who_bought_more_ibmthan_sold__g9__tradeoff_benchmark_candidate row=12/20 query=Q7_PersonsWhoBoughtMoreIBMThanSold group=secondary_affected phase=hot rep=2
[2026-05-03 07:21:13] [INFO] [benchmark-progress] candidate=q7_persons_who_bought_more_ibmthan_sold__g9__tradeoff_benchmark_candidate row=13/20 query=Q7_PersonsWhoBoughtMoreIBMThanSold group=secondary_affected phase=hot rep=3
[2026-05-03 07:21:13] [INFO] [benchmark-progress] candidate=q7_persons_who_bought_more_ibmthan_sold__g9__tradeoff_benchmark_candidate row=14/20 query=Q7_PersonsWhoBoughtMoreIBMThanSold group=secondary_affected phase=hot rep=4
[2026-05-03 07:21:13] [INFO] [benchmark-progress] candidate=q7_persons_who_bought_more_ibmthan_sold__g9__tradeoff_benchmark_candidate row=15/20 query=Q7_PersonsWhoBoughtMoreIBMThanSold group=secondary_affected phase=hot rep=5
[2026-05-03 07:21:13] [INFO] [benchmark-progress] candidate=q7_persons_who_bought_more_ibmthan_sold__g9__tradeoff_benchmark_candidate row=16/20 query=Q7_PersonsWhoBoughtMoreIBMThanSold group=secondary_affected phase=hot rep=6
[2026-05-03 07:21:13] [INFO] [benchmark-progress] candidate=q7_persons_who_bought_more_ibmthan_sold__g9__tradeoff_benchmark_candidate row=17/20 query=Q7_PersonsWhoBoughtMoreIBMThanSold group=secondary_affected phase=hot rep=7
[2026-05-03 07:21:13] [INFO] [benchmark-progress] candidate=q7_persons_who_bought_more_ibmthan_sold__g9__tradeoff_benchmark_candidate row=18/20 query=Q7_PersonsWhoBoughtMoreIBMThanSold group=secondary_affected phase=hot rep=8
[2026-05-03 07:21:13] [INFO] [benchmark-progress] candidate=q7_persons_who_bought_more_ibmthan_sold__g9__tradeoff_benchmark_candidate row=19/20 query=Q7_PersonsWhoBoughtMoreIBMThanSold group=secondary_affected phase=hot rep=9
[2026-05-03 07:21:13] [INFO] [benchmark-progress] candidate=q7_persons_who_bought_more_ibmthan_sold__g9__tradeoff_benchmark_candidate row=20/20 query=Q7_PersonsWhoBoughtMoreIBMThanSold group=secondary_affected phase=hot rep=10
[2026-05-03 07:21:13] [INFO] === BENCHMARK COMPLETED candidate=q7_persons_who_bought_more_ibmthan_sold__g9__tradeoff_benchmark_candidate rows=20 ===
[2026-05-03 07:21:13] [INFO] === BENCHMARK START candidate=q8_ibmtransactions_below_average_selling_price__control__normalized_reference_baseline rows=20 ===
[2026-05-03 07:21:13] [INFO] [benchmark-progress] candidate=q8_ibmtransactions_below_average_selling_price__control__normalized_reference_baseline row=1/20 query=Q8_IBMTransactionsBelowAverageSellingPrice group=control phase=cold rep=1
[2026-05-03 07:21:13] [INFO] [benchmark-progress] candidate=q8_ibmtransactions_below_average_selling_price__control__normalized_reference_baseline row=2/20 query=Q8_IBMTransactionsBelowAverageSellingPrice group=control phase=cold rep=2
[2026-05-03 07:21:13] [INFO] [benchmark-progress] candidate=q8_ibmtransactions_below_average_selling_price__control__normalized_reference_baseline row=3/20 query=Q8_IBMTransactionsBelowAverageSellingPrice group=control phase=cold rep=3
[2026-05-03 07:21:13] [INFO] [benchmark-progress] candidate=q8_ibmtransactions_below_average_selling_price__control__normalized_reference_baseline row=4/20 query=Q8_IBMTransactionsBelowAverageSellingPrice group=control phase=cold rep=4
[2026-05-03 07:21:13] [INFO] [benchmark-progress] candidate=q8_ibmtransactions_below_average_selling_price__control__normalized_reference_baseline row=5/20 query=Q8_IBMTransactionsBelowAverageSellingPrice group=control phase=cold rep=5
[2026-05-03 07:21:13] [INFO] [benchmark-progress] candidate=q8_ibmtransactions_below_average_selling_price__control__normalized_reference_baseline row=6/20 query=Q8_IBMTransactionsBelowAverageSellingPrice group=control phase=cold rep=6
[2026-05-03 07:21:13] [INFO] [benchmark-progress] candidate=q8_ibmtransactions_below_average_selling_price__control__normalized_reference_baseline row=7/20 query=Q8_IBMTransactionsBelowAverageSellingPrice group=control phase=cold rep=7
[2026-05-03 07:21:13] [INFO] [benchmark-progress] candidate=q8_ibmtransactions_below_average_selling_price__control__normalized_reference_baseline row=8/20 query=Q8_IBMTransactionsBelowAverageSellingPrice group=control phase=cold rep=8
[2026-05-03 07:21:13] [INFO] [benchmark-progress] candidate=q8_ibmtransactions_below_average_selling_price__control__normalized_reference_baseline row=9/20 query=Q8_IBMTransactionsBelowAverageSellingPrice group=control phase=cold rep=9
[2026-05-03 07:21:13] [INFO] [benchmark-progress] candidate=q8_ibmtransactions_below_average_selling_price__control__normalized_reference_baseline row=10/20 query=Q8_IBMTransactionsBelowAverageSellingPrice group=control phase=cold rep=10
[2026-05-03 07:21:13] [INFO] [benchmark-progress] candidate=q8_ibmtransactions_below_average_selling_price__control__normalized_reference_baseline row=11/20 query=Q8_IBMTransactionsBelowAverageSellingPrice group=control phase=hot rep=1
[2026-05-03 07:21:13] [INFO] [benchmark-progress] candidate=q8_ibmtransactions_below_average_selling_price__control__normalized_reference_baseline row=12/20 query=Q8_IBMTransactionsBelowAverageSellingPrice group=control phase=hot rep=2
[2026-05-03 07:21:13] [INFO] [benchmark-progress] candidate=q8_ibmtransactions_below_average_selling_price__control__normalized_reference_baseline row=13/20 query=Q8_IBMTransactionsBelowAverageSellingPrice group=control phase=hot rep=3
[2026-05-03 07:21:13] [INFO] [benchmark-progress] candidate=q8_ibmtransactions_below_average_selling_price__control__normalized_reference_baseline row=14/20 query=Q8_IBMTransactionsBelowAverageSellingPrice group=control phase=hot rep=4
[2026-05-03 07:21:13] [INFO] [benchmark-progress] candidate=q8_ibmtransactions_below_average_selling_price__control__normalized_reference_baseline row=15/20 query=Q8_IBMTransactionsBelowAverageSellingPrice group=control phase=hot rep=5
[2026-05-03 07:21:13] [INFO] [benchmark-progress] candidate=q8_ibmtransactions_below_average_selling_price__control__normalized_reference_baseline row=16/20 query=Q8_IBMTransactionsBelowAverageSellingPrice group=control phase=hot rep=6
[2026-05-03 07:21:13] [INFO] [benchmark-progress] candidate=q8_ibmtransactions_below_average_selling_price__control__normalized_reference_baseline row=17/20 query=Q8_IBMTransactionsBelowAverageSellingPrice group=control phase=hot rep=7
[2026-05-03 07:21:13] [INFO] [benchmark-progress] candidate=q8_ibmtransactions_below_average_selling_price__control__normalized_reference_baseline row=18/20 query=Q8_IBMTransactionsBelowAverageSellingPrice group=control phase=hot rep=8
[2026-05-03 07:21:13] [INFO] [benchmark-progress] candidate=q8_ibmtransactions_below_average_selling_price__control__normalized_reference_baseline row=19/20 query=Q8_IBMTransactionsBelowAverageSellingPrice group=control phase=hot rep=9
[2026-05-03 07:21:13] [INFO] [benchmark-progress] candidate=q8_ibmtransactions_below_average_selling_price__control__normalized_reference_baseline row=20/20 query=Q8_IBMTransactionsBelowAverageSellingPrice group=control phase=hot rep=10
[2026-05-03 07:21:13] [INFO] === BENCHMARK COMPLETED candidate=q8_ibmtransactions_below_average_selling_price__control__normalized_reference_baseline rows=20 ===
[2026-05-03 07:21:13] [INFO] === BENCHMARK START candidate=q8_ibmtransactions_below_average_selling_price__g3__association_references rows=20 ===
[2026-05-03 07:21:13] [INFO] [benchmark-progress] candidate=q8_ibmtransactions_below_average_selling_price__g3__association_references row=1/20 query=Q8_IBMTransactionsBelowAverageSellingPrice group=primary phase=cold rep=1
[2026-05-03 07:21:13] [INFO] [benchmark-progress] candidate=q8_ibmtransactions_below_average_selling_price__g3__association_references row=2/20 query=Q8_IBMTransactionsBelowAverageSellingPrice group=primary phase=cold rep=2
[2026-05-03 07:21:13] [INFO] [benchmark-progress] candidate=q8_ibmtransactions_below_average_selling_price__g3__association_references row=3/20 query=Q8_IBMTransactionsBelowAverageSellingPrice group=primary phase=cold rep=3
[2026-05-03 07:21:13] [INFO] [benchmark-progress] candidate=q8_ibmtransactions_below_average_selling_price__g3__association_references row=4/20 query=Q8_IBMTransactionsBelowAverageSellingPrice group=primary phase=cold rep=4
[2026-05-03 07:21:13] [INFO] [benchmark-progress] candidate=q8_ibmtransactions_below_average_selling_price__g3__association_references row=5/20 query=Q8_IBMTransactionsBelowAverageSellingPrice group=primary phase=cold rep=5
[2026-05-03 07:21:13] [INFO] [benchmark-progress] candidate=q8_ibmtransactions_below_average_selling_price__g3__association_references row=6/20 query=Q8_IBMTransactionsBelowAverageSellingPrice group=primary phase=cold rep=6
[2026-05-03 07:21:13] [INFO] [benchmark-progress] candidate=q8_ibmtransactions_below_average_selling_price__g3__association_references row=7/20 query=Q8_IBMTransactionsBelowAverageSellingPrice group=primary phase=cold rep=7
[2026-05-03 07:21:13] [INFO] [benchmark-progress] candidate=q8_ibmtransactions_below_average_selling_price__g3__association_references row=8/20 query=Q8_IBMTransactionsBelowAverageSellingPrice group=primary phase=cold rep=8
[2026-05-03 07:21:13] [INFO] [benchmark-progress] candidate=q8_ibmtransactions_below_average_selling_price__g3__association_references row=9/20 query=Q8_IBMTransactionsBelowAverageSellingPrice group=primary phase=cold rep=9
[2026-05-03 07:21:13] [INFO] [benchmark-progress] candidate=q8_ibmtransactions_below_average_selling_price__g3__association_references row=10/20 query=Q8_IBMTransactionsBelowAverageSellingPrice group=primary phase=cold rep=10
[2026-05-03 07:21:13] [INFO] [benchmark-progress] candidate=q8_ibmtransactions_below_average_selling_price__g3__association_references row=11/20 query=Q8_IBMTransactionsBelowAverageSellingPrice group=primary phase=hot rep=1
[2026-05-03 07:21:13] [INFO] [benchmark-progress] candidate=q8_ibmtransactions_below_average_selling_price__g3__association_references row=12/20 query=Q8_IBMTransactionsBelowAverageSellingPrice group=primary phase=hot rep=2
[2026-05-03 07:21:13] [INFO] [benchmark-progress] candidate=q8_ibmtransactions_below_average_selling_price__g3__association_references row=13/20 query=Q8_IBMTransactionsBelowAverageSellingPrice group=primary phase=hot rep=3
[2026-05-03 07:21:13] [INFO] [benchmark-progress] candidate=q8_ibmtransactions_below_average_selling_price__g3__association_references row=14/20 query=Q8_IBMTransactionsBelowAverageSellingPrice group=primary phase=hot rep=4
[2026-05-03 07:21:13] [INFO] [benchmark-progress] candidate=q8_ibmtransactions_below_average_selling_price__g3__association_references row=15/20 query=Q8_IBMTransactionsBelowAverageSellingPrice group=primary phase=hot rep=5
[2026-05-03 07:21:13] [INFO] [benchmark-progress] candidate=q8_ibmtransactions_below_average_selling_price__g3__association_references row=16/20 query=Q8_IBMTransactionsBelowAverageSellingPrice group=primary phase=hot rep=6
[2026-05-03 07:21:13] [INFO] [benchmark-progress] candidate=q8_ibmtransactions_below_average_selling_price__g3__association_references row=17/20 query=Q8_IBMTransactionsBelowAverageSellingPrice group=primary phase=hot rep=7
[2026-05-03 07:21:13] [INFO] [benchmark-progress] candidate=q8_ibmtransactions_below_average_selling_price__g3__association_references row=18/20 query=Q8_IBMTransactionsBelowAverageSellingPrice group=primary phase=hot rep=8
[2026-05-03 07:21:13] [INFO] [benchmark-progress] candidate=q8_ibmtransactions_below_average_selling_price__g3__association_references row=19/20 query=Q8_IBMTransactionsBelowAverageSellingPrice group=primary phase=hot rep=9
[2026-05-03 07:21:13] [INFO] [benchmark-progress] candidate=q8_ibmtransactions_below_average_selling_price__g3__association_references row=20/20 query=Q8_IBMTransactionsBelowAverageSellingPrice group=primary phase=hot rep=10
[2026-05-03 07:21:13] [INFO] === BENCHMARK COMPLETED candidate=q8_ibmtransactions_below_average_selling_price__g3__association_references rows=20 ===
[2026-05-03 07:21:13] [INFO] === BENCHMARK START candidate=q8_ibmtransactions_below_average_selling_price__g5__shared_targets_as_references rows=20 ===
[2026-05-03 07:21:13] [INFO] [benchmark-progress] candidate=q8_ibmtransactions_below_average_selling_price__g5__shared_targets_as_references row=1/20 query=Q8_IBMTransactionsBelowAverageSellingPrice group=primary phase=cold rep=1
[2026-05-03 07:21:13] [INFO] [benchmark-progress] candidate=q8_ibmtransactions_below_average_selling_price__g5__shared_targets_as_references row=2/20 query=Q8_IBMTransactionsBelowAverageSellingPrice group=primary phase=cold rep=2
[2026-05-03 07:21:13] [INFO] [benchmark-progress] candidate=q8_ibmtransactions_below_average_selling_price__g5__shared_targets_as_references row=3/20 query=Q8_IBMTransactionsBelowAverageSellingPrice group=primary phase=cold rep=3
[2026-05-03 07:21:13] [INFO] [benchmark-progress] candidate=q8_ibmtransactions_below_average_selling_price__g5__shared_targets_as_references row=4/20 query=Q8_IBMTransactionsBelowAverageSellingPrice group=primary phase=cold rep=4
[2026-05-03 07:21:13] [INFO] [benchmark-progress] candidate=q8_ibmtransactions_below_average_selling_price__g5__shared_targets_as_references row=5/20 query=Q8_IBMTransactionsBelowAverageSellingPrice group=primary phase=cold rep=5
[2026-05-03 07:21:13] [INFO] [benchmark-progress] candidate=q8_ibmtransactions_below_average_selling_price__g5__shared_targets_as_references row=6/20 query=Q8_IBMTransactionsBelowAverageSellingPrice group=primary phase=cold rep=6
[2026-05-03 07:21:13] [INFO] [benchmark-progress] candidate=q8_ibmtransactions_below_average_selling_price__g5__shared_targets_as_references row=7/20 query=Q8_IBMTransactionsBelowAverageSellingPrice group=primary phase=cold rep=7
[2026-05-03 07:21:13] [INFO] [benchmark-progress] candidate=q8_ibmtransactions_below_average_selling_price__g5__shared_targets_as_references row=8/20 query=Q8_IBMTransactionsBelowAverageSellingPrice group=primary phase=cold rep=8
[2026-05-03 07:21:13] [INFO] [benchmark-progress] candidate=q8_ibmtransactions_below_average_selling_price__g5__shared_targets_as_references row=9/20 query=Q8_IBMTransactionsBelowAverageSellingPrice group=primary phase=cold rep=9
[2026-05-03 07:21:13] [INFO] [benchmark-progress] candidate=q8_ibmtransactions_below_average_selling_price__g5__shared_targets_as_references row=10/20 query=Q8_IBMTransactionsBelowAverageSellingPrice group=primary phase=cold rep=10
[2026-05-03 07:21:13] [INFO] [benchmark-progress] candidate=q8_ibmtransactions_below_average_selling_price__g5__shared_targets_as_references row=11/20 query=Q8_IBMTransactionsBelowAverageSellingPrice group=primary phase=hot rep=1
[2026-05-03 07:21:13] [INFO] [benchmark-progress] candidate=q8_ibmtransactions_below_average_selling_price__g5__shared_targets_as_references row=12/20 query=Q8_IBMTransactionsBelowAverageSellingPrice group=primary phase=hot rep=2
[2026-05-03 07:21:13] [INFO] [benchmark-progress] candidate=q8_ibmtransactions_below_average_selling_price__g5__shared_targets_as_references row=13/20 query=Q8_IBMTransactionsBelowAverageSellingPrice group=primary phase=hot rep=3
[2026-05-03 07:21:13] [INFO] [benchmark-progress] candidate=q8_ibmtransactions_below_average_selling_price__g5__shared_targets_as_references row=14/20 query=Q8_IBMTransactionsBelowAverageSellingPrice group=primary phase=hot rep=4
[2026-05-03 07:21:13] [INFO] [benchmark-progress] candidate=q8_ibmtransactions_below_average_selling_price__g5__shared_targets_as_references row=15/20 query=Q8_IBMTransactionsBelowAverageSellingPrice group=primary phase=hot rep=5
[2026-05-03 07:21:13] [INFO] [benchmark-progress] candidate=q8_ibmtransactions_below_average_selling_price__g5__shared_targets_as_references row=16/20 query=Q8_IBMTransactionsBelowAverageSellingPrice group=primary phase=hot rep=6
[2026-05-03 07:21:13] [INFO] [benchmark-progress] candidate=q8_ibmtransactions_below_average_selling_price__g5__shared_targets_as_references row=17/20 query=Q8_IBMTransactionsBelowAverageSellingPrice group=primary phase=hot rep=7
[2026-05-03 07:21:13] [INFO] [benchmark-progress] candidate=q8_ibmtransactions_below_average_selling_price__g5__shared_targets_as_references row=18/20 query=Q8_IBMTransactionsBelowAverageSellingPrice group=primary phase=hot rep=8
[2026-05-03 07:21:13] [INFO] [benchmark-progress] candidate=q8_ibmtransactions_below_average_selling_price__g5__shared_targets_as_references row=19/20 query=Q8_IBMTransactionsBelowAverageSellingPrice group=primary phase=hot rep=9
[2026-05-03 07:21:13] [INFO] [benchmark-progress] candidate=q8_ibmtransactions_below_average_selling_price__g5__shared_targets_as_references row=20/20 query=Q8_IBMTransactionsBelowAverageSellingPrice group=primary phase=hot rep=10
[2026-05-03 07:21:13] [INFO] === BENCHMARK COMPLETED candidate=q8_ibmtransactions_below_average_selling_price__g5__shared_targets_as_references rows=20 ===
[2026-05-03 07:21:13] [INFO] === BENCHMARK START candidate=q8_ibmtransactions_below_average_selling_price__g6__materialized_query_view rows=20 ===
[2026-05-03 07:21:13] [INFO] [benchmark-progress] candidate=q8_ibmtransactions_below_average_selling_price__g6__materialized_query_view row=1/20 query=Q8_IBMTransactionsBelowAverageSellingPrice group=primary phase=cold rep=1
[2026-05-03 07:21:13] [INFO] [benchmark-progress] candidate=q8_ibmtransactions_below_average_selling_price__g6__materialized_query_view row=2/20 query=Q8_IBMTransactionsBelowAverageSellingPrice group=primary phase=cold rep=2
[2026-05-03 07:21:13] [INFO] [benchmark-progress] candidate=q8_ibmtransactions_below_average_selling_price__g6__materialized_query_view row=3/20 query=Q8_IBMTransactionsBelowAverageSellingPrice group=primary phase=cold rep=3
[2026-05-03 07:21:13] [INFO] [benchmark-progress] candidate=q8_ibmtransactions_below_average_selling_price__g6__materialized_query_view row=4/20 query=Q8_IBMTransactionsBelowAverageSellingPrice group=primary phase=cold rep=4
[2026-05-03 07:21:13] [INFO] [benchmark-progress] candidate=q8_ibmtransactions_below_average_selling_price__g6__materialized_query_view row=5/20 query=Q8_IBMTransactionsBelowAverageSellingPrice group=primary phase=cold rep=5
[2026-05-03 07:21:13] [INFO] [benchmark-progress] candidate=q8_ibmtransactions_below_average_selling_price__g6__materialized_query_view row=6/20 query=Q8_IBMTransactionsBelowAverageSellingPrice group=primary phase=cold rep=6
[2026-05-03 07:21:13] [INFO] [benchmark-progress] candidate=q8_ibmtransactions_below_average_selling_price__g6__materialized_query_view row=7/20 query=Q8_IBMTransactionsBelowAverageSellingPrice group=primary phase=cold rep=7
[2026-05-03 07:21:13] [INFO] [benchmark-progress] candidate=q8_ibmtransactions_below_average_selling_price__g6__materialized_query_view row=8/20 query=Q8_IBMTransactionsBelowAverageSellingPrice group=primary phase=cold rep=8
[2026-05-03 07:21:13] [INFO] [benchmark-progress] candidate=q8_ibmtransactions_below_average_selling_price__g6__materialized_query_view row=9/20 query=Q8_IBMTransactionsBelowAverageSellingPrice group=primary phase=cold rep=9
[2026-05-03 07:21:13] [INFO] [benchmark-progress] candidate=q8_ibmtransactions_below_average_selling_price__g6__materialized_query_view row=10/20 query=Q8_IBMTransactionsBelowAverageSellingPrice group=primary phase=cold rep=10
[2026-05-03 07:21:13] [INFO] [benchmark-progress] candidate=q8_ibmtransactions_below_average_selling_price__g6__materialized_query_view row=11/20 query=Q8_IBMTransactionsBelowAverageSellingPrice group=primary phase=hot rep=1
[2026-05-03 07:21:13] [INFO] [benchmark-progress] candidate=q8_ibmtransactions_below_average_selling_price__g6__materialized_query_view row=12/20 query=Q8_IBMTransactionsBelowAverageSellingPrice group=primary phase=hot rep=2
[2026-05-03 07:21:13] [INFO] [benchmark-progress] candidate=q8_ibmtransactions_below_average_selling_price__g6__materialized_query_view row=13/20 query=Q8_IBMTransactionsBelowAverageSellingPrice group=primary phase=hot rep=3
[2026-05-03 07:21:13] [INFO] [benchmark-progress] candidate=q8_ibmtransactions_below_average_selling_price__g6__materialized_query_view row=14/20 query=Q8_IBMTransactionsBelowAverageSellingPrice group=primary phase=hot rep=4
[2026-05-03 07:21:13] [INFO] [benchmark-progress] candidate=q8_ibmtransactions_below_average_selling_price__g6__materialized_query_view row=15/20 query=Q8_IBMTransactionsBelowAverageSellingPrice group=primary phase=hot rep=5
[2026-05-03 07:21:13] [INFO] [benchmark-progress] candidate=q8_ibmtransactions_below_average_selling_price__g6__materialized_query_view row=16/20 query=Q8_IBMTransactionsBelowAverageSellingPrice group=primary phase=hot rep=6
[2026-05-03 07:21:13] [INFO] [benchmark-progress] candidate=q8_ibmtransactions_below_average_selling_price__g6__materialized_query_view row=17/20 query=Q8_IBMTransactionsBelowAverageSellingPrice group=primary phase=hot rep=7
[2026-05-03 07:21:13] [INFO] [benchmark-progress] candidate=q8_ibmtransactions_below_average_selling_price__g6__materialized_query_view row=18/20 query=Q8_IBMTransactionsBelowAverageSellingPrice group=primary phase=hot rep=8
[2026-05-03 07:21:13] [INFO] [benchmark-progress] candidate=q8_ibmtransactions_below_average_selling_price__g6__materialized_query_view row=19/20 query=Q8_IBMTransactionsBelowAverageSellingPrice group=primary phase=hot rep=9
[2026-05-03 07:21:13] [INFO] [benchmark-progress] candidate=q8_ibmtransactions_below_average_selling_price__g6__materialized_query_view row=20/20 query=Q8_IBMTransactionsBelowAverageSellingPrice group=primary phase=hot rep=10
[2026-05-03 07:21:13] [INFO] === BENCHMARK COMPLETED candidate=q8_ibmtransactions_below_average_selling_price__g6__materialized_query_view rows=20 ===
[2026-05-03 07:21:13] [INFO] === BENCHMARK START candidate=q8_ibmtransactions_below_average_selling_price__g7__update_aware_references rows=20 ===
[2026-05-03 07:21:13] [INFO] [benchmark-progress] candidate=q8_ibmtransactions_below_average_selling_price__g7__update_aware_references row=1/20 query=Q8_IBMTransactionsBelowAverageSellingPrice group=secondary_affected phase=cold rep=1
[2026-05-03 07:21:13] [INFO] [benchmark-progress] candidate=q8_ibmtransactions_below_average_selling_price__g7__update_aware_references row=2/20 query=Q8_IBMTransactionsBelowAverageSellingPrice group=secondary_affected phase=cold rep=2
[2026-05-03 07:21:13] [INFO] [benchmark-progress] candidate=q8_ibmtransactions_below_average_selling_price__g7__update_aware_references row=3/20 query=Q8_IBMTransactionsBelowAverageSellingPrice group=secondary_affected phase=cold rep=3
[2026-05-03 07:21:13] [INFO] [benchmark-progress] candidate=q8_ibmtransactions_below_average_selling_price__g7__update_aware_references row=4/20 query=Q8_IBMTransactionsBelowAverageSellingPrice group=secondary_affected phase=cold rep=4
[2026-05-03 07:21:13] [INFO] [benchmark-progress] candidate=q8_ibmtransactions_below_average_selling_price__g7__update_aware_references row=5/20 query=Q8_IBMTransactionsBelowAverageSellingPrice group=secondary_affected phase=cold rep=5
[2026-05-03 07:21:13] [INFO] [benchmark-progress] candidate=q8_ibmtransactions_below_average_selling_price__g7__update_aware_references row=6/20 query=Q8_IBMTransactionsBelowAverageSellingPrice group=secondary_affected phase=cold rep=6
[2026-05-03 07:21:13] [INFO] [benchmark-progress] candidate=q8_ibmtransactions_below_average_selling_price__g7__update_aware_references row=7/20 query=Q8_IBMTransactionsBelowAverageSellingPrice group=secondary_affected phase=cold rep=7
[2026-05-03 07:21:13] [INFO] [benchmark-progress] candidate=q8_ibmtransactions_below_average_selling_price__g7__update_aware_references row=8/20 query=Q8_IBMTransactionsBelowAverageSellingPrice group=secondary_affected phase=cold rep=8
[2026-05-03 07:21:13] [INFO] [benchmark-progress] candidate=q8_ibmtransactions_below_average_selling_price__g7__update_aware_references row=9/20 query=Q8_IBMTransactionsBelowAverageSellingPrice group=secondary_affected phase=cold rep=9
[2026-05-03 07:21:13] [INFO] [benchmark-progress] candidate=q8_ibmtransactions_below_average_selling_price__g7__update_aware_references row=10/20 query=Q8_IBMTransactionsBelowAverageSellingPrice group=secondary_affected phase=cold rep=10
[2026-05-03 07:21:13] [INFO] [benchmark-progress] candidate=q8_ibmtransactions_below_average_selling_price__g7__update_aware_references row=11/20 query=Q8_IBMTransactionsBelowAverageSellingPrice group=secondary_affected phase=hot rep=1
[2026-05-03 07:21:13] [INFO] [benchmark-progress] candidate=q8_ibmtransactions_below_average_selling_price__g7__update_aware_references row=12/20 query=Q8_IBMTransactionsBelowAverageSellingPrice group=secondary_affected phase=hot rep=2
[2026-05-03 07:21:13] [INFO] [benchmark-progress] candidate=q8_ibmtransactions_below_average_selling_price__g7__update_aware_references row=13/20 query=Q8_IBMTransactionsBelowAverageSellingPrice group=secondary_affected phase=hot rep=3
[2026-05-03 07:21:13] [INFO] [benchmark-progress] candidate=q8_ibmtransactions_below_average_selling_price__g7__update_aware_references row=14/20 query=Q8_IBMTransactionsBelowAverageSellingPrice group=secondary_affected phase=hot rep=4
[2026-05-03 07:21:13] [INFO] [benchmark-progress] candidate=q8_ibmtransactions_below_average_selling_price__g7__update_aware_references row=15/20 query=Q8_IBMTransactionsBelowAverageSellingPrice group=secondary_affected phase=hot rep=5
[2026-05-03 07:21:13] [INFO] [benchmark-progress] candidate=q8_ibmtransactions_below_average_selling_price__g7__update_aware_references row=16/20 query=Q8_IBMTransactionsBelowAverageSellingPrice group=secondary_affected phase=hot rep=6
[2026-05-03 07:21:13] [INFO] [benchmark-progress] candidate=q8_ibmtransactions_below_average_selling_price__g7__update_aware_references row=17/20 query=Q8_IBMTransactionsBelowAverageSellingPrice group=secondary_affected phase=hot rep=7
[2026-05-03 07:21:13] [INFO] [benchmark-progress] candidate=q8_ibmtransactions_below_average_selling_price__g7__update_aware_references row=18/20 query=Q8_IBMTransactionsBelowAverageSellingPrice group=secondary_affected phase=hot rep=8
[2026-05-03 07:21:13] [INFO] [benchmark-progress] candidate=q8_ibmtransactions_below_average_selling_price__g7__update_aware_references row=19/20 query=Q8_IBMTransactionsBelowAverageSellingPrice group=secondary_affected phase=hot rep=9
[2026-05-03 07:21:13] [INFO] [benchmark-progress] candidate=q8_ibmtransactions_below_average_selling_price__g7__update_aware_references row=20/20 query=Q8_IBMTransactionsBelowAverageSellingPrice group=secondary_affected phase=hot rep=10
[2026-05-03 07:21:13] [INFO] === BENCHMARK COMPLETED candidate=q8_ibmtransactions_below_average_selling_price__g7__update_aware_references rows=20 ===
[2026-05-03 07:21:13] [INFO] === BENCHMARK START candidate=q8_ibmtransactions_below_average_selling_price__g9__tradeoff_benchmark_candidate rows=20 ===
[2026-05-03 07:21:13] [INFO] [benchmark-progress] candidate=q8_ibmtransactions_below_average_selling_price__g9__tradeoff_benchmark_candidate row=1/20 query=Q8_IBMTransactionsBelowAverageSellingPrice group=secondary_affected phase=cold rep=1
[2026-05-03 07:21:13] [INFO] [benchmark-progress] candidate=q8_ibmtransactions_below_average_selling_price__g9__tradeoff_benchmark_candidate row=2/20 query=Q8_IBMTransactionsBelowAverageSellingPrice group=secondary_affected phase=cold rep=2
[2026-05-03 07:21:13] [INFO] [benchmark-progress] candidate=q8_ibmtransactions_below_average_selling_price__g9__tradeoff_benchmark_candidate row=3/20 query=Q8_IBMTransactionsBelowAverageSellingPrice group=secondary_affected phase=cold rep=3
[2026-05-03 07:21:13] [INFO] [benchmark-progress] candidate=q8_ibmtransactions_below_average_selling_price__g9__tradeoff_benchmark_candidate row=4/20 query=Q8_IBMTransactionsBelowAverageSellingPrice group=secondary_affected phase=cold rep=4
[2026-05-03 07:21:13] [INFO] [benchmark-progress] candidate=q8_ibmtransactions_below_average_selling_price__g9__tradeoff_benchmark_candidate row=5/20 query=Q8_IBMTransactionsBelowAverageSellingPrice group=secondary_affected phase=cold rep=5
[2026-05-03 07:21:13] [INFO] [benchmark-progress] candidate=q8_ibmtransactions_below_average_selling_price__g9__tradeoff_benchmark_candidate row=6/20 query=Q8_IBMTransactionsBelowAverageSellingPrice group=secondary_affected phase=cold rep=6
[2026-05-03 07:21:13] [INFO] [benchmark-progress] candidate=q8_ibmtransactions_below_average_selling_price__g9__tradeoff_benchmark_candidate row=7/20 query=Q8_IBMTransactionsBelowAverageSellingPrice group=secondary_affected phase=cold rep=7
[2026-05-03 07:21:13] [INFO] [benchmark-progress] candidate=q8_ibmtransactions_below_average_selling_price__g9__tradeoff_benchmark_candidate row=8/20 query=Q8_IBMTransactionsBelowAverageSellingPrice group=secondary_affected phase=cold rep=8
[2026-05-03 07:21:13] [INFO] [benchmark-progress] candidate=q8_ibmtransactions_below_average_selling_price__g9__tradeoff_benchmark_candidate row=9/20 query=Q8_IBMTransactionsBelowAverageSellingPrice group=secondary_affected phase=cold rep=9
[2026-05-03 07:21:13] [INFO] [benchmark-progress] candidate=q8_ibmtransactions_below_average_selling_price__g9__tradeoff_benchmark_candidate row=10/20 query=Q8_IBMTransactionsBelowAverageSellingPrice group=secondary_affected phase=cold rep=10
[2026-05-03 07:21:13] [INFO] [benchmark-progress] candidate=q8_ibmtransactions_below_average_selling_price__g9__tradeoff_benchmark_candidate row=11/20 query=Q8_IBMTransactionsBelowAverageSellingPrice group=secondary_affected phase=hot rep=1
[2026-05-03 07:21:13] [INFO] [benchmark-progress] candidate=q8_ibmtransactions_below_average_selling_price__g9__tradeoff_benchmark_candidate row=12/20 query=Q8_IBMTransactionsBelowAverageSellingPrice group=secondary_affected phase=hot rep=2
[2026-05-03 07:21:13] [INFO] [benchmark-progress] candidate=q8_ibmtransactions_below_average_selling_price__g9__tradeoff_benchmark_candidate row=13/20 query=Q8_IBMTransactionsBelowAverageSellingPrice group=secondary_affected phase=hot rep=3
[2026-05-03 07:21:13] [INFO] [benchmark-progress] candidate=q8_ibmtransactions_below_average_selling_price__g9__tradeoff_benchmark_candidate row=14/20 query=Q8_IBMTransactionsBelowAverageSellingPrice group=secondary_affected phase=hot rep=4
[2026-05-03 07:21:13] [INFO] [benchmark-progress] candidate=q8_ibmtransactions_below_average_selling_price__g9__tradeoff_benchmark_candidate row=15/20 query=Q8_IBMTransactionsBelowAverageSellingPrice group=secondary_affected phase=hot rep=5
[2026-05-03 07:21:13] [INFO] [benchmark-progress] candidate=q8_ibmtransactions_below_average_selling_price__g9__tradeoff_benchmark_candidate row=16/20 query=Q8_IBMTransactionsBelowAverageSellingPrice group=secondary_affected phase=hot rep=6
[2026-05-03 07:21:13] [INFO] [benchmark-progress] candidate=q8_ibmtransactions_below_average_selling_price__g9__tradeoff_benchmark_candidate row=17/20 query=Q8_IBMTransactionsBelowAverageSellingPrice group=secondary_affected phase=hot rep=7
[2026-05-03 07:21:13] [INFO] [benchmark-progress] candidate=q8_ibmtransactions_below_average_selling_price__g9__tradeoff_benchmark_candidate row=18/20 query=Q8_IBMTransactionsBelowAverageSellingPrice group=secondary_affected phase=hot rep=8
[2026-05-03 07:21:13] [INFO] [benchmark-progress] candidate=q8_ibmtransactions_below_average_selling_price__g9__tradeoff_benchmark_candidate row=19/20 query=Q8_IBMTransactionsBelowAverageSellingPrice group=secondary_affected phase=hot rep=9
[2026-05-03 07:21:13] [INFO] [benchmark-progress] candidate=q8_ibmtransactions_below_average_selling_price__g9__tradeoff_benchmark_candidate row=20/20 query=Q8_IBMTransactionsBelowAverageSellingPrice group=secondary_affected phase=hot rep=10
[2026-05-03 07:21:13] [INFO] === BENCHMARK COMPLETED candidate=q8_ibmtransactions_below_average_selling_price__g9__tradeoff_benchmark_candidate rows=20 ===
[2026-05-03 07:21:13] [INFO] === BENCHMARK START candidate=q9_persons_who_bought_and_sold_same_stock__control__normalized_reference_baseline rows=20 ===
[2026-05-03 07:21:13] [INFO] [benchmark-progress] candidate=q9_persons_who_bought_and_sold_same_stock__control__normalized_reference_baseline row=1/20 query=Q9_PersonsWhoBoughtAndSoldSameStock group=control phase=cold rep=1
[2026-05-03 07:21:13] [INFO] [benchmark-progress] candidate=q9_persons_who_bought_and_sold_same_stock__control__normalized_reference_baseline row=2/20 query=Q9_PersonsWhoBoughtAndSoldSameStock group=control phase=cold rep=2
[2026-05-03 07:21:13] [INFO] [benchmark-progress] candidate=q9_persons_who_bought_and_sold_same_stock__control__normalized_reference_baseline row=3/20 query=Q9_PersonsWhoBoughtAndSoldSameStock group=control phase=cold rep=3
[2026-05-03 07:21:13] [INFO] [benchmark-progress] candidate=q9_persons_who_bought_and_sold_same_stock__control__normalized_reference_baseline row=4/20 query=Q9_PersonsWhoBoughtAndSoldSameStock group=control phase=cold rep=4
[2026-05-03 07:21:13] [INFO] [benchmark-progress] candidate=q9_persons_who_bought_and_sold_same_stock__control__normalized_reference_baseline row=5/20 query=Q9_PersonsWhoBoughtAndSoldSameStock group=control phase=cold rep=5
[2026-05-03 07:21:13] [INFO] [benchmark-progress] candidate=q9_persons_who_bought_and_sold_same_stock__control__normalized_reference_baseline row=6/20 query=Q9_PersonsWhoBoughtAndSoldSameStock group=control phase=cold rep=6
[2026-05-03 07:21:13] [INFO] [benchmark-progress] candidate=q9_persons_who_bought_and_sold_same_stock__control__normalized_reference_baseline row=7/20 query=Q9_PersonsWhoBoughtAndSoldSameStock group=control phase=cold rep=7
[2026-05-03 07:21:13] [INFO] [benchmark-progress] candidate=q9_persons_who_bought_and_sold_same_stock__control__normalized_reference_baseline row=8/20 query=Q9_PersonsWhoBoughtAndSoldSameStock group=control phase=cold rep=8
[2026-05-03 07:21:13] [INFO] [benchmark-progress] candidate=q9_persons_who_bought_and_sold_same_stock__control__normalized_reference_baseline row=9/20 query=Q9_PersonsWhoBoughtAndSoldSameStock group=control phase=cold rep=9
[2026-05-03 07:21:13] [INFO] [benchmark-progress] candidate=q9_persons_who_bought_and_sold_same_stock__control__normalized_reference_baseline row=10/20 query=Q9_PersonsWhoBoughtAndSoldSameStock group=control phase=cold rep=10
[2026-05-03 07:21:13] [INFO] [benchmark-progress] candidate=q9_persons_who_bought_and_sold_same_stock__control__normalized_reference_baseline row=11/20 query=Q9_PersonsWhoBoughtAndSoldSameStock group=control phase=hot rep=1
[2026-05-03 07:21:13] [INFO] [benchmark-progress] candidate=q9_persons_who_bought_and_sold_same_stock__control__normalized_reference_baseline row=12/20 query=Q9_PersonsWhoBoughtAndSoldSameStock group=control phase=hot rep=2
[2026-05-03 07:21:13] [INFO] [benchmark-progress] candidate=q9_persons_who_bought_and_sold_same_stock__control__normalized_reference_baseline row=13/20 query=Q9_PersonsWhoBoughtAndSoldSameStock group=control phase=hot rep=3
[2026-05-03 07:21:13] [INFO] [benchmark-progress] candidate=q9_persons_who_bought_and_sold_same_stock__control__normalized_reference_baseline row=14/20 query=Q9_PersonsWhoBoughtAndSoldSameStock group=control phase=hot rep=4
[2026-05-03 07:21:13] [INFO] [benchmark-progress] candidate=q9_persons_who_bought_and_sold_same_stock__control__normalized_reference_baseline row=15/20 query=Q9_PersonsWhoBoughtAndSoldSameStock group=control phase=hot rep=5
[2026-05-03 07:21:13] [INFO] [benchmark-progress] candidate=q9_persons_who_bought_and_sold_same_stock__control__normalized_reference_baseline row=16/20 query=Q9_PersonsWhoBoughtAndSoldSameStock group=control phase=hot rep=6
[2026-05-03 07:21:13] [INFO] [benchmark-progress] candidate=q9_persons_who_bought_and_sold_same_stock__control__normalized_reference_baseline row=17/20 query=Q9_PersonsWhoBoughtAndSoldSameStock group=control phase=hot rep=7
[2026-05-03 07:21:13] [INFO] [benchmark-progress] candidate=q9_persons_who_bought_and_sold_same_stock__control__normalized_reference_baseline row=18/20 query=Q9_PersonsWhoBoughtAndSoldSameStock group=control phase=hot rep=8
[2026-05-03 07:21:13] [INFO] [benchmark-progress] candidate=q9_persons_who_bought_and_sold_same_stock__control__normalized_reference_baseline row=19/20 query=Q9_PersonsWhoBoughtAndSoldSameStock group=control phase=hot rep=9
[2026-05-03 07:21:13] [INFO] [benchmark-progress] candidate=q9_persons_who_bought_and_sold_same_stock__control__normalized_reference_baseline row=20/20 query=Q9_PersonsWhoBoughtAndSoldSameStock group=control phase=hot rep=10
[2026-05-03 07:21:13] [INFO] === BENCHMARK COMPLETED candidate=q9_persons_who_bought_and_sold_same_stock__control__normalized_reference_baseline rows=20 ===
[2026-05-03 07:21:13] [INFO] === BENCHMARK START candidate=q9_persons_who_bought_and_sold_same_stock__g2__embed_containment_children rows=20 ===
[2026-05-03 07:21:13] [INFO] [benchmark-progress] candidate=q9_persons_who_bought_and_sold_same_stock__g2__embed_containment_children row=1/20 query=Q9_PersonsWhoBoughtAndSoldSameStock group=primary phase=cold rep=1
[2026-05-03 07:21:13] [INFO] [benchmark-progress] candidate=q9_persons_who_bought_and_sold_same_stock__g2__embed_containment_children row=2/20 query=Q9_PersonsWhoBoughtAndSoldSameStock group=primary phase=cold rep=2
[2026-05-03 07:21:13] [INFO] [benchmark-progress] candidate=q9_persons_who_bought_and_sold_same_stock__g2__embed_containment_children row=3/20 query=Q9_PersonsWhoBoughtAndSoldSameStock group=primary phase=cold rep=3
[2026-05-03 07:21:13] [INFO] [benchmark-progress] candidate=q9_persons_who_bought_and_sold_same_stock__g2__embed_containment_children row=4/20 query=Q9_PersonsWhoBoughtAndSoldSameStock group=primary phase=cold rep=4
[2026-05-03 07:21:13] [INFO] [benchmark-progress] candidate=q9_persons_who_bought_and_sold_same_stock__g2__embed_containment_children row=5/20 query=Q9_PersonsWhoBoughtAndSoldSameStock group=primary phase=cold rep=5
[2026-05-03 07:21:13] [INFO] [benchmark-progress] candidate=q9_persons_who_bought_and_sold_same_stock__g2__embed_containment_children row=6/20 query=Q9_PersonsWhoBoughtAndSoldSameStock group=primary phase=cold rep=6
[2026-05-03 07:21:13] [INFO] [benchmark-progress] candidate=q9_persons_who_bought_and_sold_same_stock__g2__embed_containment_children row=7/20 query=Q9_PersonsWhoBoughtAndSoldSameStock group=primary phase=cold rep=7
[2026-05-03 07:21:13] [INFO] [benchmark-progress] candidate=q9_persons_who_bought_and_sold_same_stock__g2__embed_containment_children row=8/20 query=Q9_PersonsWhoBoughtAndSoldSameStock group=primary phase=cold rep=8
[2026-05-03 07:21:13] [INFO] [benchmark-progress] candidate=q9_persons_who_bought_and_sold_same_stock__g2__embed_containment_children row=9/20 query=Q9_PersonsWhoBoughtAndSoldSameStock group=primary phase=cold rep=9
[2026-05-03 07:21:13] [INFO] [benchmark-progress] candidate=q9_persons_who_bought_and_sold_same_stock__g2__embed_containment_children row=10/20 query=Q9_PersonsWhoBoughtAndSoldSameStock group=primary phase=cold rep=10
[2026-05-03 07:21:13] [INFO] [benchmark-progress] candidate=q9_persons_who_bought_and_sold_same_stock__g2__embed_containment_children row=11/20 query=Q9_PersonsWhoBoughtAndSoldSameStock group=primary phase=hot rep=1
[2026-05-03 07:21:13] [INFO] [benchmark-progress] candidate=q9_persons_who_bought_and_sold_same_stock__g2__embed_containment_children row=12/20 query=Q9_PersonsWhoBoughtAndSoldSameStock group=primary phase=hot rep=2
[2026-05-03 07:21:13] [INFO] [benchmark-progress] candidate=q9_persons_who_bought_and_sold_same_stock__g2__embed_containment_children row=13/20 query=Q9_PersonsWhoBoughtAndSoldSameStock group=primary phase=hot rep=3
[2026-05-03 07:21:13] [INFO] [benchmark-progress] candidate=q9_persons_who_bought_and_sold_same_stock__g2__embed_containment_children row=14/20 query=Q9_PersonsWhoBoughtAndSoldSameStock group=primary phase=hot rep=4
[2026-05-03 07:21:13] [INFO] [benchmark-progress] candidate=q9_persons_who_bought_and_sold_same_stock__g2__embed_containment_children row=15/20 query=Q9_PersonsWhoBoughtAndSoldSameStock group=primary phase=hot rep=5
[2026-05-03 07:21:13] [INFO] [benchmark-progress] candidate=q9_persons_who_bought_and_sold_same_stock__g2__embed_containment_children row=16/20 query=Q9_PersonsWhoBoughtAndSoldSameStock group=primary phase=hot rep=6
[2026-05-03 07:21:13] [INFO] [benchmark-progress] candidate=q9_persons_who_bought_and_sold_same_stock__g2__embed_containment_children row=17/20 query=Q9_PersonsWhoBoughtAndSoldSameStock group=primary phase=hot rep=7
[2026-05-03 07:21:13] [INFO] [benchmark-progress] candidate=q9_persons_who_bought_and_sold_same_stock__g2__embed_containment_children row=18/20 query=Q9_PersonsWhoBoughtAndSoldSameStock group=primary phase=hot rep=8
[2026-05-03 07:21:13] [INFO] [benchmark-progress] candidate=q9_persons_who_bought_and_sold_same_stock__g2__embed_containment_children row=19/20 query=Q9_PersonsWhoBoughtAndSoldSameStock group=primary phase=hot rep=9
[2026-05-03 07:21:13] [INFO] [benchmark-progress] candidate=q9_persons_who_bought_and_sold_same_stock__g2__embed_containment_children row=20/20 query=Q9_PersonsWhoBoughtAndSoldSameStock group=primary phase=hot rep=10
[2026-05-03 07:21:13] [INFO] === BENCHMARK COMPLETED candidate=q9_persons_who_bought_and_sold_same_stock__g2__embed_containment_children rows=20 ===
[2026-05-03 07:21:13] [INFO] === BENCHMARK START candidate=q9_persons_who_bought_and_sold_same_stock__g3__association_references rows=20 ===
[2026-05-03 07:21:13] [INFO] [benchmark-progress] candidate=q9_persons_who_bought_and_sold_same_stock__g3__association_references row=1/20 query=Q9_PersonsWhoBoughtAndSoldSameStock group=primary phase=cold rep=1
[2026-05-03 07:21:13] [INFO] [benchmark-progress] candidate=q9_persons_who_bought_and_sold_same_stock__g3__association_references row=2/20 query=Q9_PersonsWhoBoughtAndSoldSameStock group=primary phase=cold rep=2
[2026-05-03 07:21:13] [INFO] [benchmark-progress] candidate=q9_persons_who_bought_and_sold_same_stock__g3__association_references row=3/20 query=Q9_PersonsWhoBoughtAndSoldSameStock group=primary phase=cold rep=3
[2026-05-03 07:21:13] [INFO] [benchmark-progress] candidate=q9_persons_who_bought_and_sold_same_stock__g3__association_references row=4/20 query=Q9_PersonsWhoBoughtAndSoldSameStock group=primary phase=cold rep=4
[2026-05-03 07:21:13] [INFO] [benchmark-progress] candidate=q9_persons_who_bought_and_sold_same_stock__g3__association_references row=5/20 query=Q9_PersonsWhoBoughtAndSoldSameStock group=primary phase=cold rep=5
[2026-05-03 07:21:13] [INFO] [benchmark-progress] candidate=q9_persons_who_bought_and_sold_same_stock__g3__association_references row=6/20 query=Q9_PersonsWhoBoughtAndSoldSameStock group=primary phase=cold rep=6
[2026-05-03 07:21:13] [INFO] [benchmark-progress] candidate=q9_persons_who_bought_and_sold_same_stock__g3__association_references row=7/20 query=Q9_PersonsWhoBoughtAndSoldSameStock group=primary phase=cold rep=7
[2026-05-03 07:21:13] [INFO] [benchmark-progress] candidate=q9_persons_who_bought_and_sold_same_stock__g3__association_references row=8/20 query=Q9_PersonsWhoBoughtAndSoldSameStock group=primary phase=cold rep=8
[2026-05-03 07:21:13] [INFO] [benchmark-progress] candidate=q9_persons_who_bought_and_sold_same_stock__g3__association_references row=9/20 query=Q9_PersonsWhoBoughtAndSoldSameStock group=primary phase=cold rep=9
[2026-05-03 07:21:13] [INFO] [benchmark-progress] candidate=q9_persons_who_bought_and_sold_same_stock__g3__association_references row=10/20 query=Q9_PersonsWhoBoughtAndSoldSameStock group=primary phase=cold rep=10
[2026-05-03 07:21:13] [INFO] [benchmark-progress] candidate=q9_persons_who_bought_and_sold_same_stock__g3__association_references row=11/20 query=Q9_PersonsWhoBoughtAndSoldSameStock group=primary phase=hot rep=1
[2026-05-03 07:21:13] [INFO] [benchmark-progress] candidate=q9_persons_who_bought_and_sold_same_stock__g3__association_references row=12/20 query=Q9_PersonsWhoBoughtAndSoldSameStock group=primary phase=hot rep=2
[2026-05-03 07:21:13] [INFO] [benchmark-progress] candidate=q9_persons_who_bought_and_sold_same_stock__g3__association_references row=13/20 query=Q9_PersonsWhoBoughtAndSoldSameStock group=primary phase=hot rep=3
[2026-05-03 07:21:13] [INFO] [benchmark-progress] candidate=q9_persons_who_bought_and_sold_same_stock__g3__association_references row=14/20 query=Q9_PersonsWhoBoughtAndSoldSameStock group=primary phase=hot rep=4
[2026-05-03 07:21:13] [INFO] [benchmark-progress] candidate=q9_persons_who_bought_and_sold_same_stock__g3__association_references row=15/20 query=Q9_PersonsWhoBoughtAndSoldSameStock group=primary phase=hot rep=5
[2026-05-03 07:21:13] [INFO] [benchmark-progress] candidate=q9_persons_who_bought_and_sold_same_stock__g3__association_references row=16/20 query=Q9_PersonsWhoBoughtAndSoldSameStock group=primary phase=hot rep=6
[2026-05-03 07:21:13] [INFO] [benchmark-progress] candidate=q9_persons_who_bought_and_sold_same_stock__g3__association_references row=17/20 query=Q9_PersonsWhoBoughtAndSoldSameStock group=primary phase=hot rep=7
[2026-05-03 07:21:13] [INFO] [benchmark-progress] candidate=q9_persons_who_bought_and_sold_same_stock__g3__association_references row=18/20 query=Q9_PersonsWhoBoughtAndSoldSameStock group=primary phase=hot rep=8
[2026-05-03 07:21:13] [INFO] [benchmark-progress] candidate=q9_persons_who_bought_and_sold_same_stock__g3__association_references row=19/20 query=Q9_PersonsWhoBoughtAndSoldSameStock group=primary phase=hot rep=9
[2026-05-03 07:21:13] [INFO] [benchmark-progress] candidate=q9_persons_who_bought_and_sold_same_stock__g3__association_references row=20/20 query=Q9_PersonsWhoBoughtAndSoldSameStock group=primary phase=hot rep=10
[2026-05-03 07:21:13] [INFO] === BENCHMARK COMPLETED candidate=q9_persons_who_bought_and_sold_same_stock__g3__association_references rows=20 ===
[2026-05-03 07:21:13] [INFO] === BENCHMARK START candidate=q9_persons_who_bought_and_sold_same_stock__g4__deep_nested_path rows=20 ===
[2026-05-03 07:21:13] [INFO] [benchmark-progress] candidate=q9_persons_who_bought_and_sold_same_stock__g4__deep_nested_path row=1/20 query=Q9_PersonsWhoBoughtAndSoldSameStock group=primary phase=cold rep=1
[2026-05-03 07:21:13] [INFO] [benchmark-progress] candidate=q9_persons_who_bought_and_sold_same_stock__g4__deep_nested_path row=2/20 query=Q9_PersonsWhoBoughtAndSoldSameStock group=primary phase=cold rep=2
[2026-05-03 07:21:13] [INFO] [benchmark-progress] candidate=q9_persons_who_bought_and_sold_same_stock__g4__deep_nested_path row=3/20 query=Q9_PersonsWhoBoughtAndSoldSameStock group=primary phase=cold rep=3
[2026-05-03 07:21:13] [INFO] [benchmark-progress] candidate=q9_persons_who_bought_and_sold_same_stock__g4__deep_nested_path row=4/20 query=Q9_PersonsWhoBoughtAndSoldSameStock group=primary phase=cold rep=4
[2026-05-03 07:21:13] [INFO] [benchmark-progress] candidate=q9_persons_who_bought_and_sold_same_stock__g4__deep_nested_path row=5/20 query=Q9_PersonsWhoBoughtAndSoldSameStock group=primary phase=cold rep=5
[2026-05-03 07:21:13] [INFO] [benchmark-progress] candidate=q9_persons_who_bought_and_sold_same_stock__g4__deep_nested_path row=6/20 query=Q9_PersonsWhoBoughtAndSoldSameStock group=primary phase=cold rep=6
[2026-05-03 07:21:13] [INFO] [benchmark-progress] candidate=q9_persons_who_bought_and_sold_same_stock__g4__deep_nested_path row=7/20 query=Q9_PersonsWhoBoughtAndSoldSameStock group=primary phase=cold rep=7
[2026-05-03 07:21:13] [INFO] [benchmark-progress] candidate=q9_persons_who_bought_and_sold_same_stock__g4__deep_nested_path row=8/20 query=Q9_PersonsWhoBoughtAndSoldSameStock group=primary phase=cold rep=8
[2026-05-03 07:21:13] [INFO] [benchmark-progress] candidate=q9_persons_who_bought_and_sold_same_stock__g4__deep_nested_path row=9/20 query=Q9_PersonsWhoBoughtAndSoldSameStock group=primary phase=cold rep=9
[2026-05-03 07:21:13] [INFO] [benchmark-progress] candidate=q9_persons_who_bought_and_sold_same_stock__g4__deep_nested_path row=10/20 query=Q9_PersonsWhoBoughtAndSoldSameStock group=primary phase=cold rep=10
[2026-05-03 07:21:13] [INFO] [benchmark-progress] candidate=q9_persons_who_bought_and_sold_same_stock__g4__deep_nested_path row=11/20 query=Q9_PersonsWhoBoughtAndSoldSameStock group=primary phase=hot rep=1
[2026-05-03 07:21:13] [INFO] [benchmark-progress] candidate=q9_persons_who_bought_and_sold_same_stock__g4__deep_nested_path row=12/20 query=Q9_PersonsWhoBoughtAndSoldSameStock group=primary phase=hot rep=2
[2026-05-03 07:21:13] [INFO] [benchmark-progress] candidate=q9_persons_who_bought_and_sold_same_stock__g4__deep_nested_path row=13/20 query=Q9_PersonsWhoBoughtAndSoldSameStock group=primary phase=hot rep=3
[2026-05-03 07:21:13] [INFO] [benchmark-progress] candidate=q9_persons_who_bought_and_sold_same_stock__g4__deep_nested_path row=14/20 query=Q9_PersonsWhoBoughtAndSoldSameStock group=primary phase=hot rep=4
[2026-05-03 07:21:13] [INFO] [benchmark-progress] candidate=q9_persons_who_bought_and_sold_same_stock__g4__deep_nested_path row=15/20 query=Q9_PersonsWhoBoughtAndSoldSameStock group=primary phase=hot rep=5
[2026-05-03 07:21:13] [INFO] [benchmark-progress] candidate=q9_persons_who_bought_and_sold_same_stock__g4__deep_nested_path row=16/20 query=Q9_PersonsWhoBoughtAndSoldSameStock group=primary phase=hot rep=6
[2026-05-03 07:21:13] [INFO] [benchmark-progress] candidate=q9_persons_who_bought_and_sold_same_stock__g4__deep_nested_path row=17/20 query=Q9_PersonsWhoBoughtAndSoldSameStock group=primary phase=hot rep=7
[2026-05-03 07:21:13] [INFO] [benchmark-progress] candidate=q9_persons_who_bought_and_sold_same_stock__g4__deep_nested_path row=18/20 query=Q9_PersonsWhoBoughtAndSoldSameStock group=primary phase=hot rep=8
[2026-05-03 07:21:13] [INFO] [benchmark-progress] candidate=q9_persons_who_bought_and_sold_same_stock__g4__deep_nested_path row=19/20 query=Q9_PersonsWhoBoughtAndSoldSameStock group=primary phase=hot rep=9
[2026-05-03 07:21:13] [INFO] [benchmark-progress] candidate=q9_persons_who_bought_and_sold_same_stock__g4__deep_nested_path row=20/20 query=Q9_PersonsWhoBoughtAndSoldSameStock group=primary phase=hot rep=10
[2026-05-03 07:21:13] [INFO] === BENCHMARK COMPLETED candidate=q9_persons_who_bought_and_sold_same_stock__g4__deep_nested_path rows=20 ===
[2026-05-03 07:21:13] [INFO] === BENCHMARK START candidate=q9_persons_who_bought_and_sold_same_stock__g5__shared_targets_as_references rows=20 ===
[2026-05-03 07:21:13] [INFO] [benchmark-progress] candidate=q9_persons_who_bought_and_sold_same_stock__g5__shared_targets_as_references row=1/20 query=Q9_PersonsWhoBoughtAndSoldSameStock group=primary phase=cold rep=1
[2026-05-03 07:21:13] [INFO] [benchmark-progress] candidate=q9_persons_who_bought_and_sold_same_stock__g5__shared_targets_as_references row=2/20 query=Q9_PersonsWhoBoughtAndSoldSameStock group=primary phase=cold rep=2
[2026-05-03 07:21:14] [INFO] [benchmark-progress] candidate=q9_persons_who_bought_and_sold_same_stock__g5__shared_targets_as_references row=3/20 query=Q9_PersonsWhoBoughtAndSoldSameStock group=primary phase=cold rep=3
[2026-05-03 07:21:14] [INFO] [benchmark-progress] candidate=q9_persons_who_bought_and_sold_same_stock__g5__shared_targets_as_references row=4/20 query=Q9_PersonsWhoBoughtAndSoldSameStock group=primary phase=cold rep=4
[2026-05-03 07:21:14] [INFO] [benchmark-progress] candidate=q9_persons_who_bought_and_sold_same_stock__g5__shared_targets_as_references row=5/20 query=Q9_PersonsWhoBoughtAndSoldSameStock group=primary phase=cold rep=5
[2026-05-03 07:21:14] [INFO] [benchmark-progress] candidate=q9_persons_who_bought_and_sold_same_stock__g5__shared_targets_as_references row=6/20 query=Q9_PersonsWhoBoughtAndSoldSameStock group=primary phase=cold rep=6
[2026-05-03 07:21:14] [INFO] [benchmark-progress] candidate=q9_persons_who_bought_and_sold_same_stock__g5__shared_targets_as_references row=7/20 query=Q9_PersonsWhoBoughtAndSoldSameStock group=primary phase=cold rep=7
[2026-05-03 07:21:14] [INFO] [benchmark-progress] candidate=q9_persons_who_bought_and_sold_same_stock__g5__shared_targets_as_references row=8/20 query=Q9_PersonsWhoBoughtAndSoldSameStock group=primary phase=cold rep=8
[2026-05-03 07:21:14] [INFO] [benchmark-progress] candidate=q9_persons_who_bought_and_sold_same_stock__g5__shared_targets_as_references row=9/20 query=Q9_PersonsWhoBoughtAndSoldSameStock group=primary phase=cold rep=9
[2026-05-03 07:21:14] [INFO] [benchmark-progress] candidate=q9_persons_who_bought_and_sold_same_stock__g5__shared_targets_as_references row=10/20 query=Q9_PersonsWhoBoughtAndSoldSameStock group=primary phase=cold rep=10
[2026-05-03 07:21:14] [INFO] [benchmark-progress] candidate=q9_persons_who_bought_and_sold_same_stock__g5__shared_targets_as_references row=11/20 query=Q9_PersonsWhoBoughtAndSoldSameStock group=primary phase=hot rep=1
[2026-05-03 07:21:14] [INFO] [benchmark-progress] candidate=q9_persons_who_bought_and_sold_same_stock__g5__shared_targets_as_references row=12/20 query=Q9_PersonsWhoBoughtAndSoldSameStock group=primary phase=hot rep=2
[2026-05-03 07:21:14] [INFO] [benchmark-progress] candidate=q9_persons_who_bought_and_sold_same_stock__g5__shared_targets_as_references row=13/20 query=Q9_PersonsWhoBoughtAndSoldSameStock group=primary phase=hot rep=3
[2026-05-03 07:21:14] [INFO] [benchmark-progress] candidate=q9_persons_who_bought_and_sold_same_stock__g5__shared_targets_as_references row=14/20 query=Q9_PersonsWhoBoughtAndSoldSameStock group=primary phase=hot rep=4
[2026-05-03 07:21:14] [INFO] [benchmark-progress] candidate=q9_persons_who_bought_and_sold_same_stock__g5__shared_targets_as_references row=15/20 query=Q9_PersonsWhoBoughtAndSoldSameStock group=primary phase=hot rep=5
[2026-05-03 07:21:14] [INFO] [benchmark-progress] candidate=q9_persons_who_bought_and_sold_same_stock__g5__shared_targets_as_references row=16/20 query=Q9_PersonsWhoBoughtAndSoldSameStock group=primary phase=hot rep=6
[2026-05-03 07:21:14] [INFO] [benchmark-progress] candidate=q9_persons_who_bought_and_sold_same_stock__g5__shared_targets_as_references row=17/20 query=Q9_PersonsWhoBoughtAndSoldSameStock group=primary phase=hot rep=7
[2026-05-03 07:21:14] [INFO] [benchmark-progress] candidate=q9_persons_who_bought_and_sold_same_stock__g5__shared_targets_as_references row=18/20 query=Q9_PersonsWhoBoughtAndSoldSameStock group=primary phase=hot rep=8
[2026-05-03 07:21:14] [INFO] [benchmark-progress] candidate=q9_persons_who_bought_and_sold_same_stock__g5__shared_targets_as_references row=19/20 query=Q9_PersonsWhoBoughtAndSoldSameStock group=primary phase=hot rep=9
[2026-05-03 07:21:14] [INFO] [benchmark-progress] candidate=q9_persons_who_bought_and_sold_same_stock__g5__shared_targets_as_references row=20/20 query=Q9_PersonsWhoBoughtAndSoldSameStock group=primary phase=hot rep=10
[2026-05-03 07:21:14] [INFO] === BENCHMARK COMPLETED candidate=q9_persons_who_bought_and_sold_same_stock__g5__shared_targets_as_references rows=20 ===
[2026-05-03 07:21:14] [INFO] === BENCHMARK START candidate=q9_persons_who_bought_and_sold_same_stock__g7__update_aware_references rows=20 ===
[2026-05-03 07:21:14] [INFO] [benchmark-progress] candidate=q9_persons_who_bought_and_sold_same_stock__g7__update_aware_references row=1/20 query=Q9_PersonsWhoBoughtAndSoldSameStock group=secondary_affected phase=cold rep=1
[2026-05-03 07:21:14] [INFO] [benchmark-progress] candidate=q9_persons_who_bought_and_sold_same_stock__g7__update_aware_references row=2/20 query=Q9_PersonsWhoBoughtAndSoldSameStock group=secondary_affected phase=cold rep=2
[2026-05-03 07:21:14] [INFO] [benchmark-progress] candidate=q9_persons_who_bought_and_sold_same_stock__g7__update_aware_references row=3/20 query=Q9_PersonsWhoBoughtAndSoldSameStock group=secondary_affected phase=cold rep=3
[2026-05-03 07:21:14] [INFO] [benchmark-progress] candidate=q9_persons_who_bought_and_sold_same_stock__g7__update_aware_references row=4/20 query=Q9_PersonsWhoBoughtAndSoldSameStock group=secondary_affected phase=cold rep=4
[2026-05-03 07:21:14] [INFO] [benchmark-progress] candidate=q9_persons_who_bought_and_sold_same_stock__g7__update_aware_references row=5/20 query=Q9_PersonsWhoBoughtAndSoldSameStock group=secondary_affected phase=cold rep=5
[2026-05-03 07:21:14] [INFO] [benchmark-progress] candidate=q9_persons_who_bought_and_sold_same_stock__g7__update_aware_references row=6/20 query=Q9_PersonsWhoBoughtAndSoldSameStock group=secondary_affected phase=cold rep=6
[2026-05-03 07:21:14] [INFO] [benchmark-progress] candidate=q9_persons_who_bought_and_sold_same_stock__g7__update_aware_references row=7/20 query=Q9_PersonsWhoBoughtAndSoldSameStock group=secondary_affected phase=cold rep=7
[2026-05-03 07:21:14] [INFO] [benchmark-progress] candidate=q9_persons_who_bought_and_sold_same_stock__g7__update_aware_references row=8/20 query=Q9_PersonsWhoBoughtAndSoldSameStock group=secondary_affected phase=cold rep=8
[2026-05-03 07:21:14] [INFO] [benchmark-progress] candidate=q9_persons_who_bought_and_sold_same_stock__g7__update_aware_references row=9/20 query=Q9_PersonsWhoBoughtAndSoldSameStock group=secondary_affected phase=cold rep=9
[2026-05-03 07:21:14] [INFO] [benchmark-progress] candidate=q9_persons_who_bought_and_sold_same_stock__g7__update_aware_references row=10/20 query=Q9_PersonsWhoBoughtAndSoldSameStock group=secondary_affected phase=cold rep=10
[2026-05-03 07:21:14] [INFO] [benchmark-progress] candidate=q9_persons_who_bought_and_sold_same_stock__g7__update_aware_references row=11/20 query=Q9_PersonsWhoBoughtAndSoldSameStock group=secondary_affected phase=hot rep=1
[2026-05-03 07:21:14] [INFO] [benchmark-progress] candidate=q9_persons_who_bought_and_sold_same_stock__g7__update_aware_references row=12/20 query=Q9_PersonsWhoBoughtAndSoldSameStock group=secondary_affected phase=hot rep=2
[2026-05-03 07:21:14] [INFO] [benchmark-progress] candidate=q9_persons_who_bought_and_sold_same_stock__g7__update_aware_references row=13/20 query=Q9_PersonsWhoBoughtAndSoldSameStock group=secondary_affected phase=hot rep=3
[2026-05-03 07:21:14] [INFO] [benchmark-progress] candidate=q9_persons_who_bought_and_sold_same_stock__g7__update_aware_references row=14/20 query=Q9_PersonsWhoBoughtAndSoldSameStock group=secondary_affected phase=hot rep=4
[2026-05-03 07:21:14] [INFO] [benchmark-progress] candidate=q9_persons_who_bought_and_sold_same_stock__g7__update_aware_references row=15/20 query=Q9_PersonsWhoBoughtAndSoldSameStock group=secondary_affected phase=hot rep=5
[2026-05-03 07:21:14] [INFO] [benchmark-progress] candidate=q9_persons_who_bought_and_sold_same_stock__g7__update_aware_references row=16/20 query=Q9_PersonsWhoBoughtAndSoldSameStock group=secondary_affected phase=hot rep=6
[2026-05-03 07:21:14] [INFO] [benchmark-progress] candidate=q9_persons_who_bought_and_sold_same_stock__g7__update_aware_references row=17/20 query=Q9_PersonsWhoBoughtAndSoldSameStock group=secondary_affected phase=hot rep=7
[2026-05-03 07:21:14] [INFO] [benchmark-progress] candidate=q9_persons_who_bought_and_sold_same_stock__g7__update_aware_references row=18/20 query=Q9_PersonsWhoBoughtAndSoldSameStock group=secondary_affected phase=hot rep=8
[2026-05-03 07:21:14] [INFO] [benchmark-progress] candidate=q9_persons_who_bought_and_sold_same_stock__g7__update_aware_references row=19/20 query=Q9_PersonsWhoBoughtAndSoldSameStock group=secondary_affected phase=hot rep=9
[2026-05-03 07:21:14] [INFO] [benchmark-progress] candidate=q9_persons_who_bought_and_sold_same_stock__g7__update_aware_references row=20/20 query=Q9_PersonsWhoBoughtAndSoldSameStock group=secondary_affected phase=hot rep=10
[2026-05-03 07:21:14] [INFO] === BENCHMARK COMPLETED candidate=q9_persons_who_bought_and_sold_same_stock__g7__update_aware_references rows=20 ===
[2026-05-03 07:21:14] [INFO] === BENCHMARK START candidate=q9_persons_who_bought_and_sold_same_stock__g9__tradeoff_benchmark_candidate rows=20 ===
[2026-05-03 07:21:14] [INFO] [benchmark-progress] candidate=q9_persons_who_bought_and_sold_same_stock__g9__tradeoff_benchmark_candidate row=1/20 query=Q9_PersonsWhoBoughtAndSoldSameStock group=secondary_affected phase=cold rep=1
[2026-05-03 07:21:14] [INFO] [benchmark-progress] candidate=q9_persons_who_bought_and_sold_same_stock__g9__tradeoff_benchmark_candidate row=2/20 query=Q9_PersonsWhoBoughtAndSoldSameStock group=secondary_affected phase=cold rep=2
[2026-05-03 07:21:14] [INFO] [benchmark-progress] candidate=q9_persons_who_bought_and_sold_same_stock__g9__tradeoff_benchmark_candidate row=3/20 query=Q9_PersonsWhoBoughtAndSoldSameStock group=secondary_affected phase=cold rep=3
[2026-05-03 07:21:14] [INFO] [benchmark-progress] candidate=q9_persons_who_bought_and_sold_same_stock__g9__tradeoff_benchmark_candidate row=4/20 query=Q9_PersonsWhoBoughtAndSoldSameStock group=secondary_affected phase=cold rep=4
[2026-05-03 07:21:14] [INFO] [benchmark-progress] candidate=q9_persons_who_bought_and_sold_same_stock__g9__tradeoff_benchmark_candidate row=5/20 query=Q9_PersonsWhoBoughtAndSoldSameStock group=secondary_affected phase=cold rep=5
[2026-05-03 07:21:14] [INFO] [benchmark-progress] candidate=q9_persons_who_bought_and_sold_same_stock__g9__tradeoff_benchmark_candidate row=6/20 query=Q9_PersonsWhoBoughtAndSoldSameStock group=secondary_affected phase=cold rep=6
[2026-05-03 07:21:14] [INFO] [benchmark-progress] candidate=q9_persons_who_bought_and_sold_same_stock__g9__tradeoff_benchmark_candidate row=7/20 query=Q9_PersonsWhoBoughtAndSoldSameStock group=secondary_affected phase=cold rep=7
[2026-05-03 07:21:14] [INFO] [benchmark-progress] candidate=q9_persons_who_bought_and_sold_same_stock__g9__tradeoff_benchmark_candidate row=8/20 query=Q9_PersonsWhoBoughtAndSoldSameStock group=secondary_affected phase=cold rep=8
[2026-05-03 07:21:14] [INFO] [benchmark-progress] candidate=q9_persons_who_bought_and_sold_same_stock__g9__tradeoff_benchmark_candidate row=9/20 query=Q9_PersonsWhoBoughtAndSoldSameStock group=secondary_affected phase=cold rep=9
[2026-05-03 07:21:14] [INFO] [benchmark-progress] candidate=q9_persons_who_bought_and_sold_same_stock__g9__tradeoff_benchmark_candidate row=10/20 query=Q9_PersonsWhoBoughtAndSoldSameStock group=secondary_affected phase=cold rep=10
[2026-05-03 07:21:14] [INFO] [benchmark-progress] candidate=q9_persons_who_bought_and_sold_same_stock__g9__tradeoff_benchmark_candidate row=11/20 query=Q9_PersonsWhoBoughtAndSoldSameStock group=secondary_affected phase=hot rep=1
[2026-05-03 07:21:14] [INFO] [benchmark-progress] candidate=q9_persons_who_bought_and_sold_same_stock__g9__tradeoff_benchmark_candidate row=12/20 query=Q9_PersonsWhoBoughtAndSoldSameStock group=secondary_affected phase=hot rep=2
[2026-05-03 07:21:14] [INFO] [benchmark-progress] candidate=q9_persons_who_bought_and_sold_same_stock__g9__tradeoff_benchmark_candidate row=13/20 query=Q9_PersonsWhoBoughtAndSoldSameStock group=secondary_affected phase=hot rep=3
[2026-05-03 07:21:14] [INFO] [benchmark-progress] candidate=q9_persons_who_bought_and_sold_same_stock__g9__tradeoff_benchmark_candidate row=14/20 query=Q9_PersonsWhoBoughtAndSoldSameStock group=secondary_affected phase=hot rep=4
[2026-05-03 07:21:14] [INFO] [benchmark-progress] candidate=q9_persons_who_bought_and_sold_same_stock__g9__tradeoff_benchmark_candidate row=15/20 query=Q9_PersonsWhoBoughtAndSoldSameStock group=secondary_affected phase=hot rep=5
[2026-05-03 07:21:14] [INFO] [benchmark-progress] candidate=q9_persons_who_bought_and_sold_same_stock__g9__tradeoff_benchmark_candidate row=16/20 query=Q9_PersonsWhoBoughtAndSoldSameStock group=secondary_affected phase=hot rep=6
[2026-05-03 07:21:14] [INFO] [benchmark-progress] candidate=q9_persons_who_bought_and_sold_same_stock__g9__tradeoff_benchmark_candidate row=17/20 query=Q9_PersonsWhoBoughtAndSoldSameStock group=secondary_affected phase=hot rep=7
[2026-05-03 07:21:14] [INFO] [benchmark-progress] candidate=q9_persons_who_bought_and_sold_same_stock__g9__tradeoff_benchmark_candidate row=18/20 query=Q9_PersonsWhoBoughtAndSoldSameStock group=secondary_affected phase=hot rep=8
[2026-05-03 07:21:14] [INFO] [benchmark-progress] candidate=q9_persons_who_bought_and_sold_same_stock__g9__tradeoff_benchmark_candidate row=19/20 query=Q9_PersonsWhoBoughtAndSoldSameStock group=secondary_affected phase=hot rep=9
[2026-05-03 07:21:14] [INFO] [benchmark-progress] candidate=q9_persons_who_bought_and_sold_same_stock__g9__tradeoff_benchmark_candidate row=20/20 query=Q9_PersonsWhoBoughtAndSoldSameStock group=secondary_affected phase=hot rep=10
[2026-05-03 07:21:14] [INFO] === BENCHMARK COMPLETED candidate=q9_persons_who_bought_and_sold_same_stock__g9__tradeoff_benchmark_candidate rows=20 ===
[2026-05-03 07:21:14] [INFO] Saved initialization summary: /home/hudson/Documents/framework_test/fiben/results/fiben_mongo_sf10/scale_db_initialization_summary.csv
[2026-05-03 07:21:14] [INFO] Saved candidate load summary: /home/hudson/Documents/framework_test/fiben/results/fiben_mongo_sf10/candidate_load_summary.csv
[2026-05-03 07:21:14] [INFO] Saved raw benchmark results: /home/hudson/Documents/framework_test/fiben/results/fiben_mongo_sf10/benchmark_raw_results.csv
[2026-05-03 07:21:14] [INFO] Saved aggregate benchmark results: /home/hudson/Documents/framework_test/fiben/results/fiben_mongo_sf10/benchmark_aggregate_results.csv
[2026-05-03 07:21:14] [INFO] Saved run manifest: /home/hudson/Documents/framework_test/fiben/results/fiben_mongo_sf10/benchmark_run_manifest.json
[2026-05-03 07:21:14] [INFO] Done. Results in: /home/hudson/Documents/framework_test/fiben/results/fiben_mongo_sf10
