candidate_id,query_name,generic_class,query_family,query_type,g_class,root_entity,collection_name,variant,design_pattern,benchmark_priority,embedded_entities,referenced_entities,materialized_entities,n_embedded_entities,n_referenced_entities,n_materialized_entities,DeltaRratio,query_update_volatility_score,max_observed_sharedness_score,physical_mapping_reliability,combined_document_design_risk_class,rationale,candidate_spec,candidate_spec_json
q10_create_account_holding_and_buy_transaction__control__normalized_reference_baseline,Q10_CreateAccountHoldingAndBuyTransaction,QG10,Update / insertion with relationship creation,insert,CONTROL,Person,persons_normalized_baseline,normalized_reference_baseline,normalized_reference_baseline,control,[],"['FinancialServiceAccount', 'Holding', 'ListedSecurity', 'Transaction', 'BuyTransaction']",[],0,5,0,1.0,0.932,0.2958825,ok,strong_read_candidate_high_update_pressure,Control configuration. Keep related entities as independent collections connected by references.,"{'candidate_id': 'q10_create_account_holding_and_buy_transaction__control__normalized_reference_baseline', 'query_name': 'Q10_CreateAccountHoldingAndBuyTransaction', 'g_class': 'CONTROL', 'root_entity': 'Person', 'collection_name': 'persons_normalized_baseline', 'design_pattern': 'normalized_reference_baseline', 'embedded_entities': [], 'referenced_entities': ['FinancialServiceAccount', 'Holding', 'ListedSecurity', 'Transaction', 'BuyTransaction'], 'materialized_entities': [], 'rationale': 'Control configuration. Keep related entities as independent collections connected by references.'}","{""candidate_id"": ""q10_create_account_holding_and_buy_transaction__control__normalized_reference_baseline"", ""query_name"": ""Q10_CreateAccountHoldingAndBuyTransaction"", ""g_class"": ""CONTROL"", ""root_entity"": ""Person"", ""collection_name"": ""persons_normalized_baseline"", ""design_pattern"": ""normalized_reference_baseline"", ""embedded_entities"": [], ""referenced_entities"": [""FinancialServiceAccount"", ""Holding"", ""ListedSecurity"", ""Transaction"", ""BuyTransaction""], ""materialized_entities"": [], ""rationale"": ""Control configuration. Keep related entities as independent collections connected by references.""}"
q10_create_account_holding_and_buy_transaction__g2__embed_containment_children,Q10_CreateAccountHoldingAndBuyTransaction,QG10,Update / insertion with relationship creation,insert,G2,Person,persons_with_containment,embed_containment_children,embedded_containment,primary,"['Holding', 'Transaction']",[],[],2,0,0,1.0,0.932,0.2958825,ok,strong_read_candidate_high_update_pressure,Embed containment children because the query follows containment paths that can be represented as nested arrays or subdocuments.,"{'candidate_id': 'q10_create_account_holding_and_buy_transaction__g2__embed_containment_children', 'query_name': 'Q10_CreateAccountHoldingAndBuyTransaction', 'g_class': 'G2', 'root_entity': 'Person', 'collection_name': 'persons_with_containment', 'design_pattern': 'embedded_containment', 'embedded_entities': ['Holding', 'Transaction'], 'referenced_entities': [], 'materialized_entities': [], 'rationale': 'Embed containment children because the query follows containment paths that can be represented as nested arrays or subdocuments.'}","{""candidate_id"": ""q10_create_account_holding_and_buy_transaction__g2__embed_containment_children"", ""query_name"": ""Q10_CreateAccountHoldingAndBuyTransaction"", ""g_class"": ""G2"", ""root_entity"": ""Person"", ""collection_name"": ""persons_with_containment"", ""design_pattern"": ""embedded_containment"", ""embedded_entities"": [""Holding"", ""Transaction""], ""referenced_entities"": [], ""materialized_entities"": [], ""rationale"": ""Embed containment children because the query follows containment paths that can be represented as nested arrays or subdocuments.""}"
q10_create_account_holding_and_buy_transaction__g3__association_references,Q10_CreateAccountHoldingAndBuyTransaction,QG10,Update / insertion with relationship creation,insert,G3,Person,persons_with_references,association_references,association_references,primary,[],"['FinancialServiceAccount', 'ListedSecurity', 'Transaction']",[],0,3,0,1.0,0.932,0.2958825,ok,strong_read_candidate_high_update_pressure,"Represent associative, ownership, or subtype links through references or small embedded summaries because these links may connect reusable or independently managed entities.","{'candidate_id': 'q10_create_account_holding_and_buy_transaction__g3__association_references', 'query_name': 'Q10_CreateAccountHoldingAndBuyTransaction', 'g_class': 'G3', 'root_entity': 'Person', 'collection_name': 'persons_with_references', 'design_pattern': 'association_references', 'embedded_entities': [], 'referenced_entities': ['FinancialServiceAccount', 'ListedSecurity', 'Transaction'], 'materialized_entities': [], 'rationale': 'Represent associative, ownership, or subtype links through references or small embedded summaries because these links may connect reusable or independently managed entities.'}","{""candidate_id"": ""q10_create_account_holding_and_buy_transaction__g3__association_references"", ""query_name"": ""Q10_CreateAccountHoldingAndBuyTransaction"", ""g_class"": ""G3"", ""root_entity"": ""Person"", ""collection_name"": ""persons_with_references"", ""design_pattern"": ""association_references"", ""embedded_entities"": [], ""referenced_entities"": [""FinancialServiceAccount"", ""ListedSecurity"", ""Transaction""], ""materialized_entities"": [], ""rationale"": ""Represent associative, ownership, or subtype links through references or small embedded summaries because these links may connect reusable or independently managed entities.""}"
q10_create_account_holding_and_buy_transaction__g4__deep_nested_path,Q10_CreateAccountHoldingAndBuyTransaction,QG10,Update / insertion with relationship creation,insert,G4,Person,persons_deep_nested,deep_nested_path,deep_nested_document,primary,"['BuyTransaction', 'FinancialServiceAccount', 'Holding', 'ListedSecurity', 'Transaction']",[],[],5,0,0,1.0,0.932,0.2958825,ok,strong_read_candidate_high_update_pressure,Create a deep nested document following the query path because the query reaches entities at multiple conceptual depths.,"{'candidate_id': 'q10_create_account_holding_and_buy_transaction__g4__deep_nested_path', 'query_name': 'Q10_CreateAccountHoldingAndBuyTransaction', 'g_class': 'G4', 'root_entity': 'Person', 'collection_name': 'persons_deep_nested', 'design_pattern': 'deep_nested_document', 'embedded_entities': ['BuyTransaction', 'FinancialServiceAccount', 'Holding', 'ListedSecurity', 'Transaction'], 'referenced_entities': [], 'materialized_entities': [], 'rationale': 'Create a deep nested document following the query path because the query reaches entities at multiple conceptual depths.'}","{""candidate_id"": ""q10_create_account_holding_and_buy_transaction__g4__deep_nested_path"", ""query_name"": ""Q10_CreateAccountHoldingAndBuyTransaction"", ""g_class"": ""G4"", ""root_entity"": ""Person"", ""collection_name"": ""persons_deep_nested"", ""design_pattern"": ""deep_nested_document"", ""embedded_entities"": [""BuyTransaction"", ""FinancialServiceAccount"", ""Holding"", ""ListedSecurity"", ""Transaction""], ""referenced_entities"": [], ""materialized_entities"": [], ""rationale"": ""Create a deep nested document following the query path because the query reaches entities at multiple conceptual depths.""}"
q10_create_account_holding_and_buy_transaction__g5__shared_targets_as_references,Q10_CreateAccountHoldingAndBuyTransaction,QG10,Update / insertion with relationship creation,insert,G5,Person,persons_shared_refs,shared_targets_as_references,shared_target_reference_strategy,primary,['BuyTransaction'],"['FinancialServiceAccount', 'Holding', 'ListedSecurity', 'Transaction']",[],1,4,0,1.0,0.932,0.2958825,ok,strong_read_candidate_high_update_pressure,Use references for shared target entities to avoid excessive duplication when the same target is reused by many source entities.,"{'candidate_id': 'q10_create_account_holding_and_buy_transaction__g5__shared_targets_as_references', 'query_name': 'Q10_CreateAccountHoldingAndBuyTransaction', 'g_class': 'G5', 'root_entity': 'Person', 'collection_name': 'persons_shared_refs', 'design_pattern': 'shared_target_reference_strategy', 'embedded_entities': ['BuyTransaction'], 'referenced_entities': ['FinancialServiceAccount', 'Holding', 'ListedSecurity', 'Transaction'], 'materialized_entities': [], 'rationale': 'Use references for shared target entities to avoid excessive duplication when the same target is reused by many source entities.'}","{""candidate_id"": ""q10_create_account_holding_and_buy_transaction__g5__shared_targets_as_references"", ""query_name"": ""Q10_CreateAccountHoldingAndBuyTransaction"", ""g_class"": ""G5"", ""root_entity"": ""Person"", ""collection_name"": ""persons_shared_refs"", ""design_pattern"": ""shared_target_reference_strategy"", ""embedded_entities"": [""BuyTransaction""], ""referenced_entities"": [""FinancialServiceAccount"", ""Holding"", ""ListedSecurity"", ""Transaction""], ""materialized_entities"": [], ""rationale"": ""Use references for shared target entities to avoid excessive duplication when the same target is reused by many source entities.""}"
q10_create_account_holding_and_buy_transaction__g7__update_aware_references,Q10_CreateAccountHoldingAndBuyTransaction,QG10,Update / insertion with relationship creation,insert,G7,Person,persons_update_aware,update_aware_references,update_aware_reference_design,secondary_affected,[],"['Person', 'FinancialServiceAccount', 'Holding', 'ListedSecurity', 'Transaction', 'BuyTransaction']",[],0,6,0,1.0,0.932,0.2958825,ok,strong_read_candidate_high_update_pressure,Prefer references for update-volatile entities to reduce write amplification and document maintenance cost.,"{'candidate_id': 'q10_create_account_holding_and_buy_transaction__g7__update_aware_references', 'query_name': 'Q10_CreateAccountHoldingAndBuyTransaction', 'g_class': 'G7', 'root_entity': 'Person', 'collection_name': 'persons_update_aware', 'design_pattern': 'update_aware_reference_design', 'embedded_entities': [], 'referenced_entities': ['Person', 'FinancialServiceAccount', 'Holding', 'ListedSecurity', 'Transaction', 'BuyTransaction'], 'materialized_entities': [], 'rationale': 'Prefer references for update-volatile entities to reduce write amplification and document maintenance cost.'}","{""candidate_id"": ""q10_create_account_holding_and_buy_transaction__g7__update_aware_references"", ""query_name"": ""Q10_CreateAccountHoldingAndBuyTransaction"", ""g_class"": ""G7"", ""root_entity"": ""Person"", ""collection_name"": ""persons_update_aware"", ""design_pattern"": ""update_aware_reference_design"", ""embedded_entities"": [], ""referenced_entities"": [""Person"", ""FinancialServiceAccount"", ""Holding"", ""ListedSecurity"", ""Transaction"", ""BuyTransaction""], ""materialized_entities"": [], ""rationale"": ""Prefer references for update-volatile entities to reduce write amplification and document maintenance cost.""}"
q10_create_account_holding_and_buy_transaction__g9__tradeoff_benchmark_candidate,Q10_CreateAccountHoldingAndBuyTransaction,QG10,Update / insertion with relationship creation,insert,G9,Person,persons_tradeoff,tradeoff_benchmark_candidate,benchmark_tradeoff_alternative,secondary_affected,[],"['FinancialServiceAccount', 'Holding', 'ListedSecurity', 'Transaction', 'Person', 'BuyTransaction']",[],0,6,0,1.0,0.932,0.2958825,ok,strong_read_candidate_high_update_pressure,"Generate a benchmark-required trade-off candidate because the query has read-reduction potential together with update pressure, sharedness pressure, or mapping uncertainty.","{'candidate_id': 'q10_create_account_holding_and_buy_transaction__g9__tradeoff_benchmark_candidate', 'query_name': 'Q10_CreateAccountHoldingAndBuyTransaction', 'g_class': 'G9', 'root_entity': 'Person', 'collection_name': 'persons_tradeoff', 'design_pattern': 'benchmark_tradeoff_alternative', 'embedded_entities': [], 'referenced_entities': ['FinancialServiceAccount', 'Holding', 'ListedSecurity', 'Transaction', 'Person', 'BuyTransaction'], 'materialized_entities': [], 'rationale': 'Generate a benchmark-required trade-off candidate because the query has read-reduction potential together with update pressure, sharedness pressure, or mapping uncertainty.'}","{""candidate_id"": ""q10_create_account_holding_and_buy_transaction__g9__tradeoff_benchmark_candidate"", ""query_name"": ""Q10_CreateAccountHoldingAndBuyTransaction"", ""g_class"": ""G9"", ""root_entity"": ""Person"", ""collection_name"": ""persons_tradeoff"", ""design_pattern"": ""benchmark_tradeoff_alternative"", ""embedded_entities"": [], ""referenced_entities"": [""FinancialServiceAccount"", ""Holding"", ""ListedSecurity"", ""Transaction"", ""Person"", ""BuyTransaction""], ""materialized_entities"": [], ""rationale"": ""Generate a benchmark-required trade-off candidate because the query has read-reduction potential together with update pressure, sharedness pressure, or mapping uncertainty.""}"
q1_company_profile_ibm__control__normalized_reference_baseline,Q1_CompanyProfileIBM,QG1,Local lookup,select,CONTROL,Corporation,corporations_normalized_baseline,normalized_reference_baseline,normalized_reference_baseline,control,[],[],[],0,0,0,0.0,0.0,0.0,ok,low_overall_design_pressure,Control configuration. Keep related entities as independent collections connected by references.,"{'candidate_id': 'q1_company_profile_ibm__control__normalized_reference_baseline', 'query_name': 'Q1_CompanyProfileIBM', 'g_class': 'CONTROL', 'root_entity': 'Corporation', 'collection_name': 'corporations_normalized_baseline', 'design_pattern': 'normalized_reference_baseline', 'embedded_entities': [], 'referenced_entities': [], 'materialized_entities': [], 'rationale': 'Control configuration. Keep related entities as independent collections connected by references.'}","{""candidate_id"": ""q1_company_profile_ibm__control__normalized_reference_baseline"", ""query_name"": ""Q1_CompanyProfileIBM"", ""g_class"": ""CONTROL"", ""root_entity"": ""Corporation"", ""collection_name"": ""corporations_normalized_baseline"", ""design_pattern"": ""normalized_reference_baseline"", ""embedded_entities"": [], ""referenced_entities"": [], ""materialized_entities"": [], ""rationale"": ""Control configuration. Keep related entities as independent collections connected by references.""}"
q1_company_profile_ibm__g0__root_only,Q1_CompanyProfileIBM,QG1,Local lookup,select,G0,Corporation,corporations,root_only,root_only_collection,control,[],[],[],0,0,0,0.0,0.0,0.0,ok,low_overall_design_pressure,Use a simple root collection because the query has no relationship traversal or no relevant relationship-reduction need.,"{'candidate_id': 'q1_company_profile_ibm__g0__root_only', 'query_name': 'Q1_CompanyProfileIBM', 'g_class': 'G0', 'root_entity': 'Corporation', 'collection_name': 'corporations', 'design_pattern': 'root_only_collection', 'embedded_entities': [], 'referenced_entities': [], 'materialized_entities': [], 'rationale': 'Use a simple root collection because the query has no relationship traversal or no relevant relationship-reduction need.'}","{""candidate_id"": ""q1_company_profile_ibm__g0__root_only"", ""query_name"": ""Q1_CompanyProfileIBM"", ""g_class"": ""G0"", ""root_entity"": ""Corporation"", ""collection_name"": ""corporations"", ""design_pattern"": ""root_only_collection"", ""embedded_entities"": [], ""referenced_entities"": [], ""materialized_entities"": [], ""rationale"": ""Use a simple root collection because the query has no relationship traversal or no relevant relationship-reduction need.""}"
q2_company_with_industry_country_and_listed_securities__control__normalized_reference_baseline,Q2_CompanyWithIndustryCountryAndListedSecurities,QG2,Shallow rooted retrieval,select,CONTROL,Corporation,corporations_normalized_baseline,normalized_reference_baseline,normalized_reference_baseline,control,[],"['Industry', 'Country', 'ListedSecurity']",[],0,3,0,1.0,0.36299999999999993,0.2974182444061962,needs_review_no_observed_match,strong_read_candidate_low_maintenance_pressure,Control configuration. Keep related entities as independent collections connected by references.,"{'candidate_id': 'q2_company_with_industry_country_and_listed_securities__control__normalized_reference_baseline', 'query_name': 'Q2_CompanyWithIndustryCountryAndListedSecurities', 'g_class': 'CONTROL', 'root_entity': 'Corporation', 'collection_name': 'corporations_normalized_baseline', 'design_pattern': 'normalized_reference_baseline', 'embedded_entities': [], 'referenced_entities': ['Industry', 'Country', 'ListedSecurity'], 'materialized_entities': [], 'rationale': 'Control configuration. Keep related entities as independent collections connected by references.'}","{""candidate_id"": ""q2_company_with_industry_country_and_listed_securities__control__normalized_reference_baseline"", ""query_name"": ""Q2_CompanyWithIndustryCountryAndListedSecurities"", ""g_class"": ""CONTROL"", ""root_entity"": ""Corporation"", ""collection_name"": ""corporations_normalized_baseline"", ""design_pattern"": ""normalized_reference_baseline"", ""embedded_entities"": [], ""referenced_entities"": [""Industry"", ""Country"", ""ListedSecurity""], ""materialized_entities"": [], ""rationale"": ""Control configuration. Keep related entities as independent collections connected by references.""}"
q2_company_with_industry_country_and_listed_securities__g1__embed_descriptors,Q2_CompanyWithIndustryCountryAndListedSecurities,QG2,Shallow rooted retrieval,select,G1,Corporation,corporations_with_descriptors,embed_descriptors,embedded_descriptors,primary,"['Industry', 'Country']",[],[],2,0,0,1.0,0.36299999999999993,0.2974182444061962,needs_review_no_observed_match,strong_read_candidate_low_maintenance_pressure,Embed descriptor entities close to the root because descriptor relationships are covered by the selected document depth.,"{'candidate_id': 'q2_company_with_industry_country_and_listed_securities__g1__embed_descriptors', 'query_name': 'Q2_CompanyWithIndustryCountryAndListedSecurities', 'g_class': 'G1', 'root_entity': 'Corporation', 'collection_name': 'corporations_with_descriptors', 'design_pattern': 'embedded_descriptors', 'embedded_entities': ['Industry', 'Country'], 'referenced_entities': [], 'materialized_entities': [], 'rationale': 'Embed descriptor entities close to the root because descriptor relationships are covered by the selected document depth.'}","{""candidate_id"": ""q2_company_with_industry_country_and_listed_securities__g1__embed_descriptors"", ""query_name"": ""Q2_CompanyWithIndustryCountryAndListedSecurities"", ""g_class"": ""G1"", ""root_entity"": ""Corporation"", ""collection_name"": ""corporations_with_descriptors"", ""design_pattern"": ""embedded_descriptors"", ""embedded_entities"": [""Industry"", ""Country""], ""referenced_entities"": [], ""materialized_entities"": [], ""rationale"": ""Embed descriptor entities close to the root because descriptor relationships are covered by the selected document depth.""}"
q2_company_with_industry_country_and_listed_securities__g3__association_references,Q2_CompanyWithIndustryCountryAndListedSecurities,QG2,Shallow rooted retrieval,select,G3,Corporation,corporations_with_references,association_references,association_references,primary,[],['ListedSecurity'],[],0,1,0,1.0,0.36299999999999993,0.2974182444061962,needs_review_no_observed_match,strong_read_candidate_low_maintenance_pressure,"Represent associative, ownership, or subtype links through references or small embedded summaries because these links may connect reusable or independently managed entities.","{'candidate_id': 'q2_company_with_industry_country_and_listed_securities__g3__association_references', 'query_name': 'Q2_CompanyWithIndustryCountryAndListedSecurities', 'g_class': 'G3', 'root_entity': 'Corporation', 'collection_name': 'corporations_with_references', 'design_pattern': 'association_references', 'embedded_entities': [], 'referenced_entities': ['ListedSecurity'], 'materialized_entities': [], 'rationale': 'Represent associative, ownership, or subtype links through references or small embedded summaries because these links may connect reusable or independently managed entities.'}","{""candidate_id"": ""q2_company_with_industry_country_and_listed_securities__g3__association_references"", ""query_name"": ""Q2_CompanyWithIndustryCountryAndListedSecurities"", ""g_class"": ""G3"", ""root_entity"": ""Corporation"", ""collection_name"": ""corporations_with_references"", ""design_pattern"": ""association_references"", ""embedded_entities"": [], ""referenced_entities"": [""ListedSecurity""], ""materialized_entities"": [], ""rationale"": ""Represent associative, ownership, or subtype links through references or small embedded summaries because these links may connect reusable or independently managed entities.""}"
q2_company_with_industry_country_and_listed_securities__g5__shared_targets_as_references,Q2_CompanyWithIndustryCountryAndListedSecurities,QG2,Shallow rooted retrieval,select,G5,Corporation,corporations_shared_refs,shared_targets_as_references,shared_target_reference_strategy,primary,[],"['Country', 'Industry', 'ListedSecurity']",[],0,3,0,1.0,0.36299999999999993,0.2974182444061962,needs_review_no_observed_match,strong_read_candidate_low_maintenance_pressure,Use references for shared target entities to avoid excessive duplication when the same target is reused by many source entities.,"{'candidate_id': 'q2_company_with_industry_country_and_listed_securities__g5__shared_targets_as_references', 'query_name': 'Q2_CompanyWithIndustryCountryAndListedSecurities', 'g_class': 'G5', 'root_entity': 'Corporation', 'collection_name': 'corporations_shared_refs', 'design_pattern': 'shared_target_reference_strategy', 'embedded_entities': [], 'referenced_entities': ['Country', 'Industry', 'ListedSecurity'], 'materialized_entities': [], 'rationale': 'Use references for shared target entities to avoid excessive duplication when the same target is reused by many source entities.'}","{""candidate_id"": ""q2_company_with_industry_country_and_listed_securities__g5__shared_targets_as_references"", ""query_name"": ""Q2_CompanyWithIndustryCountryAndListedSecurities"", ""g_class"": ""G5"", ""root_entity"": ""Corporation"", ""collection_name"": ""corporations_shared_refs"", ""design_pattern"": ""shared_target_reference_strategy"", ""embedded_entities"": [], ""referenced_entities"": [""Country"", ""Industry"", ""ListedSecurity""], ""materialized_entities"": [], ""rationale"": ""Use references for shared target entities to avoid excessive duplication when the same target is reused by many source entities.""}"
q2_company_with_industry_country_and_listed_securities__g7__update_aware_references,Q2_CompanyWithIndustryCountryAndListedSecurities,QG2,Shallow rooted retrieval,select,G7,Corporation,corporations_update_aware,update_aware_references,update_aware_reference_design,secondary_affected,"['Country', 'Industry']",['ListedSecurity'],[],2,1,0,1.0,0.36299999999999993,0.2974182444061962,needs_review_no_observed_match,strong_read_candidate_low_maintenance_pressure,Prefer references for update-volatile entities to reduce write amplification and document maintenance cost.,"{'candidate_id': 'q2_company_with_industry_country_and_listed_securities__g7__update_aware_references', 'query_name': 'Q2_CompanyWithIndustryCountryAndListedSecurities', 'g_class': 'G7', 'root_entity': 'Corporation', 'collection_name': 'corporations_update_aware', 'design_pattern': 'update_aware_reference_design', 'embedded_entities': ['Country', 'Industry'], 'referenced_entities': ['ListedSecurity'], 'materialized_entities': [], 'rationale': 'Prefer references for update-volatile entities to reduce write amplification and document maintenance cost.'}","{""candidate_id"": ""q2_company_with_industry_country_and_listed_securities__g7__update_aware_references"", ""query_name"": ""Q2_CompanyWithIndustryCountryAndListedSecurities"", ""g_class"": ""G7"", ""root_entity"": ""Corporation"", ""collection_name"": ""corporations_update_aware"", ""design_pattern"": ""update_aware_reference_design"", ""embedded_entities"": [""Country"", ""Industry""], ""referenced_entities"": [""ListedSecurity""], ""materialized_entities"": [], ""rationale"": ""Prefer references for update-volatile entities to reduce write amplification and document maintenance cost.""}"
q2_company_with_industry_country_and_listed_securities__g9__tradeoff_benchmark_candidate,Q2_CompanyWithIndustryCountryAndListedSecurities,QG2,Shallow rooted retrieval,select,G9,Corporation,corporations_tradeoff,tradeoff_benchmark_candidate,benchmark_tradeoff_alternative,secondary_affected,[],"['Country', 'Industry', 'ListedSecurity']",[],0,3,0,1.0,0.36299999999999993,0.2974182444061962,needs_review_no_observed_match,strong_read_candidate_low_maintenance_pressure,"Generate a benchmark-required trade-off candidate because the query has read-reduction potential together with update pressure, sharedness pressure, or mapping uncertainty.","{'candidate_id': 'q2_company_with_industry_country_and_listed_securities__g9__tradeoff_benchmark_candidate', 'query_name': 'Q2_CompanyWithIndustryCountryAndListedSecurities', 'g_class': 'G9', 'root_entity': 'Corporation', 'collection_name': 'corporations_tradeoff', 'design_pattern': 'benchmark_tradeoff_alternative', 'embedded_entities': [], 'referenced_entities': ['Country', 'Industry', 'ListedSecurity'], 'materialized_entities': [], 'rationale': 'Generate a benchmark-required trade-off candidate because the query has read-reduction potential together with update pressure, sharedness pressure, or mapping uncertainty.'}","{""candidate_id"": ""q2_company_with_industry_country_and_listed_securities__g9__tradeoff_benchmark_candidate"", ""query_name"": ""Q2_CompanyWithIndustryCountryAndListedSecurities"", ""g_class"": ""G9"", ""root_entity"": ""Corporation"", ""collection_name"": ""corporations_tradeoff"", ""design_pattern"": ""benchmark_tradeoff_alternative"", ""embedded_entities"": [], ""referenced_entities"": [""Country"", ""Industry"", ""ListedSecurity""], ""materialized_entities"": [], ""rationale"": ""Generate a benchmark-required trade-off candidate because the query has read-reduction potential together with update pressure, sharedness pressure, or mapping uncertainty.""}"
q3_securities_held_in_each_financial_service_account__control__normalized_reference_baseline,Q3_SecuritiesHeldInEachFinancialServiceAccount,QG3,Associative retrieval,select,CONTROL,FinancialServiceAccount,financial_service_accounts_normalized_baseline,normalized_reference_baseline,normalized_reference_baseline,control,[],"['Holding', 'ListedSecurity', 'Security']",[],0,3,0,1.0,0.799,0.2958825,needs_review_no_observed_match,strong_read_candidate_high_update_pressure,Control configuration. Keep related entities as independent collections connected by references.,"{'candidate_id': 'q3_securities_held_in_each_financial_service_account__control__normalized_reference_baseline', 'query_name': 'Q3_SecuritiesHeldInEachFinancialServiceAccount', 'g_class': 'CONTROL', 'root_entity': 'FinancialServiceAccount', 'collection_name': 'financial_service_accounts_normalized_baseline', 'design_pattern': 'normalized_reference_baseline', 'embedded_entities': [], 'referenced_entities': ['Holding', 'ListedSecurity', 'Security'], 'materialized_entities': [], 'rationale': 'Control configuration. Keep related entities as independent collections connected by references.'}","{""candidate_id"": ""q3_securities_held_in_each_financial_service_account__control__normalized_reference_baseline"", ""query_name"": ""Q3_SecuritiesHeldInEachFinancialServiceAccount"", ""g_class"": ""CONTROL"", ""root_entity"": ""FinancialServiceAccount"", ""collection_name"": ""financial_service_accounts_normalized_baseline"", ""design_pattern"": ""normalized_reference_baseline"", ""embedded_entities"": [], ""referenced_entities"": [""Holding"", ""ListedSecurity"", ""Security""], ""materialized_entities"": [], ""rationale"": ""Control configuration. Keep related entities as independent collections connected by references.""}"
q3_securities_held_in_each_financial_service_account__g2__embed_containment_children,Q3_SecuritiesHeldInEachFinancialServiceAccount,QG3,Associative retrieval,select,G2,FinancialServiceAccount,financial_service_accounts_with_containment,embed_containment_children,embedded_containment,primary,['Holding'],[],[],1,0,0,1.0,0.799,0.2958825,needs_review_no_observed_match,strong_read_candidate_high_update_pressure,Embed containment children because the query follows containment paths that can be represented as nested arrays or subdocuments.,"{'candidate_id': 'q3_securities_held_in_each_financial_service_account__g2__embed_containment_children', 'query_name': 'Q3_SecuritiesHeldInEachFinancialServiceAccount', 'g_class': 'G2', 'root_entity': 'FinancialServiceAccount', 'collection_name': 'financial_service_accounts_with_containment', 'design_pattern': 'embedded_containment', 'embedded_entities': ['Holding'], 'referenced_entities': [], 'materialized_entities': [], 'rationale': 'Embed containment children because the query follows containment paths that can be represented as nested arrays or subdocuments.'}","{""candidate_id"": ""q3_securities_held_in_each_financial_service_account__g2__embed_containment_children"", ""query_name"": ""Q3_SecuritiesHeldInEachFinancialServiceAccount"", ""g_class"": ""G2"", ""root_entity"": ""FinancialServiceAccount"", ""collection_name"": ""financial_service_accounts_with_containment"", ""design_pattern"": ""embedded_containment"", ""embedded_entities"": [""Holding""], ""referenced_entities"": [], ""materialized_entities"": [], ""rationale"": ""Embed containment children because the query follows containment paths that can be represented as nested arrays or subdocuments.""}"
q3_securities_held_in_each_financial_service_account__g3__association_references,Q3_SecuritiesHeldInEachFinancialServiceAccount,QG3,Associative retrieval,select,G3,FinancialServiceAccount,financial_service_accounts_with_references,association_references,association_references,primary,[],"['Security', 'ListedSecurity']",[],0,2,0,1.0,0.799,0.2958825,needs_review_no_observed_match,strong_read_candidate_high_update_pressure,"Represent associative, ownership, or subtype links through references or small embedded summaries because these links may connect reusable or independently managed entities.","{'candidate_id': 'q3_securities_held_in_each_financial_service_account__g3__association_references', 'query_name': 'Q3_SecuritiesHeldInEachFinancialServiceAccount', 'g_class': 'G3', 'root_entity': 'FinancialServiceAccount', 'collection_name': 'financial_service_accounts_with_references', 'design_pattern': 'association_references', 'embedded_entities': [], 'referenced_entities': ['Security', 'ListedSecurity'], 'materialized_entities': [], 'rationale': 'Represent associative, ownership, or subtype links through references or small embedded summaries because these links may connect reusable or independently managed entities.'}","{""candidate_id"": ""q3_securities_held_in_each_financial_service_account__g3__association_references"", ""query_name"": ""Q3_SecuritiesHeldInEachFinancialServiceAccount"", ""g_class"": ""G3"", ""root_entity"": ""FinancialServiceAccount"", ""collection_name"": ""financial_service_accounts_with_references"", ""design_pattern"": ""association_references"", ""embedded_entities"": [], ""referenced_entities"": [""Security"", ""ListedSecurity""], ""materialized_entities"": [], ""rationale"": ""Represent associative, ownership, or subtype links through references or small embedded summaries because these links may connect reusable or independently managed entities.""}"
q3_securities_held_in_each_financial_service_account__g4__deep_nested_path,Q3_SecuritiesHeldInEachFinancialServiceAccount,QG3,Associative retrieval,select,G4,FinancialServiceAccount,financial_service_accounts_deep_nested,deep_nested_path,deep_nested_document,primary,"['Holding', 'ListedSecurity', 'Security']",[],[],3,0,0,1.0,0.799,0.2958825,needs_review_no_observed_match,strong_read_candidate_high_update_pressure,Create a deep nested document following the query path because the query reaches entities at multiple conceptual depths.,"{'candidate_id': 'q3_securities_held_in_each_financial_service_account__g4__deep_nested_path', 'query_name': 'Q3_SecuritiesHeldInEachFinancialServiceAccount', 'g_class': 'G4', 'root_entity': 'FinancialServiceAccount', 'collection_name': 'financial_service_accounts_deep_nested', 'design_pattern': 'deep_nested_document', 'embedded_entities': ['Holding', 'ListedSecurity', 'Security'], 'referenced_entities': [], 'materialized_entities': [], 'rationale': 'Create a deep nested document following the query path because the query reaches entities at multiple conceptual depths.'}","{""candidate_id"": ""q3_securities_held_in_each_financial_service_account__g4__deep_nested_path"", ""query_name"": ""Q3_SecuritiesHeldInEachFinancialServiceAccount"", ""g_class"": ""G4"", ""root_entity"": ""FinancialServiceAccount"", ""collection_name"": ""financial_service_accounts_deep_nested"", ""design_pattern"": ""deep_nested_document"", ""embedded_entities"": [""Holding"", ""ListedSecurity"", ""Security""], ""referenced_entities"": [], ""materialized_entities"": [], ""rationale"": ""Create a deep nested document following the query path because the query reaches entities at multiple conceptual depths.""}"
q3_securities_held_in_each_financial_service_account__g5__shared_targets_as_references,Q3_SecuritiesHeldInEachFinancialServiceAccount,QG3,Associative retrieval,select,G5,FinancialServiceAccount,financial_service_accounts_shared_refs,shared_targets_as_references,shared_target_reference_strategy,primary,[],"['Holding', 'ListedSecurity', 'Security']",[],0,3,0,1.0,0.799,0.2958825,needs_review_no_observed_match,strong_read_candidate_high_update_pressure,Use references for shared target entities to avoid excessive duplication when the same target is reused by many source entities.,"{'candidate_id': 'q3_securities_held_in_each_financial_service_account__g5__shared_targets_as_references', 'query_name': 'Q3_SecuritiesHeldInEachFinancialServiceAccount', 'g_class': 'G5', 'root_entity': 'FinancialServiceAccount', 'collection_name': 'financial_service_accounts_shared_refs', 'design_pattern': 'shared_target_reference_strategy', 'embedded_entities': [], 'referenced_entities': ['Holding', 'ListedSecurity', 'Security'], 'materialized_entities': [], 'rationale': 'Use references for shared target entities to avoid excessive duplication when the same target is reused by many source entities.'}","{""candidate_id"": ""q3_securities_held_in_each_financial_service_account__g5__shared_targets_as_references"", ""query_name"": ""Q3_SecuritiesHeldInEachFinancialServiceAccount"", ""g_class"": ""G5"", ""root_entity"": ""FinancialServiceAccount"", ""collection_name"": ""financial_service_accounts_shared_refs"", ""design_pattern"": ""shared_target_reference_strategy"", ""embedded_entities"": [], ""referenced_entities"": [""Holding"", ""ListedSecurity"", ""Security""], ""materialized_entities"": [], ""rationale"": ""Use references for shared target entities to avoid excessive duplication when the same target is reused by many source entities.""}"
q3_securities_held_in_each_financial_service_account__g7__update_aware_references,Q3_SecuritiesHeldInEachFinancialServiceAccount,QG3,Associative retrieval,select,G7,FinancialServiceAccount,financial_service_accounts_update_aware,update_aware_references,update_aware_reference_design,secondary_affected,['Security'],"['FinancialServiceAccount', 'Holding', 'ListedSecurity']",[],1,3,0,1.0,0.799,0.2958825,needs_review_no_observed_match,strong_read_candidate_high_update_pressure,Prefer references for update-volatile entities to reduce write amplification and document maintenance cost.,"{'candidate_id': 'q3_securities_held_in_each_financial_service_account__g7__update_aware_references', 'query_name': 'Q3_SecuritiesHeldInEachFinancialServiceAccount', 'g_class': 'G7', 'root_entity': 'FinancialServiceAccount', 'collection_name': 'financial_service_accounts_update_aware', 'design_pattern': 'update_aware_reference_design', 'embedded_entities': ['Security'], 'referenced_entities': ['FinancialServiceAccount', 'Holding', 'ListedSecurity'], 'materialized_entities': [], 'rationale': 'Prefer references for update-volatile entities to reduce write amplification and document maintenance cost.'}","{""candidate_id"": ""q3_securities_held_in_each_financial_service_account__g7__update_aware_references"", ""query_name"": ""Q3_SecuritiesHeldInEachFinancialServiceAccount"", ""g_class"": ""G7"", ""root_entity"": ""FinancialServiceAccount"", ""collection_name"": ""financial_service_accounts_update_aware"", ""design_pattern"": ""update_aware_reference_design"", ""embedded_entities"": [""Security""], ""referenced_entities"": [""FinancialServiceAccount"", ""Holding"", ""ListedSecurity""], ""materialized_entities"": [], ""rationale"": ""Prefer references for update-volatile entities to reduce write amplification and document maintenance cost.""}"
q3_securities_held_in_each_financial_service_account__g9__tradeoff_benchmark_candidate,Q3_SecuritiesHeldInEachFinancialServiceAccount,QG3,Associative retrieval,select,G9,FinancialServiceAccount,financial_service_accounts_tradeoff,tradeoff_benchmark_candidate,benchmark_tradeoff_alternative,secondary_affected,[],"['Holding', 'ListedSecurity', 'Security', 'FinancialServiceAccount']",[],0,4,0,1.0,0.799,0.2958825,needs_review_no_observed_match,strong_read_candidate_high_update_pressure,"Generate a benchmark-required trade-off candidate because the query has read-reduction potential together with update pressure, sharedness pressure, or mapping uncertainty.","{'candidate_id': 'q3_securities_held_in_each_financial_service_account__g9__tradeoff_benchmark_candidate', 'query_name': 'Q3_SecuritiesHeldInEachFinancialServiceAccount', 'g_class': 'G9', 'root_entity': 'FinancialServiceAccount', 'collection_name': 'financial_service_accounts_tradeoff', 'design_pattern': 'benchmark_tradeoff_alternative', 'embedded_entities': [], 'referenced_entities': ['Holding', 'ListedSecurity', 'Security', 'FinancialServiceAccount'], 'materialized_entities': [], 'rationale': 'Generate a benchmark-required trade-off candidate because the query has read-reduction potential together with update pressure, sharedness pressure, or mapping uncertainty.'}","{""candidate_id"": ""q3_securities_held_in_each_financial_service_account__g9__tradeoff_benchmark_candidate"", ""query_name"": ""Q3_SecuritiesHeldInEachFinancialServiceAccount"", ""g_class"": ""G9"", ""root_entity"": ""FinancialServiceAccount"", ""collection_name"": ""financial_service_accounts_tradeoff"", ""design_pattern"": ""benchmark_tradeoff_alternative"", ""embedded_entities"": [], ""referenced_entities"": [""Holding"", ""ListedSecurity"", ""Security"", ""FinancialServiceAccount""], ""materialized_entities"": [], ""rationale"": ""Generate a benchmark-required trade-off candidate because the query has read-reduction potential together with update pressure, sharedness pressure, or mapping uncertainty.""}"
q4_companies_reached_from_person_through_account_holding_listed_security__control__normalized_reference_baseline,Q4_CompaniesReachedFromPersonThroughAccountHoldingListedSecurity,QG4,Deep traversal,select,CONTROL,Person,persons_normalized_baseline,normalized_reference_baseline,normalized_reference_baseline,control,[],"['FinancialServiceAccount', 'Holding', 'ListedSecurity', 'Corporation']",[],0,4,0,1.0,0.7984,0.2958825,needs_review_no_observed_match,strong_read_candidate_high_update_pressure,Control configuration. Keep related entities as independent collections connected by references.,"{'candidate_id': 'q4_companies_reached_from_person_through_account_holding_listed_security__control__normalized_reference_baseline', 'query_name': 'Q4_CompaniesReachedFromPersonThroughAccountHoldingListedSecurity', 'g_class': 'CONTROL', 'root_entity': 'Person', 'collection_name': 'persons_normalized_baseline', 'design_pattern': 'normalized_reference_baseline', 'embedded_entities': [], 'referenced_entities': ['FinancialServiceAccount', 'Holding', 'ListedSecurity', 'Corporation'], 'materialized_entities': [], 'rationale': 'Control configuration. Keep related entities as independent collections connected by references.'}","{""candidate_id"": ""q4_companies_reached_from_person_through_account_holding_listed_security__control__normalized_reference_baseline"", ""query_name"": ""Q4_CompaniesReachedFromPersonThroughAccountHoldingListedSecurity"", ""g_class"": ""CONTROL"", ""root_entity"": ""Person"", ""collection_name"": ""persons_normalized_baseline"", ""design_pattern"": ""normalized_reference_baseline"", ""embedded_entities"": [], ""referenced_entities"": [""FinancialServiceAccount"", ""Holding"", ""ListedSecurity"", ""Corporation""], ""materialized_entities"": [], ""rationale"": ""Control configuration. Keep related entities as independent collections connected by references.""}"
q4_companies_reached_from_person_through_account_holding_listed_security__g2__embed_containment_children,Q4_CompaniesReachedFromPersonThroughAccountHoldingListedSecurity,QG4,Deep traversal,select,G2,Person,persons_with_containment,embed_containment_children,embedded_containment,primary,['Holding'],[],[],1,0,0,1.0,0.7984,0.2958825,needs_review_no_observed_match,strong_read_candidate_high_update_pressure,Embed containment children because the query follows containment paths that can be represented as nested arrays or subdocuments.,"{'candidate_id': 'q4_companies_reached_from_person_through_account_holding_listed_security__g2__embed_containment_children', 'query_name': 'Q4_CompaniesReachedFromPersonThroughAccountHoldingListedSecurity', 'g_class': 'G2', 'root_entity': 'Person', 'collection_name': 'persons_with_containment', 'design_pattern': 'embedded_containment', 'embedded_entities': ['Holding'], 'referenced_entities': [], 'materialized_entities': [], 'rationale': 'Embed containment children because the query follows containment paths that can be represented as nested arrays or subdocuments.'}","{""candidate_id"": ""q4_companies_reached_from_person_through_account_holding_listed_security__g2__embed_containment_children"", ""query_name"": ""Q4_CompaniesReachedFromPersonThroughAccountHoldingListedSecurity"", ""g_class"": ""G2"", ""root_entity"": ""Person"", ""collection_name"": ""persons_with_containment"", ""design_pattern"": ""embedded_containment"", ""embedded_entities"": [""Holding""], ""referenced_entities"": [], ""materialized_entities"": [], ""rationale"": ""Embed containment children because the query follows containment paths that can be represented as nested arrays or subdocuments.""}"
q4_companies_reached_from_person_through_account_holding_listed_security__g3__association_references,Q4_CompaniesReachedFromPersonThroughAccountHoldingListedSecurity,QG4,Deep traversal,select,G3,Person,persons_with_references,association_references,association_references,primary,[],"['ListedSecurity', 'FinancialServiceAccount']",[],0,2,0,1.0,0.7984,0.2958825,needs_review_no_observed_match,strong_read_candidate_high_update_pressure,"Represent associative, ownership, or subtype links through references or small embedded summaries because these links may connect reusable or independently managed entities.","{'candidate_id': 'q4_companies_reached_from_person_through_account_holding_listed_security__g3__association_references', 'query_name': 'Q4_CompaniesReachedFromPersonThroughAccountHoldingListedSecurity', 'g_class': 'G3', 'root_entity': 'Person', 'collection_name': 'persons_with_references', 'design_pattern': 'association_references', 'embedded_entities': [], 'referenced_entities': ['ListedSecurity', 'FinancialServiceAccount'], 'materialized_entities': [], 'rationale': 'Represent associative, ownership, or subtype links through references or small embedded summaries because these links may connect reusable or independently managed entities.'}","{""candidate_id"": ""q4_companies_reached_from_person_through_account_holding_listed_security__g3__association_references"", ""query_name"": ""Q4_CompaniesReachedFromPersonThroughAccountHoldingListedSecurity"", ""g_class"": ""G3"", ""root_entity"": ""Person"", ""collection_name"": ""persons_with_references"", ""design_pattern"": ""association_references"", ""embedded_entities"": [], ""referenced_entities"": [""ListedSecurity"", ""FinancialServiceAccount""], ""materialized_entities"": [], ""rationale"": ""Represent associative, ownership, or subtype links through references or small embedded summaries because these links may connect reusable or independently managed entities.""}"
q4_companies_reached_from_person_through_account_holding_listed_security__g4__deep_nested_path,Q4_CompaniesReachedFromPersonThroughAccountHoldingListedSecurity,QG4,Deep traversal,select,G4,Person,persons_deep_nested,deep_nested_path,deep_nested_document,primary,"['Corporation', 'FinancialServiceAccount', 'Holding', 'ListedSecurity']",[],[],4,0,0,1.0,0.7984,0.2958825,needs_review_no_observed_match,strong_read_candidate_high_update_pressure,Create a deep nested document following the query path because the query reaches entities at multiple conceptual depths.,"{'candidate_id': 'q4_companies_reached_from_person_through_account_holding_listed_security__g4__deep_nested_path', 'query_name': 'Q4_CompaniesReachedFromPersonThroughAccountHoldingListedSecurity', 'g_class': 'G4', 'root_entity': 'Person', 'collection_name': 'persons_deep_nested', 'design_pattern': 'deep_nested_document', 'embedded_entities': ['Corporation', 'FinancialServiceAccount', 'Holding', 'ListedSecurity'], 'referenced_entities': [], 'materialized_entities': [], 'rationale': 'Create a deep nested document following the query path because the query reaches entities at multiple conceptual depths.'}","{""candidate_id"": ""q4_companies_reached_from_person_through_account_holding_listed_security__g4__deep_nested_path"", ""query_name"": ""Q4_CompaniesReachedFromPersonThroughAccountHoldingListedSecurity"", ""g_class"": ""G4"", ""root_entity"": ""Person"", ""collection_name"": ""persons_deep_nested"", ""design_pattern"": ""deep_nested_document"", ""embedded_entities"": [""Corporation"", ""FinancialServiceAccount"", ""Holding"", ""ListedSecurity""], ""referenced_entities"": [], ""materialized_entities"": [], ""rationale"": ""Create a deep nested document following the query path because the query reaches entities at multiple conceptual depths.""}"
q4_companies_reached_from_person_through_account_holding_listed_security__g5__shared_targets_as_references,Q4_CompaniesReachedFromPersonThroughAccountHoldingListedSecurity,QG4,Deep traversal,select,G5,Person,persons_shared_refs,shared_targets_as_references,shared_target_reference_strategy,primary,['Corporation'],"['FinancialServiceAccount', 'Holding', 'ListedSecurity']",[],1,3,0,1.0,0.7984,0.2958825,needs_review_no_observed_match,strong_read_candidate_high_update_pressure,Use references for shared target entities to avoid excessive duplication when the same target is reused by many source entities.,"{'candidate_id': 'q4_companies_reached_from_person_through_account_holding_listed_security__g5__shared_targets_as_references', 'query_name': 'Q4_CompaniesReachedFromPersonThroughAccountHoldingListedSecurity', 'g_class': 'G5', 'root_entity': 'Person', 'collection_name': 'persons_shared_refs', 'design_pattern': 'shared_target_reference_strategy', 'embedded_entities': ['Corporation'], 'referenced_entities': ['FinancialServiceAccount', 'Holding', 'ListedSecurity'], 'materialized_entities': [], 'rationale': 'Use references for shared target entities to avoid excessive duplication when the same target is reused by many source entities.'}","{""candidate_id"": ""q4_companies_reached_from_person_through_account_holding_listed_security__g5__shared_targets_as_references"", ""query_name"": ""Q4_CompaniesReachedFromPersonThroughAccountHoldingListedSecurity"", ""g_class"": ""G5"", ""root_entity"": ""Person"", ""collection_name"": ""persons_shared_refs"", ""design_pattern"": ""shared_target_reference_strategy"", ""embedded_entities"": [""Corporation""], ""referenced_entities"": [""FinancialServiceAccount"", ""Holding"", ""ListedSecurity""], ""materialized_entities"": [], ""rationale"": ""Use references for shared target entities to avoid excessive duplication when the same target is reused by many source entities.""}"
q4_companies_reached_from_person_through_account_holding_listed_security__g7__update_aware_references,Q4_CompaniesReachedFromPersonThroughAccountHoldingListedSecurity,QG4,Deep traversal,select,G7,Person,persons_update_aware,update_aware_references,update_aware_reference_design,secondary_affected,['Corporation'],"['Person', 'FinancialServiceAccount', 'Holding', 'ListedSecurity']",[],1,4,0,1.0,0.7984,0.2958825,needs_review_no_observed_match,strong_read_candidate_high_update_pressure,Prefer references for update-volatile entities to reduce write amplification and document maintenance cost.,"{'candidate_id': 'q4_companies_reached_from_person_through_account_holding_listed_security__g7__update_aware_references', 'query_name': 'Q4_CompaniesReachedFromPersonThroughAccountHoldingListedSecurity', 'g_class': 'G7', 'root_entity': 'Person', 'collection_name': 'persons_update_aware', 'design_pattern': 'update_aware_reference_design', 'embedded_entities': ['Corporation'], 'referenced_entities': ['Person', 'FinancialServiceAccount', 'Holding', 'ListedSecurity'], 'materialized_entities': [], 'rationale': 'Prefer references for update-volatile entities to reduce write amplification and document maintenance cost.'}","{""candidate_id"": ""q4_companies_reached_from_person_through_account_holding_listed_security__g7__update_aware_references"", ""query_name"": ""Q4_CompaniesReachedFromPersonThroughAccountHoldingListedSecurity"", ""g_class"": ""G7"", ""root_entity"": ""Person"", ""collection_name"": ""persons_update_aware"", ""design_pattern"": ""update_aware_reference_design"", ""embedded_entities"": [""Corporation""], ""referenced_entities"": [""Person"", ""FinancialServiceAccount"", ""Holding"", ""ListedSecurity""], ""materialized_entities"": [], ""rationale"": ""Prefer references for update-volatile entities to reduce write amplification and document maintenance cost.""}"
q4_companies_reached_from_person_through_account_holding_listed_security__g9__tradeoff_benchmark_candidate,Q4_CompaniesReachedFromPersonThroughAccountHoldingListedSecurity,QG4,Deep traversal,select,G9,Person,persons_tradeoff,tradeoff_benchmark_candidate,benchmark_tradeoff_alternative,secondary_affected,['Corporation'],"['FinancialServiceAccount', 'Holding', 'ListedSecurity', 'Person']",[],1,4,0,1.0,0.7984,0.2958825,needs_review_no_observed_match,strong_read_candidate_high_update_pressure,"Generate a benchmark-required trade-off candidate because the query has read-reduction potential together with update pressure, sharedness pressure, or mapping uncertainty.","{'candidate_id': 'q4_companies_reached_from_person_through_account_holding_listed_security__g9__tradeoff_benchmark_candidate', 'query_name': 'Q4_CompaniesReachedFromPersonThroughAccountHoldingListedSecurity', 'g_class': 'G9', 'root_entity': 'Person', 'collection_name': 'persons_tradeoff', 'design_pattern': 'benchmark_tradeoff_alternative', 'embedded_entities': ['Corporation'], 'referenced_entities': ['FinancialServiceAccount', 'Holding', 'ListedSecurity', 'Person'], 'materialized_entities': [], 'rationale': 'Generate a benchmark-required trade-off candidate because the query has read-reduction potential together with update pressure, sharedness pressure, or mapping uncertainty.'}","{""candidate_id"": ""q4_companies_reached_from_person_through_account_holding_listed_security__g9__tradeoff_benchmark_candidate"", ""query_name"": ""Q4_CompaniesReachedFromPersonThroughAccountHoldingListedSecurity"", ""g_class"": ""G9"", ""root_entity"": ""Person"", ""collection_name"": ""persons_tradeoff"", ""design_pattern"": ""benchmark_tradeoff_alternative"", ""embedded_entities"": [""Corporation""], ""referenced_entities"": [""FinancialServiceAccount"", ""Holding"", ""ListedSecurity"", ""Person""], ""materialized_entities"": [], ""rationale"": ""Generate a benchmark-required trade-off candidate because the query has read-reduction potential together with update pressure, sharedness pressure, or mapping uncertainty.""}"
q5_reports_and_metric_data_of_company__control__normalized_reference_baseline,Q5_ReportsAndMetricDataOfCompany,QG5,Containment retrieval,select,CONTROL,Corporation,corporations_normalized_baseline,normalized_reference_baseline,normalized_reference_baseline,control,[],"['FinancialReport', 'ReportElement', 'StatementElement', 'Disclosure']",[],0,4,0,1.0,0.0,0.29462099999999997,needs_review_no_observed_match,strong_read_candidate_low_maintenance_pressure,Control configuration. Keep related entities as independent collections connected by references.,"{'candidate_id': 'q5_reports_and_metric_data_of_company__control__normalized_reference_baseline', 'query_name': 'Q5_ReportsAndMetricDataOfCompany', 'g_class': 'CONTROL', 'root_entity': 'Corporation', 'collection_name': 'corporations_normalized_baseline', 'design_pattern': 'normalized_reference_baseline', 'embedded_entities': [], 'referenced_entities': ['FinancialReport', 'ReportElement', 'StatementElement', 'Disclosure'], 'materialized_entities': [], 'rationale': 'Control configuration. Keep related entities as independent collections connected by references.'}","{""candidate_id"": ""q5_reports_and_metric_data_of_company__control__normalized_reference_baseline"", ""query_name"": ""Q5_ReportsAndMetricDataOfCompany"", ""g_class"": ""CONTROL"", ""root_entity"": ""Corporation"", ""collection_name"": ""corporations_normalized_baseline"", ""design_pattern"": ""normalized_reference_baseline"", ""embedded_entities"": [], ""referenced_entities"": [""FinancialReport"", ""ReportElement"", ""StatementElement"", ""Disclosure""], ""materialized_entities"": [], ""rationale"": ""Control configuration. Keep related entities as independent collections connected by references.""}"
q5_reports_and_metric_data_of_company__g2__embed_containment_children,Q5_ReportsAndMetricDataOfCompany,QG5,Containment retrieval,select,G2,Corporation,corporations_with_containment,embed_containment_children,embedded_containment,primary,"['FinancialReport', 'ReportElement', 'StatementElement', 'Disclosure']",[],[],4,0,0,1.0,0.0,0.29462099999999997,needs_review_no_observed_match,strong_read_candidate_low_maintenance_pressure,Embed containment children because the query follows containment paths that can be represented as nested arrays or subdocuments.,"{'candidate_id': 'q5_reports_and_metric_data_of_company__g2__embed_containment_children', 'query_name': 'Q5_ReportsAndMetricDataOfCompany', 'g_class': 'G2', 'root_entity': 'Corporation', 'collection_name': 'corporations_with_containment', 'design_pattern': 'embedded_containment', 'embedded_entities': ['FinancialReport', 'ReportElement', 'StatementElement', 'Disclosure'], 'referenced_entities': [], 'materialized_entities': [], 'rationale': 'Embed containment children because the query follows containment paths that can be represented as nested arrays or subdocuments.'}","{""candidate_id"": ""q5_reports_and_metric_data_of_company__g2__embed_containment_children"", ""query_name"": ""Q5_ReportsAndMetricDataOfCompany"", ""g_class"": ""G2"", ""root_entity"": ""Corporation"", ""collection_name"": ""corporations_with_containment"", ""design_pattern"": ""embedded_containment"", ""embedded_entities"": [""FinancialReport"", ""ReportElement"", ""StatementElement"", ""Disclosure""], ""referenced_entities"": [], ""materialized_entities"": [], ""rationale"": ""Embed containment children because the query follows containment paths that can be represented as nested arrays or subdocuments.""}"
q5_reports_and_metric_data_of_company__g4__deep_nested_path,Q5_ReportsAndMetricDataOfCompany,QG5,Containment retrieval,select,G4,Corporation,corporations_deep_nested,deep_nested_path,deep_nested_document,primary,"['Disclosure', 'FinancialReport', 'ReportElement', 'StatementElement']",[],[],4,0,0,1.0,0.0,0.29462099999999997,needs_review_no_observed_match,strong_read_candidate_low_maintenance_pressure,Create a deep nested document following the query path because the query reaches entities at multiple conceptual depths.,"{'candidate_id': 'q5_reports_and_metric_data_of_company__g4__deep_nested_path', 'query_name': 'Q5_ReportsAndMetricDataOfCompany', 'g_class': 'G4', 'root_entity': 'Corporation', 'collection_name': 'corporations_deep_nested', 'design_pattern': 'deep_nested_document', 'embedded_entities': ['Disclosure', 'FinancialReport', 'ReportElement', 'StatementElement'], 'referenced_entities': [], 'materialized_entities': [], 'rationale': 'Create a deep nested document following the query path because the query reaches entities at multiple conceptual depths.'}","{""candidate_id"": ""q5_reports_and_metric_data_of_company__g4__deep_nested_path"", ""query_name"": ""Q5_ReportsAndMetricDataOfCompany"", ""g_class"": ""G4"", ""root_entity"": ""Corporation"", ""collection_name"": ""corporations_deep_nested"", ""design_pattern"": ""deep_nested_document"", ""embedded_entities"": [""Disclosure"", ""FinancialReport"", ""ReportElement"", ""StatementElement""], ""referenced_entities"": [], ""materialized_entities"": [], ""rationale"": ""Create a deep nested document following the query path because the query reaches entities at multiple conceptual depths.""}"
q5_reports_and_metric_data_of_company__g9__tradeoff_benchmark_candidate,Q5_ReportsAndMetricDataOfCompany,QG5,Containment retrieval,select,G9,Corporation,corporations_tradeoff,tradeoff_benchmark_candidate,benchmark_tradeoff_alternative,secondary_affected,[],"['Disclosure', 'FinancialReport', 'ReportElement', 'StatementElement']",[],0,4,0,1.0,0.0,0.29462099999999997,needs_review_no_observed_match,strong_read_candidate_low_maintenance_pressure,"Generate a benchmark-required trade-off candidate because the query has read-reduction potential together with update pressure, sharedness pressure, or mapping uncertainty.","{'candidate_id': 'q5_reports_and_metric_data_of_company__g9__tradeoff_benchmark_candidate', 'query_name': 'Q5_ReportsAndMetricDataOfCompany', 'g_class': 'G9', 'root_entity': 'Corporation', 'collection_name': 'corporations_tradeoff', 'design_pattern': 'benchmark_tradeoff_alternative', 'embedded_entities': [], 'referenced_entities': ['Disclosure', 'FinancialReport', 'ReportElement', 'StatementElement'], 'materialized_entities': [], 'rationale': 'Generate a benchmark-required trade-off candidate because the query has read-reduction potential together with update pressure, sharedness pressure, or mapping uncertainty.'}","{""candidate_id"": ""q5_reports_and_metric_data_of_company__g9__tradeoff_benchmark_candidate"", ""query_name"": ""Q5_ReportsAndMetricDataOfCompany"", ""g_class"": ""G9"", ""root_entity"": ""Corporation"", ""collection_name"": ""corporations_tradeoff"", ""design_pattern"": ""benchmark_tradeoff_alternative"", ""embedded_entities"": [], ""referenced_entities"": [""Disclosure"", ""FinancialReport"", ""ReportElement"", ""StatementElement""], ""materialized_entities"": [], ""rationale"": ""Generate a benchmark-required trade-off candidate because the query has read-reduction potential together with update pressure, sharedness pressure, or mapping uncertainty.""}"
q6_tech_uslisted_securities_with_high_last_traded_value__control__normalized_reference_baseline,Q6_TechUSListedSecuritiesWithHighLastTradedValue,QG6,Filtered search / recommendation,select,CONTROL,ListedSecurity,listed_securitys_normalized_baseline,normalized_reference_baseline,normalized_reference_baseline,control,[],"['Corporation', 'Industry', 'Country']",[],0,3,0,1.0,0.36299999999999993,0.2974182444061962,needs_review_no_observed_match,strong_read_candidate_low_maintenance_pressure,Control configuration. Keep related entities as independent collections connected by references.,"{'candidate_id': 'q6_tech_uslisted_securities_with_high_last_traded_value__control__normalized_reference_baseline', 'query_name': 'Q6_TechUSListedSecuritiesWithHighLastTradedValue', 'g_class': 'CONTROL', 'root_entity': 'ListedSecurity', 'collection_name': 'listed_securitys_normalized_baseline', 'design_pattern': 'normalized_reference_baseline', 'embedded_entities': [], 'referenced_entities': ['Corporation', 'Industry', 'Country'], 'materialized_entities': [], 'rationale': 'Control configuration. Keep related entities as independent collections connected by references.'}","{""candidate_id"": ""q6_tech_uslisted_securities_with_high_last_traded_value__control__normalized_reference_baseline"", ""query_name"": ""Q6_TechUSListedSecuritiesWithHighLastTradedValue"", ""g_class"": ""CONTROL"", ""root_entity"": ""ListedSecurity"", ""collection_name"": ""listed_securitys_normalized_baseline"", ""design_pattern"": ""normalized_reference_baseline"", ""embedded_entities"": [], ""referenced_entities"": [""Corporation"", ""Industry"", ""Country""], ""materialized_entities"": [], ""rationale"": ""Control configuration. Keep related entities as independent collections connected by references.""}"
q6_tech_uslisted_securities_with_high_last_traded_value__g1__embed_descriptors,Q6_TechUSListedSecuritiesWithHighLastTradedValue,QG6,Filtered search / recommendation,select,G1,ListedSecurity,listed_securitys_with_descriptors,embed_descriptors,embedded_descriptors,primary,"['Industry', 'Country']",[],[],2,0,0,1.0,0.36299999999999993,0.2974182444061962,needs_review_no_observed_match,strong_read_candidate_low_maintenance_pressure,Embed descriptor entities close to the root because descriptor relationships are covered by the selected document depth.,"{'candidate_id': 'q6_tech_uslisted_securities_with_high_last_traded_value__g1__embed_descriptors', 'query_name': 'Q6_TechUSListedSecuritiesWithHighLastTradedValue', 'g_class': 'G1', 'root_entity': 'ListedSecurity', 'collection_name': 'listed_securitys_with_descriptors', 'design_pattern': 'embedded_descriptors', 'embedded_entities': ['Industry', 'Country'], 'referenced_entities': [], 'materialized_entities': [], 'rationale': 'Embed descriptor entities close to the root because descriptor relationships are covered by the selected document depth.'}","{""candidate_id"": ""q6_tech_uslisted_securities_with_high_last_traded_value__g1__embed_descriptors"", ""query_name"": ""Q6_TechUSListedSecuritiesWithHighLastTradedValue"", ""g_class"": ""G1"", ""root_entity"": ""ListedSecurity"", ""collection_name"": ""listed_securitys_with_descriptors"", ""design_pattern"": ""embedded_descriptors"", ""embedded_entities"": [""Industry"", ""Country""], ""referenced_entities"": [], ""materialized_entities"": [], ""rationale"": ""Embed descriptor entities close to the root because descriptor relationships are covered by the selected document depth.""}"
q6_tech_uslisted_securities_with_high_last_traded_value__g3__association_references,Q6_TechUSListedSecuritiesWithHighLastTradedValue,QG6,Filtered search / recommendation,select,G3,ListedSecurity,listed_securitys_with_references,association_references,association_references,primary,[],['ListedSecurity'],[],0,1,0,1.0,0.36299999999999993,0.2974182444061962,needs_review_no_observed_match,strong_read_candidate_low_maintenance_pressure,"Represent associative, ownership, or subtype links through references or small embedded summaries because these links may connect reusable or independently managed entities.","{'candidate_id': 'q6_tech_uslisted_securities_with_high_last_traded_value__g3__association_references', 'query_name': 'Q6_TechUSListedSecuritiesWithHighLastTradedValue', 'g_class': 'G3', 'root_entity': 'ListedSecurity', 'collection_name': 'listed_securitys_with_references', 'design_pattern': 'association_references', 'embedded_entities': [], 'referenced_entities': ['ListedSecurity'], 'materialized_entities': [], 'rationale': 'Represent associative, ownership, or subtype links through references or small embedded summaries because these links may connect reusable or independently managed entities.'}","{""candidate_id"": ""q6_tech_uslisted_securities_with_high_last_traded_value__g3__association_references"", ""query_name"": ""Q6_TechUSListedSecuritiesWithHighLastTradedValue"", ""g_class"": ""G3"", ""root_entity"": ""ListedSecurity"", ""collection_name"": ""listed_securitys_with_references"", ""design_pattern"": ""association_references"", ""embedded_entities"": [], ""referenced_entities"": [""ListedSecurity""], ""materialized_entities"": [], ""rationale"": ""Represent associative, ownership, or subtype links through references or small embedded summaries because these links may connect reusable or independently managed entities.""}"
q6_tech_uslisted_securities_with_high_last_traded_value__g5__shared_targets_as_references,Q6_TechUSListedSecuritiesWithHighLastTradedValue,QG6,Filtered search / recommendation,select,G5,ListedSecurity,listed_securitys_shared_refs,shared_targets_as_references,shared_target_reference_strategy,primary,['Corporation'],"['Country', 'Industry', 'ListedSecurity']",[],1,3,0,1.0,0.36299999999999993,0.2974182444061962,needs_review_no_observed_match,strong_read_candidate_low_maintenance_pressure,Use references for shared target entities to avoid excessive duplication when the same target is reused by many source entities.,"{'candidate_id': 'q6_tech_uslisted_securities_with_high_last_traded_value__g5__shared_targets_as_references', 'query_name': 'Q6_TechUSListedSecuritiesWithHighLastTradedValue', 'g_class': 'G5', 'root_entity': 'ListedSecurity', 'collection_name': 'listed_securitys_shared_refs', 'design_pattern': 'shared_target_reference_strategy', 'embedded_entities': ['Corporation'], 'referenced_entities': ['Country', 'Industry', 'ListedSecurity'], 'materialized_entities': [], 'rationale': 'Use references for shared target entities to avoid excessive duplication when the same target is reused by many source entities.'}","{""candidate_id"": ""q6_tech_uslisted_securities_with_high_last_traded_value__g5__shared_targets_as_references"", ""query_name"": ""Q6_TechUSListedSecuritiesWithHighLastTradedValue"", ""g_class"": ""G5"", ""root_entity"": ""ListedSecurity"", ""collection_name"": ""listed_securitys_shared_refs"", ""design_pattern"": ""shared_target_reference_strategy"", ""embedded_entities"": [""Corporation""], ""referenced_entities"": [""Country"", ""Industry"", ""ListedSecurity""], ""materialized_entities"": [], ""rationale"": ""Use references for shared target entities to avoid excessive duplication when the same target is reused by many source entities.""}"
q6_tech_uslisted_securities_with_high_last_traded_value__g7__update_aware_references,Q6_TechUSListedSecuritiesWithHighLastTradedValue,QG6,Filtered search / recommendation,select,G7,ListedSecurity,listed_securitys_update_aware,update_aware_references,update_aware_reference_design,secondary_affected,"['Corporation', 'Country', 'Industry']",['ListedSecurity'],[],3,1,0,1.0,0.36299999999999993,0.2974182444061962,needs_review_no_observed_match,strong_read_candidate_low_maintenance_pressure,Prefer references for update-volatile entities to reduce write amplification and document maintenance cost.,"{'candidate_id': 'q6_tech_uslisted_securities_with_high_last_traded_value__g7__update_aware_references', 'query_name': 'Q6_TechUSListedSecuritiesWithHighLastTradedValue', 'g_class': 'G7', 'root_entity': 'ListedSecurity', 'collection_name': 'listed_securitys_update_aware', 'design_pattern': 'update_aware_reference_design', 'embedded_entities': ['Corporation', 'Country', 'Industry'], 'referenced_entities': ['ListedSecurity'], 'materialized_entities': [], 'rationale': 'Prefer references for update-volatile entities to reduce write amplification and document maintenance cost.'}","{""candidate_id"": ""q6_tech_uslisted_securities_with_high_last_traded_value__g7__update_aware_references"", ""query_name"": ""Q6_TechUSListedSecuritiesWithHighLastTradedValue"", ""g_class"": ""G7"", ""root_entity"": ""ListedSecurity"", ""collection_name"": ""listed_securitys_update_aware"", ""design_pattern"": ""update_aware_reference_design"", ""embedded_entities"": [""Corporation"", ""Country"", ""Industry""], ""referenced_entities"": [""ListedSecurity""], ""materialized_entities"": [], ""rationale"": ""Prefer references for update-volatile entities to reduce write amplification and document maintenance cost.""}"
q6_tech_uslisted_securities_with_high_last_traded_value__g9__tradeoff_benchmark_candidate,Q6_TechUSListedSecuritiesWithHighLastTradedValue,QG6,Filtered search / recommendation,select,G9,ListedSecurity,listed_securitys_tradeoff,tradeoff_benchmark_candidate,benchmark_tradeoff_alternative,secondary_affected,['Corporation'],"['Country', 'Industry', 'ListedSecurity']",[],1,3,0,1.0,0.36299999999999993,0.2974182444061962,needs_review_no_observed_match,strong_read_candidate_low_maintenance_pressure,"Generate a benchmark-required trade-off candidate because the query has read-reduction potential together with update pressure, sharedness pressure, or mapping uncertainty.","{'candidate_id': 'q6_tech_uslisted_securities_with_high_last_traded_value__g9__tradeoff_benchmark_candidate', 'query_name': 'Q6_TechUSListedSecuritiesWithHighLastTradedValue', 'g_class': 'G9', 'root_entity': 'ListedSecurity', 'collection_name': 'listed_securitys_tradeoff', 'design_pattern': 'benchmark_tradeoff_alternative', 'embedded_entities': ['Corporation'], 'referenced_entities': ['Country', 'Industry', 'ListedSecurity'], 'materialized_entities': [], 'rationale': 'Generate a benchmark-required trade-off candidate because the query has read-reduction potential together with update pressure, sharedness pressure, or mapping uncertainty.'}","{""candidate_id"": ""q6_tech_uslisted_securities_with_high_last_traded_value__g9__tradeoff_benchmark_candidate"", ""query_name"": ""Q6_TechUSListedSecuritiesWithHighLastTradedValue"", ""g_class"": ""G9"", ""root_entity"": ""ListedSecurity"", ""collection_name"": ""listed_securitys_tradeoff"", ""design_pattern"": ""benchmark_tradeoff_alternative"", ""embedded_entities"": [""Corporation""], ""referenced_entities"": [""Country"", ""Industry"", ""ListedSecurity""], ""materialized_entities"": [], ""rationale"": ""Generate a benchmark-required trade-off candidate because the query has read-reduction potential together with update pressure, sharedness pressure, or mapping uncertainty.""}"
q7_persons_who_bought_more_ibmthan_sold__control__normalized_reference_baseline,Q7_PersonsWhoBoughtMoreIBMThanSold,QG7,Aggregation / ranking,select,CONTROL,Person,persons_normalized_baseline,normalized_reference_baseline,normalized_reference_baseline,control,[],"['FinancialServiceAccount', 'BuyTransaction', 'SellTransaction', 'Transaction', 'ListedSecurity', 'Corporation']",[],0,6,0,1.0,0.7702857142857144,0.2958825,needs_review_no_observed_match,strong_read_candidate_high_update_pressure,Control configuration. Keep related entities as independent collections connected by references.,"{'candidate_id': 'q7_persons_who_bought_more_ibmthan_sold__control__normalized_reference_baseline', 'query_name': 'Q7_PersonsWhoBoughtMoreIBMThanSold', 'g_class': 'CONTROL', 'root_entity': 'Person', 'collection_name': 'persons_normalized_baseline', 'design_pattern': 'normalized_reference_baseline', 'embedded_entities': [], 'referenced_entities': ['FinancialServiceAccount', 'BuyTransaction', 'SellTransaction', 'Transaction', 'ListedSecurity', 'Corporation'], 'materialized_entities': [], 'rationale': 'Control configuration. Keep related entities as independent collections connected by references.'}","{""candidate_id"": ""q7_persons_who_bought_more_ibmthan_sold__control__normalized_reference_baseline"", ""query_name"": ""Q7_PersonsWhoBoughtMoreIBMThanSold"", ""g_class"": ""CONTROL"", ""root_entity"": ""Person"", ""collection_name"": ""persons_normalized_baseline"", ""design_pattern"": ""normalized_reference_baseline"", ""embedded_entities"": [], ""referenced_entities"": [""FinancialServiceAccount"", ""BuyTransaction"", ""SellTransaction"", ""Transaction"", ""ListedSecurity"", ""Corporation""], ""materialized_entities"": [], ""rationale"": ""Control configuration. Keep related entities as independent collections connected by references.""}"
q7_persons_who_bought_more_ibmthan_sold__g2__embed_containment_children,Q7_PersonsWhoBoughtMoreIBMThanSold,QG7,Aggregation / ranking,select,G2,Person,persons_with_containment,embed_containment_children,embedded_containment,primary,"['Holding', 'Transaction']",[],[],2,0,0,1.0,0.7702857142857144,0.2958825,needs_review_no_observed_match,strong_read_candidate_high_update_pressure,Embed containment children because the query follows containment paths that can be represented as nested arrays or subdocuments.,"{'candidate_id': 'q7_persons_who_bought_more_ibmthan_sold__g2__embed_containment_children', 'query_name': 'Q7_PersonsWhoBoughtMoreIBMThanSold', 'g_class': 'G2', 'root_entity': 'Person', 'collection_name': 'persons_with_containment', 'design_pattern': 'embedded_containment', 'embedded_entities': ['Holding', 'Transaction'], 'referenced_entities': [], 'materialized_entities': [], 'rationale': 'Embed containment children because the query follows containment paths that can be represented as nested arrays or subdocuments.'}","{""candidate_id"": ""q7_persons_who_bought_more_ibmthan_sold__g2__embed_containment_children"", ""query_name"": ""Q7_PersonsWhoBoughtMoreIBMThanSold"", ""g_class"": ""G2"", ""root_entity"": ""Person"", ""collection_name"": ""persons_with_containment"", ""design_pattern"": ""embedded_containment"", ""embedded_entities"": [""Holding"", ""Transaction""], ""referenced_entities"": [], ""materialized_entities"": [], ""rationale"": ""Embed containment children because the query follows containment paths that can be represented as nested arrays or subdocuments.""}"
q7_persons_who_bought_more_ibmthan_sold__g3__association_references,Q7_PersonsWhoBoughtMoreIBMThanSold,QG7,Aggregation / ranking,select,G3,Person,persons_with_references,association_references,association_references,primary,[],"['ListedSecurity', 'FinancialServiceAccount', 'Transaction']",[],0,3,0,1.0,0.7702857142857144,0.2958825,needs_review_no_observed_match,strong_read_candidate_high_update_pressure,"Represent associative, ownership, or subtype links through references or small embedded summaries because these links may connect reusable or independently managed entities.","{'candidate_id': 'q7_persons_who_bought_more_ibmthan_sold__g3__association_references', 'query_name': 'Q7_PersonsWhoBoughtMoreIBMThanSold', 'g_class': 'G3', 'root_entity': 'Person', 'collection_name': 'persons_with_references', 'design_pattern': 'association_references', 'embedded_entities': [], 'referenced_entities': ['ListedSecurity', 'FinancialServiceAccount', 'Transaction'], 'materialized_entities': [], 'rationale': 'Represent associative, ownership, or subtype links through references or small embedded summaries because these links may connect reusable or independently managed entities.'}","{""candidate_id"": ""q7_persons_who_bought_more_ibmthan_sold__g3__association_references"", ""query_name"": ""Q7_PersonsWhoBoughtMoreIBMThanSold"", ""g_class"": ""G3"", ""root_entity"": ""Person"", ""collection_name"": ""persons_with_references"", ""design_pattern"": ""association_references"", ""embedded_entities"": [], ""referenced_entities"": [""ListedSecurity"", ""FinancialServiceAccount"", ""Transaction""], ""materialized_entities"": [], ""rationale"": ""Represent associative, ownership, or subtype links through references or small embedded summaries because these links may connect reusable or independently managed entities.""}"
q7_persons_who_bought_more_ibmthan_sold__g4__deep_nested_path,Q7_PersonsWhoBoughtMoreIBMThanSold,QG7,Aggregation / ranking,select,G4,Person,persons_deep_nested,deep_nested_path,deep_nested_document,primary,"['BuyTransaction', 'Corporation', 'FinancialServiceAccount', 'ListedSecurity', 'SellTransaction', 'Transaction']",[],[],6,0,0,1.0,0.7702857142857144,0.2958825,needs_review_no_observed_match,strong_read_candidate_high_update_pressure,Create a deep nested document following the query path because the query reaches entities at multiple conceptual depths.,"{'candidate_id': 'q7_persons_who_bought_more_ibmthan_sold__g4__deep_nested_path', 'query_name': 'Q7_PersonsWhoBoughtMoreIBMThanSold', 'g_class': 'G4', 'root_entity': 'Person', 'collection_name': 'persons_deep_nested', 'design_pattern': 'deep_nested_document', 'embedded_entities': ['BuyTransaction', 'Corporation', 'FinancialServiceAccount', 'ListedSecurity', 'SellTransaction', 'Transaction'], 'referenced_entities': [], 'materialized_entities': [], 'rationale': 'Create a deep nested document following the query path because the query reaches entities at multiple conceptual depths.'}","{""candidate_id"": ""q7_persons_who_bought_more_ibmthan_sold__g4__deep_nested_path"", ""query_name"": ""Q7_PersonsWhoBoughtMoreIBMThanSold"", ""g_class"": ""G4"", ""root_entity"": ""Person"", ""collection_name"": ""persons_deep_nested"", ""design_pattern"": ""deep_nested_document"", ""embedded_entities"": [""BuyTransaction"", ""Corporation"", ""FinancialServiceAccount"", ""ListedSecurity"", ""SellTransaction"", ""Transaction""], ""referenced_entities"": [], ""materialized_entities"": [], ""rationale"": ""Create a deep nested document following the query path because the query reaches entities at multiple conceptual depths.""}"
q7_persons_who_bought_more_ibmthan_sold__g5__shared_targets_as_references,Q7_PersonsWhoBoughtMoreIBMThanSold,QG7,Aggregation / ranking,select,G5,Person,persons_shared_refs,shared_targets_as_references,shared_target_reference_strategy,primary,"['BuyTransaction', 'Corporation', 'SellTransaction']","['FinancialServiceAccount', 'ListedSecurity', 'Transaction']",[],3,3,0,1.0,0.7702857142857144,0.2958825,needs_review_no_observed_match,strong_read_candidate_high_update_pressure,Use references for shared target entities to avoid excessive duplication when the same target is reused by many source entities.,"{'candidate_id': 'q7_persons_who_bought_more_ibmthan_sold__g5__shared_targets_as_references', 'query_name': 'Q7_PersonsWhoBoughtMoreIBMThanSold', 'g_class': 'G5', 'root_entity': 'Person', 'collection_name': 'persons_shared_refs', 'design_pattern': 'shared_target_reference_strategy', 'embedded_entities': ['BuyTransaction', 'Corporation', 'SellTransaction'], 'referenced_entities': ['FinancialServiceAccount', 'ListedSecurity', 'Transaction'], 'materialized_entities': [], 'rationale': 'Use references for shared target entities to avoid excessive duplication when the same target is reused by many source entities.'}","{""candidate_id"": ""q7_persons_who_bought_more_ibmthan_sold__g5__shared_targets_as_references"", ""query_name"": ""Q7_PersonsWhoBoughtMoreIBMThanSold"", ""g_class"": ""G5"", ""root_entity"": ""Person"", ""collection_name"": ""persons_shared_refs"", ""design_pattern"": ""shared_target_reference_strategy"", ""embedded_entities"": [""BuyTransaction"", ""Corporation"", ""SellTransaction""], ""referenced_entities"": [""FinancialServiceAccount"", ""ListedSecurity"", ""Transaction""], ""materialized_entities"": [], ""rationale"": ""Use references for shared target entities to avoid excessive duplication when the same target is reused by many source entities.""}"
q7_persons_who_bought_more_ibmthan_sold__g6__materialized_query_view,Q7_PersonsWhoBoughtMoreIBMThanSold,QG7,Aggregation / ranking,select,G6,Person,persons_q7_persons_who_bought_more_ibmthan_sold_materialized,materialized_query_view,aggregation_materialized_collection,primary,[],[],"['Person', 'FinancialServiceAccount', 'BuyTransaction', 'SellTransaction', 'Transaction', 'ListedSecurity', 'Corporation']",0,0,7,1.0,0.7702857142857144,0.2958825,needs_review_no_observed_match,strong_read_candidate_high_update_pressure,"Create a materialized query-oriented collection because the query has aggregation, ranking, or comparison behavior.","{'candidate_id': 'q7_persons_who_bought_more_ibmthan_sold__g6__materialized_query_view', 'query_name': 'Q7_PersonsWhoBoughtMoreIBMThanSold', 'g_class': 'G6', 'root_entity': 'Person', 'collection_name': 'persons_q7_persons_who_bought_more_ibmthan_sold_materialized', 'design_pattern': 'aggregation_materialized_collection', 'embedded_entities': [], 'referenced_entities': [], 'materialized_entities': ['Person', 'FinancialServiceAccount', 'BuyTransaction', 'SellTransaction', 'Transaction', 'ListedSecurity', 'Corporation'], 'rationale': 'Create a materialized query-oriented collection because the query has aggregation, ranking, or comparison behavior.'}","{""candidate_id"": ""q7_persons_who_bought_more_ibmthan_sold__g6__materialized_query_view"", ""query_name"": ""Q7_PersonsWhoBoughtMoreIBMThanSold"", ""g_class"": ""G6"", ""root_entity"": ""Person"", ""collection_name"": ""persons_q7_persons_who_bought_more_ibmthan_sold_materialized"", ""design_pattern"": ""aggregation_materialized_collection"", ""embedded_entities"": [], ""referenced_entities"": [], ""materialized_entities"": [""Person"", ""FinancialServiceAccount"", ""BuyTransaction"", ""SellTransaction"", ""Transaction"", ""ListedSecurity"", ""Corporation""], ""rationale"": ""Create a materialized query-oriented collection because the query has aggregation, ranking, or comparison behavior.""}"
q7_persons_who_bought_more_ibmthan_sold__g7__update_aware_references,Q7_PersonsWhoBoughtMoreIBMThanSold,QG7,Aggregation / ranking,select,G7,Person,persons_update_aware,update_aware_references,update_aware_reference_design,secondary_affected,"['Corporation', 'SellTransaction']","['Person', 'FinancialServiceAccount', 'BuyTransaction', 'Transaction', 'ListedSecurity']",[],2,5,0,1.0,0.7702857142857144,0.2958825,needs_review_no_observed_match,strong_read_candidate_high_update_pressure,Prefer references for update-volatile entities to reduce write amplification and document maintenance cost.,"{'candidate_id': 'q7_persons_who_bought_more_ibmthan_sold__g7__update_aware_references', 'query_name': 'Q7_PersonsWhoBoughtMoreIBMThanSold', 'g_class': 'G7', 'root_entity': 'Person', 'collection_name': 'persons_update_aware', 'design_pattern': 'update_aware_reference_design', 'embedded_entities': ['Corporation', 'SellTransaction'], 'referenced_entities': ['Person', 'FinancialServiceAccount', 'BuyTransaction', 'Transaction', 'ListedSecurity'], 'materialized_entities': [], 'rationale': 'Prefer references for update-volatile entities to reduce write amplification and document maintenance cost.'}","{""candidate_id"": ""q7_persons_who_bought_more_ibmthan_sold__g7__update_aware_references"", ""query_name"": ""Q7_PersonsWhoBoughtMoreIBMThanSold"", ""g_class"": ""G7"", ""root_entity"": ""Person"", ""collection_name"": ""persons_update_aware"", ""design_pattern"": ""update_aware_reference_design"", ""embedded_entities"": [""Corporation"", ""SellTransaction""], ""referenced_entities"": [""Person"", ""FinancialServiceAccount"", ""BuyTransaction"", ""Transaction"", ""ListedSecurity""], ""materialized_entities"": [], ""rationale"": ""Prefer references for update-volatile entities to reduce write amplification and document maintenance cost.""}"
q7_persons_who_bought_more_ibmthan_sold__g9__tradeoff_benchmark_candidate,Q7_PersonsWhoBoughtMoreIBMThanSold,QG7,Aggregation / ranking,select,G9,Person,persons_tradeoff,tradeoff_benchmark_candidate,benchmark_tradeoff_alternative,secondary_affected,"['Corporation', 'SellTransaction']","['FinancialServiceAccount', 'ListedSecurity', 'Transaction', 'Person', 'BuyTransaction']",[],2,5,0,1.0,0.7702857142857144,0.2958825,needs_review_no_observed_match,strong_read_candidate_high_update_pressure,"Generate a benchmark-required trade-off candidate because the query has read-reduction potential together with update pressure, sharedness pressure, or mapping uncertainty.","{'candidate_id': 'q7_persons_who_bought_more_ibmthan_sold__g9__tradeoff_benchmark_candidate', 'query_name': 'Q7_PersonsWhoBoughtMoreIBMThanSold', 'g_class': 'G9', 'root_entity': 'Person', 'collection_name': 'persons_tradeoff', 'design_pattern': 'benchmark_tradeoff_alternative', 'embedded_entities': ['Corporation', 'SellTransaction'], 'referenced_entities': ['FinancialServiceAccount', 'ListedSecurity', 'Transaction', 'Person', 'BuyTransaction'], 'materialized_entities': [], 'rationale': 'Generate a benchmark-required trade-off candidate because the query has read-reduction potential together with update pressure, sharedness pressure, or mapping uncertainty.'}","{""candidate_id"": ""q7_persons_who_bought_more_ibmthan_sold__g9__tradeoff_benchmark_candidate"", ""query_name"": ""Q7_PersonsWhoBoughtMoreIBMThanSold"", ""g_class"": ""G9"", ""root_entity"": ""Person"", ""collection_name"": ""persons_tradeoff"", ""design_pattern"": ""benchmark_tradeoff_alternative"", ""embedded_entities"": [""Corporation"", ""SellTransaction""], ""referenced_entities"": [""FinancialServiceAccount"", ""ListedSecurity"", ""Transaction"", ""Person"", ""BuyTransaction""], ""materialized_entities"": [], ""rationale"": ""Generate a benchmark-required trade-off candidate because the query has read-reduction potential together with update pressure, sharedness pressure, or mapping uncertainty.""}"
q8_ibmtransactions_below_average_selling_price__control__normalized_reference_baseline,Q8_IBMTransactionsBelowAverageSellingPrice,QG8,Aggregation / ranking,select,CONTROL,Transaction,transactions_normalized_baseline,normalized_reference_baseline,normalized_reference_baseline,control,[],"['SellTransaction', 'ListedSecurity', 'Corporation']",[],0,3,0,1.0,0.649,0.2958825,needs_review_no_observed_match,strong_read_candidate_high_update_pressure,Control configuration. Keep related entities as independent collections connected by references.,"{'candidate_id': 'q8_ibmtransactions_below_average_selling_price__control__normalized_reference_baseline', 'query_name': 'Q8_IBMTransactionsBelowAverageSellingPrice', 'g_class': 'CONTROL', 'root_entity': 'Transaction', 'collection_name': 'transactions_normalized_baseline', 'design_pattern': 'normalized_reference_baseline', 'embedded_entities': [], 'referenced_entities': ['SellTransaction', 'ListedSecurity', 'Corporation'], 'materialized_entities': [], 'rationale': 'Control configuration. Keep related entities as independent collections connected by references.'}","{""candidate_id"": ""q8_ibmtransactions_below_average_selling_price__control__normalized_reference_baseline"", ""query_name"": ""Q8_IBMTransactionsBelowAverageSellingPrice"", ""g_class"": ""CONTROL"", ""root_entity"": ""Transaction"", ""collection_name"": ""transactions_normalized_baseline"", ""design_pattern"": ""normalized_reference_baseline"", ""embedded_entities"": [], ""referenced_entities"": [""SellTransaction"", ""ListedSecurity"", ""Corporation""], ""materialized_entities"": [], ""rationale"": ""Control configuration. Keep related entities as independent collections connected by references.""}"
q8_ibmtransactions_below_average_selling_price__g3__association_references,Q8_IBMTransactionsBelowAverageSellingPrice,QG8,Aggregation / ranking,select,G3,Transaction,transactions_with_references,association_references,association_references,primary,[],"['ListedSecurity', 'Transaction']",[],0,2,0,1.0,0.649,0.2958825,needs_review_no_observed_match,strong_read_candidate_high_update_pressure,"Represent associative, ownership, or subtype links through references or small embedded summaries because these links may connect reusable or independently managed entities.","{'candidate_id': 'q8_ibmtransactions_below_average_selling_price__g3__association_references', 'query_name': 'Q8_IBMTransactionsBelowAverageSellingPrice', 'g_class': 'G3', 'root_entity': 'Transaction', 'collection_name': 'transactions_with_references', 'design_pattern': 'association_references', 'embedded_entities': [], 'referenced_entities': ['ListedSecurity', 'Transaction'], 'materialized_entities': [], 'rationale': 'Represent associative, ownership, or subtype links through references or small embedded summaries because these links may connect reusable or independently managed entities.'}","{""candidate_id"": ""q8_ibmtransactions_below_average_selling_price__g3__association_references"", ""query_name"": ""Q8_IBMTransactionsBelowAverageSellingPrice"", ""g_class"": ""G3"", ""root_entity"": ""Transaction"", ""collection_name"": ""transactions_with_references"", ""design_pattern"": ""association_references"", ""embedded_entities"": [], ""referenced_entities"": [""ListedSecurity"", ""Transaction""], ""materialized_entities"": [], ""rationale"": ""Represent associative, ownership, or subtype links through references or small embedded summaries because these links may connect reusable or independently managed entities.""}"
q8_ibmtransactions_below_average_selling_price__g5__shared_targets_as_references,Q8_IBMTransactionsBelowAverageSellingPrice,QG8,Aggregation / ranking,select,G5,Transaction,transactions_shared_refs,shared_targets_as_references,shared_target_reference_strategy,primary,"['Corporation', 'SellTransaction']","['ListedSecurity', 'Transaction']",[],2,2,0,1.0,0.649,0.2958825,needs_review_no_observed_match,strong_read_candidate_high_update_pressure,Use references for shared target entities to avoid excessive duplication when the same target is reused by many source entities.,"{'candidate_id': 'q8_ibmtransactions_below_average_selling_price__g5__shared_targets_as_references', 'query_name': 'Q8_IBMTransactionsBelowAverageSellingPrice', 'g_class': 'G5', 'root_entity': 'Transaction', 'collection_name': 'transactions_shared_refs', 'design_pattern': 'shared_target_reference_strategy', 'embedded_entities': ['Corporation', 'SellTransaction'], 'referenced_entities': ['ListedSecurity', 'Transaction'], 'materialized_entities': [], 'rationale': 'Use references for shared target entities to avoid excessive duplication when the same target is reused by many source entities.'}","{""candidate_id"": ""q8_ibmtransactions_below_average_selling_price__g5__shared_targets_as_references"", ""query_name"": ""Q8_IBMTransactionsBelowAverageSellingPrice"", ""g_class"": ""G5"", ""root_entity"": ""Transaction"", ""collection_name"": ""transactions_shared_refs"", ""design_pattern"": ""shared_target_reference_strategy"", ""embedded_entities"": [""Corporation"", ""SellTransaction""], ""referenced_entities"": [""ListedSecurity"", ""Transaction""], ""materialized_entities"": [], ""rationale"": ""Use references for shared target entities to avoid excessive duplication when the same target is reused by many source entities.""}"
q8_ibmtransactions_below_average_selling_price__g6__materialized_query_view,Q8_IBMTransactionsBelowAverageSellingPrice,QG8,Aggregation / ranking,select,G6,Transaction,transactions_q8_ibmtransactions_below_average_selling_price_materialized,materialized_query_view,aggregation_materialized_collection,primary,[],[],"['Transaction', 'SellTransaction', 'ListedSecurity', 'Corporation']",0,0,4,1.0,0.649,0.2958825,needs_review_no_observed_match,strong_read_candidate_high_update_pressure,"Create a materialized query-oriented collection because the query has aggregation, ranking, or comparison behavior.","{'candidate_id': 'q8_ibmtransactions_below_average_selling_price__g6__materialized_query_view', 'query_name': 'Q8_IBMTransactionsBelowAverageSellingPrice', 'g_class': 'G6', 'root_entity': 'Transaction', 'collection_name': 'transactions_q8_ibmtransactions_below_average_selling_price_materialized', 'design_pattern': 'aggregation_materialized_collection', 'embedded_entities': [], 'referenced_entities': [], 'materialized_entities': ['Transaction', 'SellTransaction', 'ListedSecurity', 'Corporation'], 'rationale': 'Create a materialized query-oriented collection because the query has aggregation, ranking, or comparison behavior.'}","{""candidate_id"": ""q8_ibmtransactions_below_average_selling_price__g6__materialized_query_view"", ""query_name"": ""Q8_IBMTransactionsBelowAverageSellingPrice"", ""g_class"": ""G6"", ""root_entity"": ""Transaction"", ""collection_name"": ""transactions_q8_ibmtransactions_below_average_selling_price_materialized"", ""design_pattern"": ""aggregation_materialized_collection"", ""embedded_entities"": [], ""referenced_entities"": [], ""materialized_entities"": [""Transaction"", ""SellTransaction"", ""ListedSecurity"", ""Corporation""], ""rationale"": ""Create a materialized query-oriented collection because the query has aggregation, ranking, or comparison behavior.""}"
q8_ibmtransactions_below_average_selling_price__g7__update_aware_references,Q8_IBMTransactionsBelowAverageSellingPrice,QG8,Aggregation / ranking,select,G7,Transaction,transactions_update_aware,update_aware_references,update_aware_reference_design,secondary_affected,"['Corporation', 'SellTransaction']","['Transaction', 'ListedSecurity']",[],2,2,0,1.0,0.649,0.2958825,needs_review_no_observed_match,strong_read_candidate_high_update_pressure,Prefer references for update-volatile entities to reduce write amplification and document maintenance cost.,"{'candidate_id': 'q8_ibmtransactions_below_average_selling_price__g7__update_aware_references', 'query_name': 'Q8_IBMTransactionsBelowAverageSellingPrice', 'g_class': 'G7', 'root_entity': 'Transaction', 'collection_name': 'transactions_update_aware', 'design_pattern': 'update_aware_reference_design', 'embedded_entities': ['Corporation', 'SellTransaction'], 'referenced_entities': ['Transaction', 'ListedSecurity'], 'materialized_entities': [], 'rationale': 'Prefer references for update-volatile entities to reduce write amplification and document maintenance cost.'}","{""candidate_id"": ""q8_ibmtransactions_below_average_selling_price__g7__update_aware_references"", ""query_name"": ""Q8_IBMTransactionsBelowAverageSellingPrice"", ""g_class"": ""G7"", ""root_entity"": ""Transaction"", ""collection_name"": ""transactions_update_aware"", ""design_pattern"": ""update_aware_reference_design"", ""embedded_entities"": [""Corporation"", ""SellTransaction""], ""referenced_entities"": [""Transaction"", ""ListedSecurity""], ""materialized_entities"": [], ""rationale"": ""Prefer references for update-volatile entities to reduce write amplification and document maintenance cost.""}"
q8_ibmtransactions_below_average_selling_price__g9__tradeoff_benchmark_candidate,Q8_IBMTransactionsBelowAverageSellingPrice,QG8,Aggregation / ranking,select,G9,Transaction,transactions_tradeoff,tradeoff_benchmark_candidate,benchmark_tradeoff_alternative,secondary_affected,"['Corporation', 'SellTransaction']","['ListedSecurity', 'Transaction']",[],2,2,0,1.0,0.649,0.2958825,needs_review_no_observed_match,strong_read_candidate_high_update_pressure,"Generate a benchmark-required trade-off candidate because the query has read-reduction potential together with update pressure, sharedness pressure, or mapping uncertainty.","{'candidate_id': 'q8_ibmtransactions_below_average_selling_price__g9__tradeoff_benchmark_candidate', 'query_name': 'Q8_IBMTransactionsBelowAverageSellingPrice', 'g_class': 'G9', 'root_entity': 'Transaction', 'collection_name': 'transactions_tradeoff', 'design_pattern': 'benchmark_tradeoff_alternative', 'embedded_entities': ['Corporation', 'SellTransaction'], 'referenced_entities': ['ListedSecurity', 'Transaction'], 'materialized_entities': [], 'rationale': 'Generate a benchmark-required trade-off candidate because the query has read-reduction potential together with update pressure, sharedness pressure, or mapping uncertainty.'}","{""candidate_id"": ""q8_ibmtransactions_below_average_selling_price__g9__tradeoff_benchmark_candidate"", ""query_name"": ""Q8_IBMTransactionsBelowAverageSellingPrice"", ""g_class"": ""G9"", ""root_entity"": ""Transaction"", ""collection_name"": ""transactions_tradeoff"", ""design_pattern"": ""benchmark_tradeoff_alternative"", ""embedded_entities"": [""Corporation"", ""SellTransaction""], ""referenced_entities"": [""ListedSecurity"", ""Transaction""], ""materialized_entities"": [], ""rationale"": ""Generate a benchmark-required trade-off candidate because the query has read-reduction potential together with update pressure, sharedness pressure, or mapping uncertainty.""}"
q9_persons_who_bought_and_sold_same_stock__control__normalized_reference_baseline,Q9_PersonsWhoBoughtAndSoldSameStock,QG9,Associative retrieval + comparison,select,CONTROL,Person,persons_normalized_baseline,normalized_reference_baseline,normalized_reference_baseline,control,[],"['FinancialServiceAccount', 'BuyTransaction', 'SellTransaction', 'Transaction', 'ListedSecurity']",[],0,5,0,1.0,0.8320000000000001,0.2958825,ok,strong_read_candidate_high_update_pressure,Control configuration. Keep related entities as independent collections connected by references.,"{'candidate_id': 'q9_persons_who_bought_and_sold_same_stock__control__normalized_reference_baseline', 'query_name': 'Q9_PersonsWhoBoughtAndSoldSameStock', 'g_class': 'CONTROL', 'root_entity': 'Person', 'collection_name': 'persons_normalized_baseline', 'design_pattern': 'normalized_reference_baseline', 'embedded_entities': [], 'referenced_entities': ['FinancialServiceAccount', 'BuyTransaction', 'SellTransaction', 'Transaction', 'ListedSecurity'], 'materialized_entities': [], 'rationale': 'Control configuration. Keep related entities as independent collections connected by references.'}","{""candidate_id"": ""q9_persons_who_bought_and_sold_same_stock__control__normalized_reference_baseline"", ""query_name"": ""Q9_PersonsWhoBoughtAndSoldSameStock"", ""g_class"": ""CONTROL"", ""root_entity"": ""Person"", ""collection_name"": ""persons_normalized_baseline"", ""design_pattern"": ""normalized_reference_baseline"", ""embedded_entities"": [], ""referenced_entities"": [""FinancialServiceAccount"", ""BuyTransaction"", ""SellTransaction"", ""Transaction"", ""ListedSecurity""], ""materialized_entities"": [], ""rationale"": ""Control configuration. Keep related entities as independent collections connected by references.""}"
q9_persons_who_bought_and_sold_same_stock__g2__embed_containment_children,Q9_PersonsWhoBoughtAndSoldSameStock,QG9,Associative retrieval + comparison,select,G2,Person,persons_with_containment,embed_containment_children,embedded_containment,primary,"['Holding', 'Transaction']",[],[],2,0,0,1.0,0.8320000000000001,0.2958825,ok,strong_read_candidate_high_update_pressure,Embed containment children because the query follows containment paths that can be represented as nested arrays or subdocuments.,"{'candidate_id': 'q9_persons_who_bought_and_sold_same_stock__g2__embed_containment_children', 'query_name': 'Q9_PersonsWhoBoughtAndSoldSameStock', 'g_class': 'G2', 'root_entity': 'Person', 'collection_name': 'persons_with_containment', 'design_pattern': 'embedded_containment', 'embedded_entities': ['Holding', 'Transaction'], 'referenced_entities': [], 'materialized_entities': [], 'rationale': 'Embed containment children because the query follows containment paths that can be represented as nested arrays or subdocuments.'}","{""candidate_id"": ""q9_persons_who_bought_and_sold_same_stock__g2__embed_containment_children"", ""query_name"": ""Q9_PersonsWhoBoughtAndSoldSameStock"", ""g_class"": ""G2"", ""root_entity"": ""Person"", ""collection_name"": ""persons_with_containment"", ""design_pattern"": ""embedded_containment"", ""embedded_entities"": [""Holding"", ""Transaction""], ""referenced_entities"": [], ""materialized_entities"": [], ""rationale"": ""Embed containment children because the query follows containment paths that can be represented as nested arrays or subdocuments.""}"
q9_persons_who_bought_and_sold_same_stock__g3__association_references,Q9_PersonsWhoBoughtAndSoldSameStock,QG9,Associative retrieval + comparison,select,G3,Person,persons_with_references,association_references,association_references,primary,[],"['FinancialServiceAccount', 'ListedSecurity', 'Transaction']",[],0,3,0,1.0,0.8320000000000001,0.2958825,ok,strong_read_candidate_high_update_pressure,"Represent associative, ownership, or subtype links through references or small embedded summaries because these links may connect reusable or independently managed entities.","{'candidate_id': 'q9_persons_who_bought_and_sold_same_stock__g3__association_references', 'query_name': 'Q9_PersonsWhoBoughtAndSoldSameStock', 'g_class': 'G3', 'root_entity': 'Person', 'collection_name': 'persons_with_references', 'design_pattern': 'association_references', 'embedded_entities': [], 'referenced_entities': ['FinancialServiceAccount', 'ListedSecurity', 'Transaction'], 'materialized_entities': [], 'rationale': 'Represent associative, ownership, or subtype links through references or small embedded summaries because these links may connect reusable or independently managed entities.'}","{""candidate_id"": ""q9_persons_who_bought_and_sold_same_stock__g3__association_references"", ""query_name"": ""Q9_PersonsWhoBoughtAndSoldSameStock"", ""g_class"": ""G3"", ""root_entity"": ""Person"", ""collection_name"": ""persons_with_references"", ""design_pattern"": ""association_references"", ""embedded_entities"": [], ""referenced_entities"": [""FinancialServiceAccount"", ""ListedSecurity"", ""Transaction""], ""materialized_entities"": [], ""rationale"": ""Represent associative, ownership, or subtype links through references or small embedded summaries because these links may connect reusable or independently managed entities.""}"
q9_persons_who_bought_and_sold_same_stock__g4__deep_nested_path,Q9_PersonsWhoBoughtAndSoldSameStock,QG9,Associative retrieval + comparison,select,G4,Person,persons_deep_nested,deep_nested_path,deep_nested_document,primary,"['BuyTransaction', 'FinancialServiceAccount', 'ListedSecurity', 'SellTransaction', 'Transaction']",[],[],5,0,0,1.0,0.8320000000000001,0.2958825,ok,strong_read_candidate_high_update_pressure,Create a deep nested document following the query path because the query reaches entities at multiple conceptual depths.,"{'candidate_id': 'q9_persons_who_bought_and_sold_same_stock__g4__deep_nested_path', 'query_name': 'Q9_PersonsWhoBoughtAndSoldSameStock', 'g_class': 'G4', 'root_entity': 'Person', 'collection_name': 'persons_deep_nested', 'design_pattern': 'deep_nested_document', 'embedded_entities': ['BuyTransaction', 'FinancialServiceAccount', 'ListedSecurity', 'SellTransaction', 'Transaction'], 'referenced_entities': [], 'materialized_entities': [], 'rationale': 'Create a deep nested document following the query path because the query reaches entities at multiple conceptual depths.'}","{""candidate_id"": ""q9_persons_who_bought_and_sold_same_stock__g4__deep_nested_path"", ""query_name"": ""Q9_PersonsWhoBoughtAndSoldSameStock"", ""g_class"": ""G4"", ""root_entity"": ""Person"", ""collection_name"": ""persons_deep_nested"", ""design_pattern"": ""deep_nested_document"", ""embedded_entities"": [""BuyTransaction"", ""FinancialServiceAccount"", ""ListedSecurity"", ""SellTransaction"", ""Transaction""], ""referenced_entities"": [], ""materialized_entities"": [], ""rationale"": ""Create a deep nested document following the query path because the query reaches entities at multiple conceptual depths.""}"
q9_persons_who_bought_and_sold_same_stock__g5__shared_targets_as_references,Q9_PersonsWhoBoughtAndSoldSameStock,QG9,Associative retrieval + comparison,select,G5,Person,persons_shared_refs,shared_targets_as_references,shared_target_reference_strategy,primary,"['BuyTransaction', 'SellTransaction']","['FinancialServiceAccount', 'ListedSecurity', 'Transaction']",[],2,3,0,1.0,0.8320000000000001,0.2958825,ok,strong_read_candidate_high_update_pressure,Use references for shared target entities to avoid excessive duplication when the same target is reused by many source entities.,"{'candidate_id': 'q9_persons_who_bought_and_sold_same_stock__g5__shared_targets_as_references', 'query_name': 'Q9_PersonsWhoBoughtAndSoldSameStock', 'g_class': 'G5', 'root_entity': 'Person', 'collection_name': 'persons_shared_refs', 'design_pattern': 'shared_target_reference_strategy', 'embedded_entities': ['BuyTransaction', 'SellTransaction'], 'referenced_entities': ['FinancialServiceAccount', 'ListedSecurity', 'Transaction'], 'materialized_entities': [], 'rationale': 'Use references for shared target entities to avoid excessive duplication when the same target is reused by many source entities.'}","{""candidate_id"": ""q9_persons_who_bought_and_sold_same_stock__g5__shared_targets_as_references"", ""query_name"": ""Q9_PersonsWhoBoughtAndSoldSameStock"", ""g_class"": ""G5"", ""root_entity"": ""Person"", ""collection_name"": ""persons_shared_refs"", ""design_pattern"": ""shared_target_reference_strategy"", ""embedded_entities"": [""BuyTransaction"", ""SellTransaction""], ""referenced_entities"": [""FinancialServiceAccount"", ""ListedSecurity"", ""Transaction""], ""materialized_entities"": [], ""rationale"": ""Use references for shared target entities to avoid excessive duplication when the same target is reused by many source entities.""}"
q9_persons_who_bought_and_sold_same_stock__g7__update_aware_references,Q9_PersonsWhoBoughtAndSoldSameStock,QG9,Associative retrieval + comparison,select,G7,Person,persons_update_aware,update_aware_references,update_aware_reference_design,secondary_affected,['SellTransaction'],"['Person', 'FinancialServiceAccount', 'BuyTransaction', 'Transaction', 'ListedSecurity']",[],1,5,0,1.0,0.8320000000000001,0.2958825,ok,strong_read_candidate_high_update_pressure,Prefer references for update-volatile entities to reduce write amplification and document maintenance cost.,"{'candidate_id': 'q9_persons_who_bought_and_sold_same_stock__g7__update_aware_references', 'query_name': 'Q9_PersonsWhoBoughtAndSoldSameStock', 'g_class': 'G7', 'root_entity': 'Person', 'collection_name': 'persons_update_aware', 'design_pattern': 'update_aware_reference_design', 'embedded_entities': ['SellTransaction'], 'referenced_entities': ['Person', 'FinancialServiceAccount', 'BuyTransaction', 'Transaction', 'ListedSecurity'], 'materialized_entities': [], 'rationale': 'Prefer references for update-volatile entities to reduce write amplification and document maintenance cost.'}","{""candidate_id"": ""q9_persons_who_bought_and_sold_same_stock__g7__update_aware_references"", ""query_name"": ""Q9_PersonsWhoBoughtAndSoldSameStock"", ""g_class"": ""G7"", ""root_entity"": ""Person"", ""collection_name"": ""persons_update_aware"", ""design_pattern"": ""update_aware_reference_design"", ""embedded_entities"": [""SellTransaction""], ""referenced_entities"": [""Person"", ""FinancialServiceAccount"", ""BuyTransaction"", ""Transaction"", ""ListedSecurity""], ""materialized_entities"": [], ""rationale"": ""Prefer references for update-volatile entities to reduce write amplification and document maintenance cost.""}"
q9_persons_who_bought_and_sold_same_stock__g9__tradeoff_benchmark_candidate,Q9_PersonsWhoBoughtAndSoldSameStock,QG9,Associative retrieval + comparison,select,G9,Person,persons_tradeoff,tradeoff_benchmark_candidate,benchmark_tradeoff_alternative,secondary_affected,['SellTransaction'],"['FinancialServiceAccount', 'ListedSecurity', 'Transaction', 'Person', 'BuyTransaction']",[],1,5,0,1.0,0.8320000000000001,0.2958825,ok,strong_read_candidate_high_update_pressure,"Generate a benchmark-required trade-off candidate because the query has read-reduction potential together with update pressure, sharedness pressure, or mapping uncertainty.","{'candidate_id': 'q9_persons_who_bought_and_sold_same_stock__g9__tradeoff_benchmark_candidate', 'query_name': 'Q9_PersonsWhoBoughtAndSoldSameStock', 'g_class': 'G9', 'root_entity': 'Person', 'collection_name': 'persons_tradeoff', 'design_pattern': 'benchmark_tradeoff_alternative', 'embedded_entities': ['SellTransaction'], 'referenced_entities': ['FinancialServiceAccount', 'ListedSecurity', 'Transaction', 'Person', 'BuyTransaction'], 'materialized_entities': [], 'rationale': 'Generate a benchmark-required trade-off candidate because the query has read-reduction potential together with update pressure, sharedness pressure, or mapping uncertainty.'}","{""candidate_id"": ""q9_persons_who_bought_and_sold_same_stock__g9__tradeoff_benchmark_candidate"", ""query_name"": ""Q9_PersonsWhoBoughtAndSoldSameStock"", ""g_class"": ""G9"", ""root_entity"": ""Person"", ""collection_name"": ""persons_tradeoff"", ""design_pattern"": ""benchmark_tradeoff_alternative"", ""embedded_entities"": [""SellTransaction""], ""referenced_entities"": [""FinancialServiceAccount"", ""ListedSecurity"", ""Transaction"", ""Person"", ""BuyTransaction""], ""materialized_entities"": [], ""rationale"": ""Generate a benchmark-required trade-off candidate because the query has read-reduction potential together with update pressure, sharedness pressure, or mapping uncertainty.""}"
